elapsed,wall_time,frame_time,requested_command_pwm,command_pwm,measured_angle,measured_angle_raw,target_joint,pwm_biceps,pwm_triceps,pwm_deltoid
0.03113217700001769,1787213975.7657633,323.9669771194458,0.007362193262111606,0.0,88.22677238161971,88.36718516316829,elbow,0,0,0
0.046164886000042316,1787213975.7807446,324.0082063674927,0.016245787388391553,0.0,88.24329624911287,88.33986650234382,elbow,0,0,0
0.06170106800027497,1787213975.7962775,324.02326822280884,0.02912476396555377,0.0,88.26005304090269,88.35798457098488,elbow,0,0,0
0.07630411500031187,1787213975.8108714,324.0383884906769,0.044690989359591024,0.0,88.27675571931661,88.3743709952038,elbow,0,0,0
0.09091605000003256,1787213975.8254879,324.05298471450806,0.06365525280133094,0.0,88.29173614574461,88.37928608369097,elbow,0,0,0
0.10536914100021022,1787213975.8399236,324.0675570964813,0.08577778408045758,0.0,88.30694578975186,88.39583534142261,elbow,0,0,0
0.11976180999999997,1787213975.8543136,324.0819528102875,0.11116162510418952,0.0,88.32225094928816,88.41169872129261,elbow,0,0,0
0.13415716300005442,1787213975.8687117,324.09634375572205,0.13992569580857064,0.0,88.33763510404191,88.42754454690868,elbow,0,0,0
0.14887881499998912,1787213975.8834636,324.1108181476593,0.17286135470847416,0.0,88.35419851475304,88.45099986996868,elbow,0,0,0
0.1638426940003228,1787213975.8984468,324.12556862831116,0.2100149604278012,0.0,88.37117563797817,88.47039484859357,elbow,0,0,0
0.17969941499995912,1787213975.914301,324.141446352005,0.25346124003025866,0.0,88.38700882818108,88.47954256388076,elbow,0,0,0
0.19467986800009385,1787213975.9292831,324.1564841270447,0.2983882180345396,0.0,88.40228123846134,88.49153761435649,elbow,0,0,0
0.20948210699998526,1787213975.9440691,324.17143273353577,0.34651147191782544,0.0,88.41706221126248,88.50344648461716,elbow,0,0,0
0.22417377900001156,1787213975.9587564,324.1861574649811,0.39796655806295494,0.0,88.42875775256242,88.49710987324333,elbow,0,0,0
0.2389970910003285,1787213975.9735854,324.20092964172363,0.4536331295184632,0.0,88.433334813218,88.46008447740807,elbow,0,0,0
0.25389962200006266,1787213975.988494,324.2158055305481,0.5134172568129868,0.0,88.43234081685158,88.42653161504967,elbow,0,0,0
0.2688825010000073,1787213976.0034888,324.23060870170593,0.5774068502958501,0.0,88.42843132603437,88.4055831327541,elbow,0,0,0
0.28368760400007886,1787213976.018278,324.24564123153687,0.6444820655966044,0.0,88.42459651852717,88.40218479607684,elbow,0,0,0
0.2986112379999213,1787213976.033216,324.26041650772095,0.7159814457769144,0.0,88.42129414054679,88.40199409000107,elbow,0,0,0
0.31342848900021636,1787213976.048018,324.27536129951477,0.7908498930185838,1.0,88.41966611830499,88.41015148619958,elbow,1,0,0
0.3283465120002802,1787213976.0630002,324.29013204574585,0.8701484733021008,1.0,88.41829821543732,88.410303796069,elbow,1,0,0
0.34318553899993276,1787213976.0777755,324.30514311790466,0.9529452784053657,1.0,88.41637705597928,88.40514924533288,elbow,1,0,0
0.3583072930000526,1787213976.0929158,324.3199632167816,1.0413538645309495,1.0,88.41398955499292,88.40003630978944,elbow,1,0,0
0.3746265210002093,1787213976.109238,324.3358883857727,1.1413469512518482,1.0,88.4112857832624,88.39548416050044,elbow,1,0,0
0.39386009800000465,1787213976.128469,324.35571002960205,1.2653242901082966,1.0,88.40907744214834,88.39617125897466,elbow,1,0,0
0.40882860100009566,1787213976.1434364,324.37062549591064,1.3664083431444491,1.0,88.40936616988698,88.41105357816758,elbow,1,0,0
0.42358024400027716,1787213976.158172,324.3855528831482,1.469973980611199,1.0,88.41005074247089,88.41405158233542,elbow,1,0,0
0.4385869289999391,1787213976.1731858,324.4002776145935,1.5793550328208616,1.0,88.4142174382748,88.43856881177058,elbow,1,0,0
0.45343993699998464,1787213976.1880298,324.41537737846375,1.691616845713546,1.0,88.42178842465277,88.46603545532106,elbow,1,0,0
0.46825661399998353,1787213976.2028475,324.4301583766937,1.8075716842767597,1.0,88.43147714033658,88.48810079260535,elbow,1,-1,0
0.4829411680002522,1787213976.217518,324.4450044631958,1.9264026008407729,1.0,88.44176047913854,88.50185928061919,elbow,1,-1,0
0.4976008520002324,1787213976.232176,324.4596676826477,2.048913347768412,2.0,88.45114697628502,88.5060043761499,elbow,2,-1,0
0.512380568000026,1787213976.2470176,324.4742679595947,2.1763493464708334,2.0,88.45977566954333,88.5102042446546,elbow,2,-1,0
0.5273502919999373,1787213976.2619472,324.4891471862793,2.309432657989111,2.0,88.46940131182731,88.52565634493372,elbow,2,-1,0
0.5421709870001905,1787213976.2767568,324.50412702560425,2.4451583039282476,2.0,88.47951329806892,88.5386106657054,elbow,2,-1,0
0.5568163210000421,1787213976.2913914,324.51885056495667,2.583146544782151,2.0,88.49042031511745,88.55416407237074,elbow,2,-1,0
0.5713822140000957,1787213976.305955,324.53345465660095,2.724189770855838,2.0,88.50080489905463,88.56149540634216,elbow,2,-1,0
0.585934608000116,1787213976.3205056,324.5480144023895,2.8688775315576103,2.0,88.51147012924261,88.5738008142621,elbow,2,-1,0
0.6006424199999856,1787213976.3352199,324.5626435279846,3.0189298685757358,2.0,88.52000803877259,88.56990604755983,elbow,2,-1,0
0.6152458860001389,1787213976.3498194,324.5772879123688,3.1716996884648054,2.0,88.52937907612208,88.58414612446911,elbow,2,-1,0
0.6298031680003078,1787213976.3643754,324.5918791294098,3.327718361521444,3.0,88.53684893532764,88.58050494959788,elbow,3,-2,0
0.6444845740002165,1787213976.3790736,324.6064374446869,3.4888201620844463,3.0,88.54436615577544,88.5882989628218,elbow,3,-2,0
0.6592172740001843,1787213976.3938086,324.621160030365,3.654249832583614,3.0,88.55233659237828,88.59891812551012,elbow,3,-2,0
0.6739060499999141,1787213976.4084892,324.6359097957611,3.8229152568640448,3.0,88.56038642333196,88.60743195997681,elbow,3,-2,0
0.6889093089998823,1787213976.423512,324.6506838798523,3.999006454159526,3.0,88.56868338708145,88.61717323914955,elbow,3,-2,0
0.7039332160002232,1787213976.4385478,324.665696144104,4.1791708535499295,3.0,88.5763950276574,88.6214640820754,elbow,3,-2,0
0.7189823990001969,1787213976.4535747,324.6808784008026,4.363446393590638,3.0,88.58373724419937,88.62664727788417,elbow,3,-2,0
0.733782058000088,1787213976.468389,324.6956729888916,4.548346812779026,4.0,88.59194360722364,88.63990396249082,elbow,4,-2,0
0.7488858860001528,1787213976.4834948,324.71058773994446,4.740769918689788,4.0,88.6004706741324,88.65030531551022,elbow,4,-3,0
0.7637239690002389,1787213976.498314,324.7256455421448,4.93342710884272,4.0,88.6080757945249,88.652522314231,elbow,4,-3,0
0.7788067989999945,1787213976.5134256,324.74042868614197,5.132893155998115,4.0,88.61459745390502,88.65271191458348,elbow,4,-3,0
0.7939413480003168,1787213976.5285528,324.75563955307007,5.336673569452591,4.0,88.61997889549075,88.65142959411787,elbow,4,-3,0
0.8091332270000748,1787213976.5437517,324.7707803249359,5.544830293141475,5.0,88.62565356265009,88.65881795620417,elbow,5,-3,0
0.8241073220001454,1787213976.5587168,324.7859425544739,5.753482215957598,5.0,88.63211989230095,88.66991099006407,elbow,5,-3,0
0.8391459500003293,1787213976.5737305,324.8009912967682,5.966452369385003,5.0,88.63754340610312,88.66923998691233,elbow,5,-4,0
0.8537857280002754,1787213976.5883634,324.8158440589905,6.1770079886364995,5.0,88.64314075091703,88.675853250356,elbow,5,-4,0
0.8683713989998978,1787213976.6029673,324.8304419517517,6.389899450799395,5.0,88.64893991150934,88.68283188063576,elbow,5,-4,0
0.8829156450001392,1787213976.617484,324.8450286388397,6.605220968117965,6.0,88.65664042871018,88.7016444749119,elbow,6,-4,0
0.8974236889998792,1787213976.6319916,324.8595461845398,6.822963043731674,6.0,88.66619402325755,88.72202798858606,elbow,6,-4,0
0.9119376220000959,1787213976.6465046,324.8740425109863,7.043682997318964,6.0,88.67670708361354,88.73814844419273,elbow,6,-4,0
0.9264090390001911,1787213976.6609719,324.8885519504547,7.2665663038966875,6.0,88.68764244095125,88.7515518270385,elbow,6,-4,0
0.9412114760002623,1787213976.6758153,324.90309834480286,7.497377589607304,6.0,88.69798126505799,88.75840433868233,elbow,6,-5,0
0.9561508310002864,1787213976.6907547,324.9179599285126,7.733146692798304,7.0,88.70646172795938,88.75602400206029,elbow,7,-5,0
0.970978063000075,1787213976.7055693,324.9329433441162,7.969868472885543,7.0,88.71062710598996,88.73497077803782,elbow,7,-5,0
0.9856732830003239,1787213976.720261,324.9476556777954,8.207075114969436,7.0,88.71013221799967,88.70723994967555,elbow,7,-5,0
1.000548512000023,1787213976.7351377,324.96246433258057,8.445096188027815,7.0,88.70456319994395,88.6720162502597,elbow,7,-5,0
1.015240936000282,1787213976.7498288,324.9772183895111,8.561337223275245,7.0,88.69792571473121,88.65913433443991,elbow,7,-5,0
1.029925657000149,1787213976.7645152,324.99191308021545,8.676448040627223,8.0,88.69418491073147,88.67232257192411,elbow,8,-6,0
1.044660856000064,1787213976.7792535,325.006618976593,8.790834514591364,8.0,88.6929682017562,88.68585740315544,elbow,8,-6,0
1.0594402380002066,1787213976.7940407,325.02133774757385,8.904390651778986,8.0,88.6924331191789,88.68930594208126,elbow,8,-6,0
1.0741647899999407,1787213976.808759,325.03615498542786,9.01631038031332,8.0,88.69039152178496,88.67845983706222,elbow,8,-6,0
1.0889607829999477,1787213976.823558,325.0508770942688,9.127504115088541,8.0,88.68794275611909,88.67363146243714,elbow,8,-6,0
1.1038886020000973,1787213976.8384805,325.0658736228943,9.238350800641065,8.0,88.68553108890416,88.67143660928242,elbow,8,-6,0
1.1187409429999207,1787213976.8533494,325.0805630683899,9.347254551258212,9.0,88.6825721367812,88.66527916611743,elbow,9,-6,0
1.1335433799999919,1787213976.8681397,325.09549379348755,9.454371380957193,9.0,88.67906071507413,88.65853895262394,elbow,9,-6,0
1.1482576170001266,1787213976.8828387,325.11030173301697,9.559395428707882,9.0,88.67767763511326,88.66959451642963,elbow,9,-7,0
1.162898081000094,1787213976.8974802,325.12495374679565,9.662405467388924,9.0,88.67737606250405,88.6756135850907,elbow,9,-7,0
1.1794290759999058,1787213976.9140296,325.1412618160248,9.776873390473089,9.0,88.67636755118598,88.67047351981508,elbow,9,-7,0
1.1941545720001159,1787213976.9287395,325.1561677455902,9.877138003667284,9.0,88.67820213569365,88.68892397732986,elbow,9,-7,0
1.2090224870003112,1787213976.9436188,325.1708469390869,9.976693593249248,9.0,88.68142364502711,88.70025107584785,elbow,9,-7,0
1.2238612370001647,1787213976.9584558,325.1857624053955,10.074321147796823,9.0,88.68581384207197,88.71147142136024,elbow,9,-7,0
1.2385850660002689,1787213976.9731693,325.2005875110626,10.169431140579439,10.0,88.68795540412552,88.70047131118581,elbow,10,-7,0
1.2536141020000287,1787213976.9882152,325.21547055244446,10.264650815471043,10.0,88.68742450760831,88.68432179505469,elbow,10,-7,0
1.2684770730002128,1787213977.0030715,325.2303774356842,10.356916307134117,10.0,88.68712394745447,88.68536738712253,elbow,10,-7,0
1.2832762990001356,1787213977.017873,325.2451858520508,10.446854943372927,10.0,88.68609805836256,88.68010246626325,elbow,10,-7,0
1.2981147089999467,1787213977.0327113,325.2600290775299,10.535045208141394,10.0,88.6870264479355,88.692452224691,elbow,10,-7,0
1.3129621920002137,1787213977.0475576,325.2748453617096,10.621246359022582,10.0,88.69115252238285,88.71526649294066,elbow,10,-8,0
1.3276259799999934,1787213977.0622056,325.28967332839966,10.70432403309236,10.0,88.69858900764883,88.74204997497876,elbow,10,-8,0
1.3422664560002886,1787213977.076853,325.3042914867401,10.785179810140592,10.0,88.70476428135727,88.7408543641446,elbow,10,-8,0
1.3568934869999794,1787213977.0914698,325.3189299106598,10.86382583376239,10.0,88.7073990783059,88.72279759252457,elbow,10,-8,0
1.3714845760000571,1787213977.106061,325.333535194397,10.94010198484111,11.0,88.70547931369987,88.69425965497138,elbow,11,-8,0
1.3860725170002297,1787213977.120651,325.3481295108795,11.014138598687023,11.0,88.70033661273787,88.67028118325703,elbow,11,-8,0
1.4008472440000332,1787213977.1354337,325.3628189563751,11.08680651369027,11.0,88.69244706089117,88.64633824163138,elbow,11,-8,0
1.415616472000238,1787213977.1502082,325.37753343582153,11.157065846843953,11.0,88.68552330365499,88.64505886699177,elbow,11,-8,0
1.4305388030002177,1787213977.1651368,325.39236545562744,11.225582717159,11.0,88.67910441242589,88.64159055849836,elbow,11,-8,0
1.4452376090002872,1787213977.179819,325.4072697162628,11.290593782642778,11.0,88.67462954113074,88.64847710107229,elbow,11,-8,0
1.4598939160000555,1787213977.1944776,325.4218907356262,11.352916170683537,11.0,88.67051367887294,88.64645939129986,elbow,11,-8,0
1.474513152000327,1787213977.2090905,325.4365701675415,11.41254344539098,11.0,88.66891361412402,88.6595623736803,elbow,11,-8,0
1.4890882970003076,1787213977.2236633,325.4511544704437,11.469418816311604,11.0,88.66810246135246,88.66336185031872,elbow,11,-8,0
1.5037447340000654,1787213977.2383208,325.46579337120056,11.523972295409685,11.0,88.66926787801562,88.67607890953275,elbow,11,-8,0
1.5183985050002775,1787213977.252975,325.4804422855377,11.575820789116673,11.0,88.67225513366077,88.68971351828155,elbow,11,-8,0
1.5329694840002048,1787213977.2675476,325.49504137039185,11.624655670715802,11.0,88.67542332270504,88.69393913435847,elbow,11,-9,0
1.547607902999971,1787213977.2821863,325.50962233543396,11.670936202084492,11.0,88.67768719305401,88.69091790511176,elbow,11,-9,0
1.5623127270000623,1787213977.2969027,325.5242819786072,11.714572165288843,12.0,88.67794023662732,88.67941909634116,elbow,12,-9,0
1.5771700989998862,1787213977.3117757,325.53900599479675,11.75570560289254,12.0,88.6787764283357,88.6836633741467,elbow,12,-9,0
1.5920549130000836,1787213977.3266635,325.553915977478,11.793886497044708,12.0,88.67936881448007,88.6828308901713,elbow,12,-9,0
1.6068609720000495,1787213977.3414547,325.5687801837921,11.828808925925124,12.0,88.6817297423267,88.69552768642804,elbow,12,-9,0
1.6217029190001995,1787213977.3563087,325.5835552215576,11.860707854051878,12.0,88.68465536114685,88.70175352236342,elbow,12,-9,0
1.6364983670000584,1787213977.3710933,325.5984320640564,11.889361604908224,12.0,88.68965592236889,88.71888064616368,elbow,12,-9,0
1.6514433830002417,1787213977.386042,325.6132252216339,11.915068743784465,12.0,88.69628231283167,88.73500885220045,elbow,12,-9,0
1.6661899820001054,1787213977.4007792,325.62817883491516,11.937199727743263,12.0,88.7029795667958,88.74212025292978,elbow,12,-9,0
1.6820678200001566,1787213977.416669,325.64316415786743,11.957383473751086,12.0,88.71062841989642,88.75533052617749,elbow,12,-9,0
1.696892804000072,1787213977.4314878,325.65881085395813,11.972768560232932,12.0,88.71784790610336,88.76004066826934,elbow,12,-9,0
1.7115279459999329,1787213977.4461079,325.67358469963074,11.984633969602312,12.0,88.72368460869465,88.75779598410415,elbow,12,-9,0
1.7261684400000377,1787213977.4607565,325.68817710876465,11.99315790708828,12.0,88.72202218577152,88.71230650615051,elbow,12,-9,0
1.7410354960002223,1787213977.475634,325.7028684616089,11.998346218341222,12.0,88.7144001125671,88.66985451573275,elbow,12,-9,0
1.7558505360002528,1787213977.49045,325.71777296066284,11.999998031774691,12.0,88.70217876465384,88.6307536782873,elbow,12,-9,0
1.770620431000225,1787213977.505214,325.73255825042725,11.998107157841398,12.0,88.68953781305164,88.61566044155798,elbow,12,-9,0
1.785328421000031,1787213977.5199199,325.7473063468933,11.9926739664042,12.0,88.67830889262747,88.61268383909075,elbow,12,-9,0
1.8001420730001882,1787213977.5347345,325.7620723247528,11.983581101944173,12.0,88.67018050380696,88.62267585230325,elbow,12,-9,0
1.8150616259999879,1787213977.5496676,325.77690625190735,11.970711271496121,12.0,88.66614593594716,88.6425667563114,elbow,12,-9,0
1.829798485000083,1787213977.564385,325.7917823791504,11.954304259781608,12.0,88.66524397608373,88.65997266218267,elbow,12,-9,0
1.8447050390000186,1787213977.579314,325.806485414505,11.933935474279084,12.0,88.6675887354058,88.68129218598067,elbow,12,-9,0
1.859549410999989,1787213977.5941486,325.8214421272278,11.909844952359274,12.0,88.67310068102417,88.70531408290366,elbow,12,-9,0
1.8742827149999357,1787213977.6088738,325.83626651763916,11.882144107268985,12.0,88.67900202158982,88.71349115998697,elbow,12,-9,0
1.8889711880001414,1787213977.6235623,325.8509602546692,11.850735692934254,12.0,88.68703654530863,88.73399262205255,elbow,12,-9,0
1.9037825620002877,1787213977.6383748,325.86576080322266,11.815198886743628,12.0,88.69344192714273,88.7308768282648,elbow,12,-9,0
1.9184883850002734,1787213977.6530776,325.8804647922516,11.776044638726402,12.0,88.69735268968928,88.72020831532309,elbow,12,-9,0
1.9332307630002106,1787213977.6678257,325.8951644897461,11.732892682950062,12.0,88.70109793674533,88.72298624205668,elbow,12,-9,0
1.9480206560001534,1787213977.6826165,325.9099590778351,11.685649565233033,12.0,88.70555210076832,88.73158352154857,elbow,12,-9,0
1.9628932119999263,1787213977.6974852,325.9248628616333,11.634123768151461,12.0,88.711816628074,88.74842833465739,elbow,12,-9,0
1.9775644999999713,1787213977.7121522,325.9395682811737,11.579321859340192,12.0,88.71912506789153,88.7618377006449,elbow,12,-9,0
1.9922364740000376,1787213977.726827,325.95423007011414,11.520547454736192,12.0,88.72568869679608,88.76404843949496,elbow,12,-9,0
2.0069587410002896,1787213977.741547,325.96894001960754,11.457559247602273,12.0,88.73114051925339,88.76300254401791,elbow,12,-9,0
2.0217681150002136,1787213977.7563734,325.9836356639862,11.390122800663487,12.0,88.73659250041261,88.76845545267697,elbow,12,-9,0
2.036594544000309,1787213977.771202,325.9984836578369,11.318494875348026,12.0,88.74121112080914,88.76820367212652,elbow,12,-9,0
2.05184291400019,1787213977.7864528,326.0136651992798,11.240516471044035,12.0,88.74539085707995,88.76981844283002,elbow,12,-9,0
2.066823946000113,1787213977.8014345,326.02860021591187,11.159630473770976,11.0,88.7500280101149,88.77712887152288,elbow,11,-9,0
2.0816360419999,1787213977.816231,326.0435862541199,11.075476798125823,11.0,88.75605477703564,88.79127694327124,elbow,11,-9,0
2.096604981999917,1787213977.8312166,326.05835700035095,10.986197211225134,11.0,88.76117666414802,88.7911104514813,elbow,11,-9,0
2.1115240170001925,1787213977.846132,326.0733733177185,10.892968864247814,11.0,88.76444034450923,88.7835142349938,elbow,11,-9,0
2.1263445200002025,1787213977.8609364,326.0882909297943,10.796150302137491,11.0,88.76601917926165,88.77524634547528,elbow,11,-8,0
2.1410597130002316,1787213977.87565,326.1030306816101,10.695865836162374,11.0,88.76614447629557,88.76687674834383,elbow,11,-8,0
2.155868106000071,1787213977.8904488,326.1178855895996,10.59076324561839,11.0,88.76592640600614,88.76465194026252,elbow,11,-8,0
2.170439731999977,1787213977.905015,326.1325249671936,10.483242595844688,11.0,88.76518218134694,88.76083271752864,elbow,11,-8,0
2.1852141080003094,1787213977.9198096,326.1471028327942,10.37007469677974,11.0,88.76360164875595,88.7543645598834,elbow,11,-8,0
2.2002763030000096,1787213977.9348757,326.1619668006897,10.250401007483749,11.0,88.76215646572867,88.75371039879134,elbow,11,-8,0
2.2151976150003065,1787213977.9497893,326.1771366596222,10.127568603740507,11.0,88.76057513140765,88.75133335699337,elbow,11,-8,0
2.230180313999881,1787213977.964778,326.1920826435089,9.999952722059113,10.0,88.75884010836904,88.74870013270846,elbow,10,-8,0
2.2449276540000938,1787213977.9795167,326.2069067955017,9.8701632987184,10.0,88.75829292261102,88.75509501103014,elbow,10,-8,0
2.2596380509999108,1787213977.994228,326.2216114997864,9.736579735179491,10.0,88.75887686307642,88.76228957978087,elbow,10,-8,0
2.2742830679999315,1787213978.008865,326.23632740974426,9.599515542087891,10.0,88.76177525290093,88.77871428000402,elbow,10,-8,0
2.288947553000071,1787213978.0235288,326.25097942352295,9.458210370539888,10.0,88.76613095142909,88.79158691142369,elbow,10,-8,0
2.3036213720001797,1787213978.0381973,326.2657024860382,9.312766796922919,10.0,88.77352279066652,88.81672283371316,elbow,10,-7,0
2.3181781590001265,1787213978.052753,326.28025674819946,9.164500724676547,10.0,88.78053679048516,88.8215286308596,elbow,10,-7,0
2.332975544999954,1787213978.0675702,326.2948327064514,9.009740394350057,10.0,88.78509798529026,88.81175492486851,elbow,10,-7,0
2.348220816000321,1787213978.082815,326.3098063468933,8.84605785988989,10.0,88.78739116826597,88.80079319177898,elbow,10,-7,0
2.3630816800000503,1787213978.0976715,326.32503390312195,8.68239074338013,9.0,88.78802405755637,88.79172284532905,elbow,9,-7,0
2.377719019000324,1787213978.112297,326.33976888656616,8.517246647741523,9.0,88.78843475191152,88.79083496831934,elbow,9,-7,0
2.3923329879999073,1787213978.126938,326.35436058044434,8.34849794079336,9.0,88.78930485722022,88.79439000390468,elbow,9,-7,0
2.407042620000084,1787213978.1416194,326.36908078193665,8.174775309500156,9.0,88.7899589745588,88.79378182517513,elbow,9,-7,0
2.4216043700002956,1787213978.156177,326.38368821144104,7.999011571965246,9.0,88.79297308373805,88.81058840816658,elbow,9,-7,0
2.4362011550001625,1787213978.1707826,326.39823365211487,7.81908127572506,9.0,88.79955724137572,88.83803695991897,elbow,9,-6,0
2.4509166010002446,1787213978.1854928,326.4129846096039,7.6339357817988605,9.0,88.80836666729724,88.85985149628247,elbow,9,-6,0
2.465634417000274,1787213978.2002323,326.4275622367859,7.445036323546873,8.0,88.81644938426867,88.8636871162977,elbow,8,-6,0
2.4805669810002655,1787213978.215173,326.4423635005951,7.249622792767967,8.0,88.8251973233691,88.87632280561631,elbow,8,-6,0
2.4954637330001788,1787213978.2300725,326.4573140144348,7.05095815815071,8.0,88.83578172457746,88.89764002169905,elbow,8,-6,0
2.510212102999958,1787213978.2448037,326.4721884727478,6.850666073304546,8.0,88.8449442558584,88.8984927345304,elbow,8,-6,0
2.5251009470002828,1787213978.2597091,326.4868977069855,6.644883543350657,8.0,88.85005695838468,88.87993706834457,elbow,8,-6,0
2.5402789810000286,1787213978.2748728,326.50221705436707,6.431461025234643,7.0,88.85073676245584,88.85470973375482,elbow,7,-5,0
2.5550249440002517,1787213978.2896156,326.51700496673584,6.220654542480542,7.0,88.84927108422286,88.84070523738517,elbow,7,-5,0
2.5696425609999096,1787213978.3042183,326.53170108795166,6.008381545283335,7.0,88.84831659048703,88.84273825346547,elbow,7,-5,0
2.5842022000001634,1787213978.3187761,326.5462818145752,5.793748074937442,7.0,88.84936738138943,88.85550850686015,elbow,7,-5,0
2.5995449659999394,1787213978.334147,326.5608904361725,5.564185578255621,7.0,88.85289573605371,88.87351645959556,elbow,7,-5,0
2.614400256999943,1787213978.3489904,326.57632422447205,5.338683340933171,6.0,88.85512525649919,88.86815521780167,elbow,6,-5,0
2.629469221999898,1787213978.3640623,326.5911056995392,5.106767436286084,6.0,88.85496030713304,88.85399629540477,elbow,6,-4,0
2.645525027000076,1787213978.3801293,326.60691595077515,4.85624426286056,6.0,88.85010651222422,88.82173953314559,elbow,6,-4,0
2.6639151770000353,1787213978.3985112,326.62584233283997,4.565096048792775,6.0,88.83847416297172,88.77049135486399,elbow,6,-4,0
2.6787248220002766,1787213978.4133189,326.64066648483276,4.327478901176408,6.0,88.8250999651174,88.74693729078668,elbow,6,-4,0
2.6933572530001584,1787213978.4279315,326.65541553497314,4.090035025334131,5.0,88.81493355306364,88.75551810526439,elbow,5,-4,0
2.707998869000221,1787213978.44258,326.6700077056885,3.849874705966479,5.0,88.8120150571101,88.7949585239829,elbow,5,-4,0
2.722630022999965,1787213978.4572058,326.6846661567688,3.6074119765243964,5.0,88.81621867248649,88.84078581462502,elbow,5,-3,0
2.73740346600016,1787213978.4719949,326.6992871761322,3.360177781645749,5.0,88.82583771258614,88.88205416062087,elbow,5,-3,0
2.75222794299998,1787213978.4868207,326.7141435146332,3.1097517867644076,4.0,88.84136155027339,88.93208734053978,elbow,4,-3,0
2.7670715490003204,1787213978.5016637,326.72900199890137,2.8567600482064175,4.0,88.8623194707732,88.98480361019749,elbow,4,-3,0
2.782128367000041,1787213978.5167372,326.74377727508545,2.5979513589712924,4.0,88.88691364092605,89.03064907336334,elbow,4,-3,0
2.797015675000239,1787213978.531662,326.75888776779175,2.3400063551896744,4.0,88.91253043389919,89.06224236940132,elbow,4,-2,0
2.8121852270001,1787213978.5467944,326.7739782333374,2.0751922719581803,3.0,88.93627914290695,89.07507345626831,elbow,3,-2,0
2.827040555000167,1787213978.5616324,326.78899121284485,1.8140455823300115,3.0,88.95633386079135,89.07353942331316,elbow,3,-2,0
2.8418635140001243,1787213978.5764685,326.80373454093933,1.551793558423474,3.0,88.97164087099223,89.06109945881494,elbow,3,-2,0
2.8566919350000717,1787213978.5912914,326.8185889720917,1.287891943606759,3.0,88.98236398084023,89.04503293130679,elbow,3,-2,0
2.8714228250000815,1787213978.6060047,326.8334093093872,1.0243097881674355,2.0,88.98882353071048,89.02657500547785,elbow,2,-1,0
2.8860344240001723,1787213978.6206114,326.8480932712555,0.7615893552360002,2.0,88.99097395412961,89.00354164956936,elbow,2,-1,0
2.900716131000081,1787213978.6352901,326.86276149749756,0.49645586313666235,2.0,88.98983613636516,88.98318640078179,elbow,2,-1,0
2.9152706029999536,1787213978.6498423,326.8773534297943,0.23260463862866615,2.0,88.98560591617382,88.96088328781406,elbow,2,-1,0
2.9297927810002875,1787213978.6643631,326.89189529418945,-0.03154282114108046,1.0,88.97805014674648,88.93389204833188,elbow,1,-1,0
2.9443715299998985,1787213978.6789842,326.9064254760742,-0.2974765315886001,1.0,88.9676281127482,88.90671873648914,elbow,1,0,0
2.959146936000252,1787213978.6937373,326.921053647995,-0.5676372146914961,1.0,88.9549526083745,88.8808733005063,elbow,1,0,0
2.9738294210001186,1787213978.7084193,326.93582677841187,-0.8365999789118143,1.0,88.93995562067477,88.85230889387407,elbow,1,0,0
2.988579252999898,1787213978.723169,326.9504973888397,-1.1071592593141757,1.0,88.92211074427384,88.81782013351788,elbow,1,0,0
3.0036500149999483,1787213978.7382598,326.9653854370117,-1.3838326630208102,1.0,88.90533024807284,88.80726018256657,elbow,1,0,0
3.019007132000297,1787213978.7536108,326.98041820526123,-1.6658403334248324,0.0,88.88850862124234,88.79019817645992,elbow,0,0,0
3.033799296000325,1787213978.7683911,326.995765209198,-1.9373932400954237,0.0,88.87200347065621,88.7755426044348,elbow,0,0,0
3.048703788000239,1787213978.7832944,327.01059460639954,-2.2107739930091883,0.0,88.85688110198917,88.76850161260917,elbow,0,0,0
3.0635301170000275,1787213978.798122,327.0254168510437,-2.4823336848836437,0.0,88.84269691159,88.75980040692531,elbow,0,0,0
3.0782593960002487,1787213978.812842,327.0402491092682,-2.751579375569093,0.0,88.8289461586066,88.74858278736356,elbow,0,0,0
3.093001969999932,1787213978.8275933,327.05493688583374,-3.020377903334856,0.0,88.81638986598652,88.74300726603131,elbow,0,0,0
3.107994086999952,1787213978.8425858,327.06971859931946,-3.2928569723821397,0.0,88.8068365023307,88.75100388639903,elbow,0,0,0
3.126390514999912,1787213978.8609927,327.0883033275604,-3.6257678854980266,-1.0,88.79930845471915,88.75531237060125,elbow,0,1,0
3.1412053439999,1787213978.8757977,327.1031401157379,-3.8925131424597694,-1.0,88.79485812541016,88.7688491158058,elbow,-1,1,0
3.1558871440001894,1787213978.8904674,327.1179168224335,-4.155499846868602,-2.0,88.79019112842597,88.7629158503606,elbow,-1,2,0
3.1706259030002,1787213978.9052114,327.1326093673706,-4.417979408119072,-2.0,88.78500326811056,88.75468391432763,elbow,-1,2,0
3.1854517510000733,1787213978.9200478,327.1473445892334,-4.680300562568479,-3.0,88.77622077030588,88.72489331701152,elbow,-2,3,0
3.2001501980003013,1787213978.934731,327.1621820926666,-4.938510231934923,-3.0,88.76566260337043,88.70395762691541,elbow,-2,3,0
3.2148262750001777,1787213978.9494078,327.1768434047699,-5.194317164434283,-3.0,88.75337361388874,88.68155321066354,elbow,-2,3,0
3.22947989100021,1787213978.964065,327.19148802757263,-5.4475645111538675,-3.0,88.74445071185157,88.69230269567797,elbow,-2,3,0
3.244303924000178,1787213978.978945,327.20616483688354,-5.701384148454384,-4.0,88.73839849154828,88.70302756839489,elbow,-3,4,0
3.2590785699999287,1787213978.9936638,327.2210772037506,-5.951813701270439,-4.0,88.73679078582934,88.7273948893503,elbow,-3,4,0
3.2739736399998947,1787213979.0085838,327.2357966899872,-6.2015399370535516,-4.0,88.73884277464664,88.75083518984826,elbow,-3,4,0
3.2888598849999653,1787213979.023455,327.25074648857117,-6.448190589796134,-5.0,88.74330746401378,88.7694003979447,elbow,-3,5,0
3.3037420380001095,1787213979.0383365,327.2656970024109,-6.691672764782197,-5.0,88.74898448120622,88.78216260903241,elbow,-4,5,0
3.318447699999979,1787213979.053038,327.2804346084595,-6.9290505789954695,-5.0,88.75606950694628,88.79747644331563,elbow,-4,5,0
3.333127159000014,1787213979.0677161,327.29512548446655,-7.162646919554784,-6.0,88.76373593444521,88.80854075058497,elbow,-4,6,0
3.3478246720001152,1787213979.0824118,327.30981063842773,-7.393000005852641,-6.0,88.767093880418,88.78671868635784,elbow,-4,6,0
3.3626912700001412,1787213979.0972993,327.3245122432709,-7.622236859067698,-6.0,88.76305959632937,88.73948207513425,elbow,-4,6,0
3.377484242000264,1787213979.1120765,327.33944487571716,-7.846406438677301,-6.0,88.75149497925484,88.68390801755422,elbow,-5,6,0
3.3923638579999533,1787213979.127013,327.35418462753296,-8.067758604467839,-7.0,88.73654268777322,88.64915717857802,elbow,-5,7,0
3.407537367000259,1787213979.142145,327.36935687065125,-8.289036783192083,-7.0,88.72247846910423,88.64028311387507,elbow,-5,7,0
3.4223491709999507,1787213979.1569407,327.38429498672485,-8.500535247523716,-7.0,88.71107793583923,88.644449927304,elbow,-5,7,0
3.437319153000317,1787213979.1719296,327.39913749694824,-8.709595405922446,-8.0,88.70338526424003,88.65842706999976,elbow,-6,8,0
3.4521111439999004,1787213979.1867058,327.41407537460327,-8.911361692434237,-8.0,88.69705137971388,88.66003432950588,elbow,-6,8,0
3.4668958199999906,1787213979.2014925,327.4288384914398,-9.10808453687647,-8.0,88.69186385950177,88.66154649338075,elbow,-6,8,0
3.481569020000279,1787213979.2161527,327.44361877441406,-9.298273929630696,-8.0,88.68912656101982,88.673128998241,elbow,-6,8,0
3.4962546639999346,1787213979.2308488,327.45823526382446,-9.48342587963104,-8.0,88.68997362753927,88.69492412888653,elbow,-6,8,0
3.510917420000169,1787213979.2454998,327.4729733467102,-9.662941491625572,-9.0,88.69331601618882,88.71284990063909,elbow,-6,9,0
3.5256930969999303,1787213979.2602901,327.48760509490967,-9.838274743469528,-9.0,88.69903923089316,88.73248735031936,elbow,-6,9,0
3.5405556949999664,1787213979.2751553,327.50242948532104,-10.008843723686624,-9.0,88.70575442431885,88.74499995384647,elbow,-7,9,0
3.5553489439998884,1787213979.2899458,327.5172760486603,-10.172686875135504,-9.0,88.71163810906141,88.74602406172988,elbow,-7,9,0
3.570173970000269,1787213979.3047726,327.53207755088806,-10.330790872273976,-9.0,88.71781306363984,88.7539012813392,elbow,-7,9,0
3.584955684000306,1787213979.3195455,327.5468988418579,-10.482209274896945,-9.0,88.7243551052112,88.76258868530104,elbow,-7,9,0
3.5995949230000406,1787213979.3341765,327.5616557598114,-10.625895894999815,-10.0,88.73263882062336,88.78105124558245,elbow,-7,10,0
3.614171813000212,1787213979.3487532,327.57624650001526,-10.76262619595283,-10.0,88.73910112760375,88.77686871571889,elbow,-7,10,0
3.6287921640000604,1787213979.3633716,327.5908212661743,-10.893265721710218,-10.0,88.74432391515646,88.77484739380006,elbow,-8,10,0
3.6434763820002445,1787213979.3780718,327.60543990135193,-11.017787497363527,-10.0,88.7484769377237,88.77274840087593,elbow,-8,10,0
3.6581473780001943,1787213979.392738,327.6201672554016,-11.135368274466765,-10.0,88.75119760334489,88.76709795888236,elbow,-8,10,0
3.6729894590002914,1787213979.4075878,327.6348445415497,-11.24723998564283,-10.0,88.75369764455591,88.76830860733062,elbow,-8,10,0
3.68787090800015,1787213979.4224691,327.6497149467468,-11.352125898220775,-10.0,88.75475915898905,88.76096295587006,elbow,-8,10,0
3.703855525000108,1787213979.4384418,327.6658990383148,-11.45651575497493,-11.0,88.75542525377666,88.75931810406388,elbow,-8,11,0
3.7184461360002388,1787213979.4530256,327.6805109977722,-11.544193898793393,-11.0,88.75592614835428,88.75885352090924,elbow,-8,11,0
3.733058395000171,1787213979.467638,327.6950922012329,-11.62460618114674,-11.0,88.75654902959177,88.76018932741323,elbow,-8,11,0
3.747764370999903,1787213979.4823594,327.7097191810608,-11.697949052775435,-11.0,88.75621105437926,88.75423582964018,elbow,-8,11,0
3.7624269980001372,1787213979.497009,327.7244510650635,-11.76339180806531,-11.0,88.75317226183694,88.73541268070676,elbow,-9,11,0
3.7770197760000883,1787213979.511599,327.73908281326294,-11.820802170744296,-11.0,88.7480364358895,88.7180211859791,elbow,-9,11,0
3.7915879440001845,1787213979.5261679,327.7536611557007,-11.870335497369936,-11.0,88.739643452777,88.69059243582392,elbow,-9,11,0
3.8061330579998867,1787213979.5407119,327.7682259082794,-11.911942925435422,-12.0,88.73071098862674,88.67850708870296,elbow,-9,12,0
3.82071304100009,1787213979.5552914,327.78277373313904,-11.94569280538597,-12.0,88.72136550307839,88.66674778683588,elbow,-9,12,0
3.8354285909999817,1787213979.5700278,327.79734349250793,-11.971593820064818,-12.0,88.71326468086563,88.66592113657805,elbow,-9,12,0
3.8501282890001676,1787213979.584712,327.8121671676636,-11.989199991399794,-12.0,88.70310424303949,88.6437237103516,elbow,-9,12,0
3.8650233490002393,1787213979.599626,327.82679080963135,-11.998535889090558,-12.0,88.69374244181819,88.63902937207143,elbow,-9,12,0
3.8803189260002,1787213979.6149898,327.8417429924011,-11.999139163582498,-12.0,88.68282260074226,88.61900389616954,elbow,-9,12,0
3.895174838999992,1787213979.629772,327.85714054107666,-11.990944225346468,-12.0,88.67253831420832,88.61243397390831,elbow,-9,12,0
3.91010660000029,1787213979.6447148,327.87189173698425,-11.973928175047146,-12.0,88.66473050696952,88.61909942680364,elbow,-9,12,0
3.9249136270000236,1787213979.6595068,327.8868556022644,-11.948310102296393,-12.0,88.66001472406582,88.63245432699887,elbow,-9,12,0
3.9400235100001737,1787213979.6746442,327.90162563323975,-11.913143999899603,-12.0,88.65679969541405,88.63801013956854,elbow,-9,12,0
3.955032636999931,1787213979.689641,327.9169147014618,-11.869147109094229,-12.0,88.65323225481731,88.6323831017993,elbow,-9,12,0
3.969774334000249,1787213979.7043712,327.93174839019775,-11.81710637964026,-12.0,88.64990081909872,88.6304309467398,elbow,-9,12,0
3.9845871200000147,1787213979.7191913,327.94645953178406,-11.755977132169441,-12.0,88.64800161682089,88.63690213027618,elbow,-9,12,0
3.9995089369999732,1787213979.7341506,327.96135234832764,-11.685422010518488,-12.0,88.64743176757786,88.6441014040461,elbow,-9,12,0
4.014630485999987,1787213979.7492537,327.97629618644714,-11.60471966872715,-12.0,88.64906388006735,88.65860241676141,elbow,-9,12,0
4.029567303000022,1787213979.7641792,327.99140977859497,-11.515903569745289,-12.0,88.65391868353088,88.68229155689446,elbow,-9,12,0
4.04446402900021,1787213979.779077,328.00630617141724,-11.418321359719933,-12.0,88.65939655237366,88.6914107997363,elbow,-9,12,0
4.059328552999887,1787213979.7939348,328.0212025642395,-11.311997217200455,-12.0,88.66563382903115,88.70208627495727,elbow,-9,12,0
4.0741419129999485,1787213979.8087337,328.03612089157104,-11.197159833832648,-12.0,88.67284100479594,88.71496182118314,elbow,-9,12,0
4.088858925000295,1787213979.8234441,328.0508472919464,-11.074316857692164,-11.0,88.68217175222364,88.73670333463313,elbow,-9,11,0
4.103531311000097,1787213979.838113,328.06558418273926,-10.943194361001334,-11.0,88.69276575364846,88.75468015720725,elbow,-9,11,0
4.118384965000132,1787213979.8529818,328.0801992416382,-10.801692907366272,-11.0,88.70640683239164,88.78612923570414,elbow,-9,11,0
4.133087571000033,1787213979.8676713,328.09511137008667,-10.652999512335562,-11.0,88.71897741682811,88.79244354228531,elbow,-9,11,0
4.148154233000241,1787213979.8827555,328.1099135875702,-10.491774035180606,-11.0,88.72564905877967,88.76464006091614,elbow,-8,11,0
4.162921558000107,1787213979.8975058,328.1249418258667,-10.325123500312626,-11.0,88.72543736180737,88.72420014356945,elbow,-8,11,0
4.1778480050002145,1787213979.9124618,328.13957691192627,-10.148071117566623,-11.0,88.72097335933431,88.69488443981079,elbow,-8,11,0
4.192694085000312,1787213979.9272923,328.1546046733856,-9.963471278999377,-11.0,88.71722245930425,88.69530111638032,elbow,-8,11,0
4.207493927000087,1787213979.9420905,328.16938757896423,-9.771097618545397,-11.0,88.71572962677656,88.7070050823992,elbow,-8,11,0
4.222218736000286,1787213979.9568121,328.1841948032379,-9.571523243965062,-10.0,88.71583871606884,88.71647626539472,elbow,-8,10,0
4.23698296900011,1787213979.9715807,328.1989035606384,-9.363331092158461,-10.0,88.7180730748196,88.73113131257526,elbow,-8,10,0
4.2518538630001785,1787213979.9864476,328.2138202190399,-9.145567098302514,-10.0,88.72244045991484,88.74796471958213,elbow,-8,10,0
4.26664724200009,1787213980.0012474,328.22854685783386,-8.921026958379365,-10.0,88.72851710885337,88.76403080000544,elbow,-7,10,0
4.281504684000083,1787213980.0161037,328.24338698387146,-8.687704084930909,-10.0,88.7349562923189,88.77258873993591,elbow,-7,10,0
4.2962400960000195,1787213980.0308342,328.2582161426544,-8.44870464348006,-9.0,88.74290452710551,88.78935630641197,elbow,-7,9,0
4.311169701999916,1787213980.0457811,328.27298164367676,-8.198992916823642,-9.0,88.7515592873729,88.80214020561259,elbow,-7,9,0
4.3261703050002325,1787213980.0607808,328.2879309654236,-7.940587590928124,-9.0,88.76100953405695,88.81623950462846,elbow,-7,9,0
4.341005398000107,1787213980.075603,328.30292081832886,-7.677800497247401,-9.0,88.76862358522371,88.81312229895346,elbow,-7,9,0
4.3557813269999315,1787213980.0903819,328.3176975250244,-7.4090844472203266,-9.0,88.77524107483895,88.81391559508438,elbow,-6,9,0
4.370516239000153,1787213980.1051097,328.3324887752533,-7.134359188661145,-8.0,88.78125367974683,88.81639307908972,elbow,-6,8,0
4.385675611999886,1787213980.1202862,328.34725284576416,-6.844876430516667,-8.0,88.78986654097152,88.84020258910644,elbow,-6,8,0
4.400974644000144,1787213980.1355886,328.36262559890747,-6.545902982552766,-8.0,88.79798125543893,88.8454059900744,elbow,-6,8,0
4.416093964000083,1787213980.1507077,328.3777871131897,-6.243927829135021,-8.0,88.80489965661991,88.84533279094981,elbow,-6,8,0
4.431238689000111,1787213980.1658437,328.3930537700653,-5.9351828669518945,-7.0,88.808389114276,88.82878251246964,elbow,-5,7,0
4.450614061000124,1787213980.1852248,328.41248512268066,-5.531431133545415,-7.0,88.81085716029179,88.82528113390626,elbow,-5,7,0
4.465583443000014,1787213980.2001922,328.42738819122314,-5.213061505311698,-7.0,88.81427071070891,88.83422048507833,elbow,-5,7,0
4.4806365059998825,1787213980.2152421,328.4423460960388,-4.887532640312278,-6.0,88.82017952099454,88.85471231459229,elbow,-5,6,0
4.495393380000223,1787213980.2299817,328.45738911628723,-4.563422850568731,-6.0,88.82693845928482,88.8664396464333,elbow,-5,6,0
4.510006298999997,1787213980.2445831,328.4720723628998,-4.237859615399111,-6.0,88.83353062159853,88.87205712178007,elbow,-4,6,0
4.524610791000214,1787213980.2591875,328.4866452217102,-3.9081480022601034,-6.0,88.83653475288125,88.85409176360116,elbow,-4,6,0
4.539173489999939,1787213980.273747,328.5012454986572,-3.575320529316345,-5.0,88.83623775813014,88.83450203504144,elbow,-4,5,0
4.553828239000268,1787213980.2884047,328.5158779621124,-3.236563021165117,-5.0,88.83414686534725,88.82192708413646,elbow,-3,5,0
4.568644980000045,1787213980.3032403,328.5304970741272,-2.8904377808508257,-5.0,88.83235068649026,88.82185329856699,elbow,-3,5,0
4.58349349800028,1787213980.3180861,328.5453567504883,-2.5402053033958,-4.0,88.83080623070018,88.82177998507007,elbow,-3,4,0
4.598561820000214,1787213980.3331676,328.56029438972473,-2.181650686899194,-4.0,88.82888089193719,88.81762865622582,elbow,-3,4,0
4.61335493300021,1787213980.3479447,328.5753216743469,-1.8268762066006232,-4.0,88.82669496746152,88.8139197935958,elbow,-2,4,0
4.628110066000318,1787213980.3627017,328.59005093574524,-1.470587555444343,-3.0,88.82492258631845,88.81456427910746,elbow,-2,3,0
4.642847367000286,1787213980.3774369,328.60478830337524,-1.1126218739069489,-3.0,88.82436133397205,88.82108121318673,elbow,-2,3,0
4.657606315000066,1787213980.392193,328.6195991039276,-0.7523349908844833,-3.0,88.82335105665246,88.8174467042587,elbow,-2,3,0
4.672367726000175,1787213980.4070194,328.63428807258606,-0.3905119368093306,-2.0,88.82423844333296,88.8294245873447,elbow,-1,2,0
4.687168895000013,1787213980.4217596,328.6491286754608,-0.026560092274350477,-2.0,88.82680333596161,88.84179330914809,elbow,-1,2,0
4.702000617000067,1787213980.436592,328.66397428512573,0.3389678328208724,-2.0,88.83023285406694,88.8502759482171,elbow,-1,2,0
4.716720956000245,1787213980.4513123,328.6786766052246,0.7022318281720714,-1.0,88.83257604683031,88.84627034198375,elbow,-1,1,0
4.731542234000244,1787213980.4661448,328.6934058666229,1.0681292568821585,-1.0,88.83353406784127,88.8391330192773,elbow,0,1,0
4.746502654000324,1787213980.4811115,328.7082908153534,1.437254034106024,-1.0,88.83389511482815,88.83600517767911,elbow,0,1,0
4.761296896000204,1787213980.49589,328.72326040267944,1.8017208240664777,-1.0,88.83297482382355,88.82759637743997,elbow,0,1,0
4.776035475000299,1787213980.510628,328.7379825115204,2.1639135275596315,-1.0,88.83418956813348,88.84128888466269,elbow,0,1,0
4.7906504860002315,1787213980.5252302,328.75270891189575,2.5218335428687197,-1.0,88.83671839024514,88.85149755691417,elbow,0,1,0
4.805352806999963,1787213980.5399373,328.76731514930725,2.8803001794810443,0.0,88.84094177420691,88.86562444966707,elbow,0,0,0
4.819955725,1787213980.55453,328.7820203304291,3.2344148241758353,0.0,88.84580930972179,88.87425659287004,elbow,0,0,0
4.834666971999923,1787213980.5692594,328.79659938812256,3.588859666653562,0.0,88.85352397904504,88.89861073433694,elbow,0,0,0
4.850717801999963,1787213980.5853174,328.8124933242798,3.9725312370051427,0.0,88.86144713279934,88.90775233131043,elbow,0,0,0
4.865568949000135,1787213980.6001596,328.827486038208,4.32430008899924,0.0,88.87072337161773,88.924936389974,elbow,0,0,0
4.880591384000127,1787213980.6151865,328.8424816131592,4.676584133587257,0.0,88.8811122014403,88.94182752290811,elbow,0,0,0
4.895251428999927,1787213980.629831,328.85727858543396,5.016570992565137,0.0,88.8906018455226,88.94606206586622,elbow,0,0,0
4.909944381000059,1787213980.6445355,328.8719131946564,5.353195883989081,1.0,88.8942324600025,88.91545081943637,elbow,1,0,0
4.924617777000094,1787213980.6591957,328.88663244247437,5.68489492673632,2.0,88.88957328858103,88.86234374536402,elbow,2,-1,0
4.939229640000121,1787213980.6738045,328.90126729011536,6.010403688992387,2.0,88.8783442007691,88.81271816896997,elbow,2,-1,0
4.953879816000153,1787213980.688457,328.9159429073334,6.331606256573739,3.0,88.86783472187795,88.80641429241344,elbow,3,-2,0
4.9684632540001985,1787213980.7030408,328.93052339553833,6.6458670737643475,3.0,88.86095673640959,88.8207598031751,elbow,3,-2,0
4.98323818200015,1787213980.717831,328.94512605667114,6.9583275654556065,4.0,88.85810936326976,88.84146849240405,elbow,4,-3,0
4.998292115999902,1787213980.732901,328.9599690437317,7.2701872659478735,4.0,88.85814194411134,88.85833235595788,elbow,4,-3,0
5.013091358000111,1787213980.747685,328.975058555603,7.570015750176417,5.0,88.85940514722078,88.86678767096787,elbow,5,-4,0
5.027795308999885,1787213980.7623827,328.98978090286255,7.860932811980051,6.0,88.86095467022004,88.87001053008382,elbow,6,-4,0
5.042479390000153,1787213980.777067,329.0044639110565,8.144173013993774,6.0,88.86171695123782,88.86617194162983,elbow,6,-4,0
5.057176564000201,1787213980.791765,329.0191490650177,8.4200424912217,6.0,88.86342589996073,88.87341348979092,elbow,6,-4,0
5.07200852699998,1787213980.8066077,329.03386306762695,8.690374351548975,7.0,88.86580422244508,88.87970382583237,elbow,7,-5,0
5.08691148600019,1787213980.821504,329.0487287044525,8.95350139943039,7.0,88.86745925853181,88.87713176734782,elbow,7,-5,0
5.101782725000248,1787213980.8363705,329.0637617111206,9.207245180084715,7.0,88.86673857018492,88.86252665937238,elbow,7,-5,0
5.116513323000163,1787213980.851104,329.07845520973206,9.449580700724894,8.0,88.86509555705807,88.85549331389143,elbow,8,-6,0
5.131195347999892,1787213980.8657856,329.09318923950195,9.681887496192434,8.0,88.86470695465833,88.8624358500175,elbow,8,-6,0
5.146072086999993,1787213980.880679,329.10789370536804,9.9075698493418,8.0,88.86453159930541,88.86350677198554,elbow,8,-6,0
5.161681530999886,1787213980.8963032,329.123441696167,10.133534456495747,9.0,88.86546150159484,88.87089611910233,elbow,9,-6,0
5.177781116999995,1787213980.912398,329.1384599208832,10.354617919643713,9.0,88.86905040514934,88.8900249938903,elbow,9,-7,0
5.192577267000161,1787213980.9271638,329.15455293655396,10.546769790951089,9.0,88.87175450705551,88.88755805945934,elbow,9,-7,0
5.207328327000141,1787213980.9419253,329.1692545413971,10.727538588465995,9.0,88.87326366530691,88.88208362192799,elbow,9,-7,0
5.222124588000042,1787213980.956723,329.1840443611145,10.897768636653113,10.0,88.87511868464313,88.88595995331835,elbow,10,-7,0
5.236978252999961,1787213980.9715724,329.1988549232483,11.057230315014863,10.0,88.88049796469441,88.91193603069003,elbow,10,-7,0
5.255400392999945,1787213980.9900033,329.2172808647156,11.238726656480335,10.0,88.88508763111186,88.91191096701439,elbow,10,-8,0
5.270250153000234,1787213981.0048478,329.232159614563,11.371628335058746,10.0,88.8899510183632,88.91837405786156,elbow,10,-8,0
5.284975207000116,1787213981.0195613,329.24696373939514,11.491368356660711,10.0,88.89672282976905,88.93629925112229,elbow,10,-8,0
5.299751554000068,1787213981.03435,329.26166796684265,11.599262670967,11.0,88.9021954697948,88.93417915844084,elbow,11,-8,0
5.314414481000313,1787213981.0489936,329.2764687538147,11.69399511148077,11.0,88.90720285523363,88.936467461722,elbow,11,-8,0
5.328991838000093,1787213981.0635693,329.29106163978577,11.775820164852956,11.0,88.91188068066472,88.93921924330066,elbow,11,-8,0
5.3435622140000305,1787213981.0781415,329.3056321144104,11.845134397661221,11.0,88.91543301778218,88.93619390170575,elbow,11,-8,0
5.3581651439999405,1787213981.0927477,329.32020258903503,11.901943154565584,11.0,88.91857063280962,88.93690776107981,elbow,11,-9,0
5.373536888000217,1787213981.108144,329.33531737327576,11.947899088794365,11.0,88.92099642697461,88.9351734685719,elbow,11,-9,0
5.388330605000192,1787213981.1229703,329.3502826690674,11.978586659411448,11.0,88.92369484263078,88.93946516294749,elbow,11,-9,0
5.403619187999993,1787213981.1382337,329.3651909828186,11.996223226971244,12.0,88.92678438704607,88.94484057677741,elbow,12,-9,0
5.418436885000119,1787213981.153035,329.38038778305054,11.999559351178998,12.0,88.92845518424313,88.9382198055393,elbow,12,-9,0
5.433191881000312,1787213981.1677861,329.3951256275177,11.989340214365072,12.0,88.93143357147744,88.94884012654428,elbow,12,-9,0
5.448125351000272,1787213981.182723,329.410080909729,11.965168936612393,12.0,88.93638220264671,88.96530343221725,elbow,12,-9,0
5.462942382000165,1787213981.1975408,329.4248559474945,11.927382941357237,12.0,88.94270010481547,88.97962374951169,elbow,12,-9,0
5.47767282399991,1787213981.2122602,329.43965125083923,11.876151571358818,12.0,88.94707641651463,88.97265284583303,elbow,12,-9,0
5.492274976000317,1787213981.2268534,329.4543399810791,11.811896909176381,12.0,88.94868152140425,88.95806221788567,elbow,12,-9,0
5.506882479000069,1787213981.2414582,329.46896624565125,11.73419575662357,12.0,88.94729523159121,88.9391933536046,elbow,12,-9,0
5.521835170000031,1787213981.2564344,329.48351979255676,11.640764757749132,12.0,88.94287210731642,88.91702209178791,elbow,12,-9,0
5.536585056000149,1787213981.2711666,329.4985659122467,11.534857635500249,12.0,88.93860034247746,88.91363491520009,elbow,12,-9,0
5.551228725000328,1787213981.2858078,329.513304233551,11.416254805931258,12.0,88.93631244891061,88.92294133823039,elbow,12,-9,0
5.565965815000254,1787213981.3005588,329.52786898612976,11.283417902089585,12.0,88.93617644403606,88.93538159227508,elbow,12,-9,0
5.580660961999911,1787213981.3152394,329.54268193244934,11.137574028020293,12.0,88.93884984684505,88.9544739848599,elbow,12,-9,0
5.595501436000177,1787213981.330106,329.55731439590454,10.9768192202833,11.0,88.94542451941656,88.9838488044942,elbow,11,-9,0
5.610269821000202,1787213981.3448637,329.5722465515137,10.803522377860158,11.0,88.95280117191795,88.99591245929372,elbow,11,-9,0
5.625378670999908,1787213981.3599935,329.5869824886322,10.612613422662925,11.0,88.96250279705846,89.0192018959201,elbow,11,-9,0
5.640525519000221,1787213981.3751373,329.6022963523865,10.407558774287972,11.0,88.97375133004005,89.03949100502584,elbow,11,-8,0
5.659805466000307,1787213981.3944287,329.62157821655273,10.1270438865201,11.0,88.98590681257022,89.05694696261801,elbow,11,-8,0
5.675029384000027,1787213981.40965,329.6367664337158,9.890356818295277,11.0,88.99362216379913,89.03871290434456,elbow,11,-8,0
5.690080663000117,1787213981.4246817,329.6518633365631,9.643421204420216,11.0,88.99475463594922,89.0013731302186,elbow,11,-8,0
5.7048799170001985,1787213981.439475,329.66680669784546,9.3883147942461,10.0,88.98997985286097,88.96207464167804,elbow,10,-8,0
5.719573027000024,1787213981.4541545,329.68162059783936,9.123209923218809,10.0,88.98458163463812,88.95303288849908,elbow,10,-8,0
5.734333190000143,1787213981.468932,329.6962707042694,8.845287979119735,10.0,88.98197405390583,88.96673459911463,elbow,10,-7,0
5.749132185000235,1787213981.4837208,329.7111361026764,8.555233239429922,10.0,88.98297141208695,88.98880026130479,elbow,10,-7,0
5.7637410219999765,1787213981.4983196,329.7258036136627,8.257997260363153,10.0,88.98665585125843,89.0081887777329,elbow,10,-7,0
5.778531350000321,1787213981.5131297,329.7404351234436,7.946337820415783,9.0,88.99239161675736,89.02591308665139,elbow,9,-7,0
5.793349677000151,1787213981.5279465,329.7553186416626,7.623590132596244,9.0,88.99895982403667,89.03734632407968,elbow,9,-7,0
5.808101395999984,1787213981.5426936,329.7700810432434,7.2922008530228695,9.0,89.00647243877076,89.0503783286962,elbow,9,-7,0
5.823092325000289,1787213981.557705,329.78486943244934,6.945493138174026,8.0,89.01470659612275,89.0628293894673,elbow,8,-6,0
5.838255320999906,1787213981.5728621,329.8000509738922,6.585008635300991,8.0,89.0239306257911,89.07783851879807,elbow,8,-6,0
5.853108961000089,1787213981.5877047,329.8150839805603,6.22273317127879,8.0,89.03202941535146,89.07936108023152,elbow,8,-6,0
5.867944028000238,1787213981.6025453,329.82983660697937,5.85229396143759,8.0,89.03773931275292,89.07110960201535,elbow,8,-6,0
5.882790501000272,1787213981.6173832,329.8447299003601,5.473378921666308,7.0,89.0432051777125,89.07514927091532,elbow,7,-5,0
5.8975746080000135,1787213981.6321642,329.8595554828644,5.088354815486397,7.0,89.04878117419203,89.0813689078002,elbow,7,-5,0
5.912337195999953,1787213981.6469667,329.87430000305176,4.696676774118866,7.0,89.05565810186938,89.09584885306775,elbow,7,-5,0
5.927095230000305,1787213981.6616836,329.88908791542053,4.298379536227481,6.0,89.06321139380348,89.10735501303215,elbow,6,-4,0
5.941838597000242,1787213981.6764324,329.90381240844727,3.8942269625318087,6.0,89.07042210403196,89.11256357684563,elbow,6,-4,0
5.956815564999943,1787213981.6914215,329.9185926914215,3.477777878279693,5.0,89.07616924689277,89.10975720937512,elbow,5,-4,0
5.971895342000153,1787213981.7065134,329.9336156845093,3.052999884273338,5.0,89.08123372920706,89.11083202632345,elbow,5,-4,0
5.987028506000115,1787213981.7216227,329.94889760017395,2.6217522620447236,5.0,89.08764956035799,89.12514553030508,elbow,5,-3,0
6.002343809000195,1787213981.7369344,329.96429109573364,2.1808295646334033,4.0,89.0950531369633,89.13832177657721,elbow,4,-3,0
6.017007236000154,1787213981.7515838,329.9790756702423,1.75499937917701,4.0,89.10384406200632,89.15522076651506,elbow,4,-3,0
6.031581796999944,1787213981.7661588,329.993674993515,1.3287266261936672,3.0,89.11367150797761,89.1711059401077,elbow,3,-2,0
6.046200874000078,1787213981.780778,330.00826597213745,0.8986643289785643,3.0,89.12361672632328,89.1817394542183,elbow,3,-2,0
6.060949407999942,1787213981.795545,330.02284955978394,0.4628269377634181,3.0,89.13236865142237,89.18351742899685,elbow,3,-2,0
6.076376057000289,1787213981.811139,330.037718296051,0.005456290504175592,2.0,89.13992967660836,89.18411849119428,elbow,2,-1,0
6.094681049999963,1787213981.8292806,330.0566267967224,-0.5383323543007438,2.0,89.14375532422554,89.16611351363343,elbow,2,-1,0
6.1095968730001005,1787213981.844195,330.071519613266,-0.9815715048159153,1.0,89.14661742762004,89.16334438634776,elbow,1,-1,0
6.124485363000076,1787213981.8590827,330.0863621234894,-1.4234607711585614,1.0,89.14741510013603,89.1520769286635,elbow,1,-1,0
6.139437868000186,1787213981.8740308,330.1013894081116,-1.8660898545219466,1.0,89.14674858300349,89.14285326441059,elbow,1,0,0
6.154156422000142,1787213981.888743,330.11616945266724,-2.300050412869462,1.0,89.14602689045122,89.14180911077247,elbow,1,0,0
6.168832534000103,1787213981.9034238,330.1308207511902,-2.7304375525831963,1.0,89.14422694371152,89.13370753519366,elbow,1,0,0
6.183618398999897,1787213981.9182131,330.14552783966064,-3.161092509748905,1.0,89.13942340960422,89.1113501691636,elbow,1,0,0
6.197957767999924,1787213981.9324903,330.16033005714417,-3.575336632311343,1.0,89.13555433173708,89.11294232340707,elbow,1,0,0
6.212447629000053,1787213981.9469893,330.17448258399963,-3.9899461004708843,0.0,89.13399763413888,89.12489984384702,elbow,0,0,0
6.22664796700019,1787213981.961175,330.18902564048767,-4.391834350071113,0.0,89.13528592462536,89.1428150662483,elbow,0,0,0
6.2409821870001,1787213981.9755216,330.20316314697266,-4.792503175051937,0.0,89.13527957428984,89.13524246109523,elbow,0,0,0
6.255180933000247,1787213981.989709,330.2175602912903,-5.183881245708342,0.0,89.13375850117282,89.12486891063638,elbow,0,0,0
6.269371309000235,1787213982.0039036,330.23169326782227,-5.569018283934238,0.0,89.13031145225771,89.11016590299278,elbow,0,0,0
6.283505198000057,1787213982.0180316,330.2459080219269,-5.946121469631603,0.0,89.1279205458271,89.11394739822401,elbow,0,0,0
6.297697399000299,1787213982.0322247,330.26005816459656,-6.31772647202018,0.0,89.12508102581087,89.10848605086721,elbow,0,0,0
6.311849971999891,1787213982.0463808,330.27420926094055,-6.6807354428979755,-1.0,89.1246703868309,89.12227049405165,elbow,0,1,0
6.325976121000167,1787213982.060503,330.2883768081665,-7.0350283681118215,-2.0,89.12409265655948,89.12071623402205,elbow,-1,2,0
6.340084363000187,1787213982.0746083,330.3024821281433,-7.380353979483112,-3.0,89.12403962652773,89.12372970370865,elbow,-2,3,0
6.354154588000256,1787213982.0886772,330.31658124923706,-7.7157783732965814,-3.0,89.12568344269648,89.13529037907185,elbow,-2,3,0
6.36827886600031,1787213982.1028068,330.3306441307068,-8.04299456668883,-4.0,89.12856246491363,89.14538830212655,elbow,-3,4,0
6.382593210000323,1787213982.117132,330.3448123931885,-8.364415261669315,-5.0,89.13357355426714,89.16285980750247,elbow,-3,5,0
6.397008270000242,1787213982.1315472,330.3592245578766,-8.67722859583574,-5.0,89.13810368541036,89.16457907997832,elbow,-4,5,0
6.411204730999998,1787213982.14573,330.37357783317566,-8.974164058782897,-6.0,89.14368427312563,89.17629883924127,elbow,-4,6,0
6.425300918000175,1787213982.1598272,330.38771390914917,-9.257617980445211,-6.0,89.1492637912824,89.18187210658925,elbow,-5,6,0
6.43957585499993,1787213982.1741135,330.4018223285675,-9.53266051418772,-7.0,89.14976405958045,89.15268777197689,elbow,-5,7,0
6.453804851000314,1787213982.1883428,330.41619658470154,-9.794361333993141,-7.0,89.14251332370533,89.10013792945449,elbow,-5,7,0
6.468086307000249,1787213982.2026286,330.4303560256958,-10.04409848641286,-8.0,89.13084604632056,89.06265910812166,elbow,-6,8,0
6.4825199410001915,1787213982.217061,330.44465255737305,-10.282919268274572,-8.0,89.11647458389409,89.03248360742336,elbow,-6,8,0
6.498866763000024,1787213982.23341,330.4611692428589,-10.536401753724478,-9.0,89.1021617431209,89.01851336852015,elbow,-6,9,0
6.513186087000122,1787213982.2477288,330.47544980049133,-10.743186508029439,-9.0,89.09024407490392,89.02059378037612,elbow,-7,9,0
6.527426100999946,1787213982.2619615,330.4897654056549,-10.934319133436516,-9.0,89.08160394322216,89.03110851866124,elbow,-7,9,0
6.541623356999935,1787213982.2761586,330.50396823883057,-11.110139578229969,-10.0,89.07653797255506,89.04693097707502,elbow,-7,10,0
6.555751098000201,1787213982.2902792,330.5181550979614,-11.270176467147166,-10.0,89.07477241597292,89.0644539934667,elbow,-7,10,0
6.569857081000009,1787213982.3043845,330.53224992752075,-11.41482156381505,-10.0,89.075211186117,89.07777548554277,elbow,-7,10,0
6.583980377999978,1787213982.3185072,330.54636669158936,-11.544208163407959,-10.0,89.0765137520301,89.08412632336851,elbow,-8,10,0
6.598088749999988,1787213982.3326147,330.56049370765686,-11.657782363312023,-11.0,89.07630484852845,89.07508395613978,elbow,-8,11,0
6.612695191000057,1787213982.3472376,330.5745921134949,-11.758609541975282,-11.0,89.07787641093199,89.08706107543874,elbow,-8,11,0
6.626959276999969,1787213982.3614948,330.5892741680145,-11.840396850258296,-11.0,89.07953800947176,89.08924887115833,elbow,-8,11,0
6.6412038460002805,1787213982.3757458,330.60349678993225,-11.905427821959059,-11.0,89.0798174806952,89.08145079122797,elbow,-8,11,0
6.655365863000043,1787213982.3898954,330.61776185035706,-11.953420157024777,-11.0,89.07995947358171,89.08078932101378,elbow,-8,11,0
6.669541009000113,1787213982.404077,330.6318666934967,-11.984670817015305,-11.0,89.08205638715219,89.09431135558431,elbow,-9,11,0
6.683692397999948,1787213982.418218,330.6460847854614,-11.998991302569973,-11.0,89.08708460238705,89.11647094421838,elbow,-9,11,0
6.697828268000194,1787213982.4323573,330.6602027416229,-11.99635787028001,-12.0,89.0904371610421,89.11003048194132,elbow,-9,12,0
6.711931584000013,1787213982.4464576,330.67434453964233,-11.976781915243555,-12.0,89.09153719727841,89.09796612670108,elbow,-9,12,0
6.7260191979999036,1787213982.4605448,330.68843054771423,-11.940273060310808,-12.0,89.09345047250251,89.10463220540903,elbow,-9,12,0
6.740226730999893,1787213982.4747672,330.70252323150635,-11.886261102524578,-12.0,89.09609738299855,89.11156669228635,elbow,-9,12,0
6.754378526999972,1787213982.4889054,330.71676874160767,-11.815292112824043,-12.0,89.10128070792962,89.13157355561664,elbow,-9,12,0
6.768497083000057,1787213982.5030243,330.7308828830719,-11.7274348344551,-12.0,89.10791391361423,89.14668028310741,elbow,-9,12,0
6.782739837000008,1787213982.5172791,330.74502325057983,-11.621590152718479,-12.0,89.11332118313551,89.14492282767638,elbow,-9,12,0
6.797110622000218,1787213982.5316522,330.7593677043915,-11.497343732162681,-12.0,89.11724360997424,89.14016740509989,elbow,-9,12,0
6.811295935000089,1787213982.545824,330.7736871242523,-11.35760930403274,-12.0,89.1199875608704,89.13602400227887,elbow,-9,12,0
6.825388141000076,1787213982.5599124,330.7878031730652,-11.202101325253382,-12.0,89.12334489354178,89.1429661151711,elbow,-9,12,0
6.839496696999959,1787213982.5740218,330.8018891811371,-11.029896145536323,-11.0,89.12728874596058,89.15033775836324,elbow,-9,11,0
6.854061066000213,1787213982.5886018,330.8160104751587,-10.834975792419902,-11.0,89.1302093466603,89.14727818053193,elbow,-9,11,0
6.868324597000083,1787213982.6028578,330.83064436912537,-10.627402930217345,-11.0,89.13395967967487,89.15587770879657,elbow,-9,11,0
6.882786822000071,1787213982.617331,330.8448996543884,-10.400328665466317,-11.0,89.13872620038129,89.16658312381878,elbow,-8,11,0
6.899147903000085,1787213982.6336882,330.8614444732666,-10.12361897827751,-11.0,89.14277021252724,89.16640458729847,elbow,-8,11,0
6.913607980000052,1787213982.648147,330.8758919239044,-9.861879101458577,-11.0,89.14755640397384,89.1755282888973,elbow,-8,11,0
6.928053854000154,1787213982.6625988,330.89025926589966,-9.584643008002386,-11.0,89.1520838325476,89.17854343251925,elbow,-8,11,0
6.942328162000194,1787213982.676865,330.90463376045227,-9.295583887417616,-10.0,89.15601824075733,89.1790120584749,elbow,-8,10,0
6.956568065000283,1787213982.691104,330.9188811779022,-8.992622149768549,-10.0,89.16018205299304,89.18451657408346,elbow,-8,10,0
6.970712194000043,1787213982.7052388,330.9331023693085,-8.677653418195568,-10.0,89.16533745901874,89.19546714056074,elbow,-8,10,0
6.984858916000121,1787213982.7193882,330.94722056388855,-8.349038493063016,-10.0,89.17045218856633,89.20034414502398,elbow,-7,10,0
6.999037414000213,1787213982.7335622,330.96143889427185,-8.00648774735004,-9.0,89.17246823287923,89.18425057801734,elbow,-7,9,0
7.013125231000231,1787213982.7476513,330.97554087638855,-7.6534989887722435,-9.0,89.17216954162687,89.17042390369494,elbow,-7,9,0
7.027393576000122,1787213982.7619343,330.98965072631836,-7.2836449821337546,-9.0,89.16955792016913,89.15429485021154,elbow,-7,9,0
7.041583222000099,1787213982.7761128,331.0039687156677,-6.904024798699627,-9.0,89.16678241055243,89.1505615308679,elbow,-6,9,0
7.055867548000151,1787213982.7904131,331.0180997848511,-6.510520643938237,-8.0,89.16417169165452,89.14891389651724,elbow,-6,8,0
7.070201612999881,1787213982.8047407,331.03248047828674,-6.104766653326138,-8.0,89.16122804062759,89.14402449398743,elbow,-6,8,0
7.084395610000229,1787213982.8189514,331.04676365852356,-5.69282114375699,-8.0,89.1597686397738,89.1512394797527,elbow,-6,8,0
7.098608347000209,1787213982.8331335,331.0610001087189,-5.270806105952464,-7.0,89.15893718408725,89.15407791695542,elbow,-5,7,0
7.112699868000163,1787213982.8472242,331.07511353492737,-4.843589801179268,-7.0,89.1587457287182,89.1576268082549,elbow,-5,7,0
7.126809221000258,1787213982.8613331,331.08920097351074,-4.407679193383455,-7.0,89.16103964777014,89.17444597312522,elbow,-5,7,0
7.1409235370001625,1787213982.8754504,331.10331177711487,-3.9640948864249284,-6.0,89.16698014773728,89.20169814498473,elbow,-4,6,0
7.155025835000288,1787213982.8895485,331.1174404621124,-3.514035270006283,-6.0,89.17737535070937,89.23812791870334,elbow,-4,6,0
7.169108800000231,1787213982.9036329,331.1315200328827,-3.0584295579685516,-5.0,89.18748729178726,89.24658439547395,elbow,-4,5,0
7.1833978110003045,1787213982.9179368,331.1456444263458,-2.5905687846093124,-5.0,89.19530262361381,89.24097767964328,elbow,-4,5,0
7.197753097000259,1787213982.9322915,331.1600341796875,-2.1156036372070988,-5.0,89.19989026824734,89.22670178826088,elbow,-3,5,0
7.211900799999967,1787213982.9464288,331.1742992401123,-1.6434026367168857,-4.0,89.20208033315716,89.21487970491566,elbow,-3,4,0
7.226001042999997,1787213982.9605262,331.18840980529785,-1.1694669463511413,-4.0,89.20385213533962,89.21420705893762,elbow,-2,4,0
7.2402314460000525,1787213982.9747686,331.20251750946045,-0.6885500181586997,-3.0,89.20605727683872,89.21894476053872,elbow,-2,3,0
7.254488403000323,1787213982.9890292,331.21678400039673,-0.20488056780329017,-3.0,89.2086185030501,89.22358704863531,elbow,-2,3,0
7.268839300000309,1787213983.0033824,331.23108673095703,0.2830585307348314,-2.0,89.21277877739519,89.23709262203124,elbow,-1,2,0
7.283186226999987,1787213983.0177283,331.2454352378845,0.7711435771743689,-2.0,89.21807205768289,89.249007516226,elbow,-1,2,0
7.297467527000208,1787213983.0320065,331.2597692012787,1.2564686290712308,-2.0,89.22264551327834,89.24937410845591,elbow,-1,2,0
7.3117761779999455,1787213983.0463152,331.27403378486633,1.741384227403659,-1.0,89.22827939594096,89.26120543311889,elbow,-1,1,0
7.326028516999941,1787213983.0605624,331.28835582733154,2.222249732480808,-1.0,89.23337122054265,89.26312931388229,elbow,0,1,0
7.3401529170000686,1787213983.074678,331.3025600910187,2.6958933486244807,-1.0,89.23860128725696,89.26916730742293,elbow,0,1,0
7.354258836000099,1787213983.088786,331.3166551589966,3.1652419439809303,-1.0,89.24104699863584,89.25534044218261,elbow,0,1,0
7.36833625700001,1787213983.102862,331.33074736595154,3.6291981472691206,-1.0,89.24207063002319,89.24805302744518,elbow,0,1,0
7.382432455000071,1787213983.1169567,331.34485054016113,4.088543484648027,-1.0,89.24271432853101,89.24647628849164,elbow,0,1,0
7.396757938000064,1787213983.1312983,331.3589963912964,4.549196818345726,-1.0,89.24207076373321,89.23830958521252,elbow,0,1,0
7.411141399999906,1787213983.1456819,331.3733367919922,5.004648684372613,0.0,89.24157512810693,89.23867849038218,elbow,0,0,0
7.4254485139999815,1787213983.159986,331.38773488998413,5.449851212594442,0.0,89.24095037556437,89.23729914129574,elbow,0,0,0
7.439614153000093,1787213983.1741412,331.40199398994446,5.882172314199179,0.0,89.24033364621909,89.23672930183216,elbow,0,0,0
7.453795050000281,1787213983.1883225,331.41619300842285,6.305739898600233,0.0,89.24035443916776,89.24047595916416,elbow,0,0,0
7.468035704000158,1787213983.2025657,331.43030977249146,6.721047307351148,0.0,89.23962010247415,89.23532842678215,elbow,0,0,0
7.482170973999928,1787213983.216698,331.4445688724518,7.1225829596113295,0.0,89.23723442425722,89.22329183184465,elbow,0,0,0
7.496286225999938,1787213983.2308104,331.45868492126465,7.512188497524982,0.0,89.23576638570877,89.22718674450581,elbow,0,0,0
7.510397146000287,1787213983.2449214,331.4728145599365,7.889617974798043,1.0,89.23622770005977,89.23892375434083,elbow,1,0,0
7.524488694999945,1787213983.2590108,331.48689365386963,8.253808882950151,2.0,89.23800933577613,89.24842172938584,elbow,2,-1,0
7.538565227000163,1787213983.273087,331.5009853839874,8.604248552496388,3.0,89.24125675535113,89.26023561310551,elbow,3,-2,0
7.5530345189999935,1787213983.2875743,331.51514410972595,8.949859311250558,4.0,89.24427793951746,89.26193461221354,elbow,4,-3,0
7.567370131000189,1787213983.3019106,331.52960753440857,9.277004134720986,5.0,89.24722910350029,89.26447655802427,elbow,5,-3,0
7.581560287000229,1787213983.3160865,331.54395031929016,9.585221713201804,6.0,89.25132602132798,89.27526959218096,elbow,6,-4,0
7.5958252180003,1787213983.3303623,331.5580852031708,9.878800153202143,6.0,89.25361695379755,89.26700582470276,elbow,6,-5,0
7.609994635000021,1787213983.3445208,331.5723898410797,10.153689211169933,7.0,89.25422331794087,89.25776708509434,elbow,7,-5,0
7.624099794999893,1787213983.3586235,331.58650302886963,10.410228376915871,7.0,89.25266154547462,89.24353409618853,elbow,7,-5,0
7.638349652000215,1787213983.3728886,331.60061264038086,10.651541900357747,8.0,89.25199260339265,89.24808311269504,elbow,8,-6,0
7.652609804999884,1787213983.3871372,331.6149787902832,10.874556078684254,8.0,89.25186379909981,89.25111102961763,elbow,8,-6,0
7.666928010999982,1787213983.4014695,331.62916111946106,11.079402845892053,9.0,89.25109317153414,89.24658940150606,elbow,9,-6,0
7.681258161000187,1787213983.4158018,331.64353013038635,11.264829255505042,9.0,89.25029208860505,89.24561032863858,elbow,9,-7,0
7.695970625999962,1787213983.4305143,331.65783762931824,11.43436947340974,9.0,89.25209479237003,89.26263031373973,elbow,9,-7,0
7.710161634000087,1787213983.4446905,331.6725468635559,11.577512497500795,10.0,89.25557986862383,89.27594766063723,elbow,10,-7,0
7.724400510000123,1787213983.4589603,331.6867392063141,11.700667305814685,10.0,89.25980953226977,89.2845289080176,elbow,10,-8,0
7.738702476000071,1787213983.4732409,331.7009816169739,11.803412222595544,10.0,89.26247841787188,89.27807615602532,elbow,10,-8,0
7.753048644000046,1787213983.4875891,331.7153160572052,11.885094905657379,11.0,89.26513320035392,89.2806485158011,elbow,11,-8,0
7.767229078000128,1787213983.5017557,331.729617357254,11.944551860707477,11.0,89.26711133802233,89.2786721457838,elbow,11,-8,0
7.781325461000051,1787213983.5158505,331.7437400817871,11.982488059100294,11.0,89.26842707194412,89.27611660092778,elbow,11,-8,0
7.795462546000181,1787213983.5299916,331.7578287124634,11.99917712033691,11.0,89.268775734086,89.27081341632649,elbow,11,-8,0
7.809733754000263,1787213983.5442748,331.7720010280609,11.99420758545143,11.0,89.27127319989971,89.28586911130876,elbow,11,-9,0
7.823901280999962,1787213983.558427,331.7863042354584,11.967507847230015,11.0,89.27547881715294,89.30005765883793,elbow,11,-9,0
7.8381526200000735,1787213983.5726914,331.80041766166687,11.91872492304245,11.0,89.28068140004389,89.31108679680963,elbow,11,-9,0
7.85232809199988,1787213983.5868561,331.814706325531,11.848382045240513,12.0,89.28510052703244,89.31092718126582,elbow,12,-9,0
7.8666201510000064,1787213983.601163,331.8288719654083,11.755465942726714,12.0,89.28962943492594,89.31609768046933,elbow,12,-9,0
7.880798400000003,1787213983.6153257,331.84319519996643,11.64154465552408,12.0,89.29536678459866,89.3288975128617,elbow,12,-9,0
7.894885598000201,1787213983.6294096,331.8573043346405,11.507020843218626,12.0,89.30284268063286,89.34653397587293,elbow,12,-9,0
7.90897179600006,1787213983.6434963,331.8713836669922,11.351398653844132,12.0,89.31156850005263,89.36256470849854,elbow,12,-9,0
7.923045087999981,1787213983.657566,331.88547134399414,11.175035535466973,12.0,89.31749072303985,89.35210190433882,elbow,12,-9,0
7.93713163800021,1787213983.6716568,331.89953565597534,10.977837740339687,11.0,89.31642652835926,89.31020706733808,elbow,11,-9,0
7.951292832000036,1787213983.6858165,331.9137051105499,10.759029892248732,11.0,89.30981947837165,89.27120597032474,elbow,11,-9,0
7.965521024000282,1787213983.700061,331.9277877807617,10.518743370036077,11.0,89.300294886061,89.24463041817883,elbow,11,-9,0
7.979871080000066,1787213983.7144108,331.9420988559723,10.256014432624632,11.0,89.29267339612113,89.24813120805315,elbow,11,-8,0
7.994195711999964,1787213983.7287326,331.9564483165741,9.973749397941138,11.0,89.28870298087857,89.26549872766337,elbow,11,-8,0
8.008473159999994,1787213983.7430093,331.9707727432251,9.672983768066135,11.0,89.28631821938998,89.27238098460262,elbow,11,-8,0
8.022724127999936,1787213983.7572634,331.98502254486084,9.353924113573553,11.0,89.28504655922777,89.27761461002216,elbow,11,-8,0
8.037009446999946,1787213983.7715507,331.9992923736572,9.015726441424137,10.0,89.28508309375424,89.28529661207702,elbow,10,-8,0
8.051325634000023,1787213983.7858653,332.01360416412354,8.658923406450429,10.0,89.28430418326197,89.27975200541897,elbow,10,-8,0
8.065649896000195,1787213983.8001912,332.02789640426636,8.284627474335245,10.0,89.28465773844316,89.28672401701826,elbow,10,-7,0
8.080037190999974,1787213983.8145735,332.04223585128784,7.891935466974019,10.0,89.28614851462594,89.2948610411299,elbow,10,-7,0
8.094214403000024,1787213983.828743,332.0565986633301,7.489241242123803,9.0,89.28985451452293,89.31151344810337,elbow,9,-7,0
8.108575015000042,1787213983.8431165,332.0707333087921,7.066141431759094,9.0,89.2930707594278,89.31186742340763,elbow,9,-7,0
8.122849963000135,1787213983.8573842,332.0851573944092,6.631168190188719,9.0,89.29617888148827,89.31434364434271,elbow,9,-6,0
8.137015675999919,1787213983.8715456,332.09939217567444,6.186115639749275,8.0,89.29934604639841,89.31785587271622,elbow,8,-6,0
8.151162390000081,1787213983.8856893,332.113569021225,5.729135767409131,8.0,89.30179004840157,89.31607350186307,elbow,8,-6,0
8.165414005999992,1787213983.8999524,332.12767696380615,5.256955656603927,7.0,89.30524544285134,89.32543976583086,elbow,7,-5,0
8.17982991100007,1787213983.9143703,332.1420044898987,4.768168036268018,7.0,89.30889701082363,89.33023782851775,elbow,7,-5,0
8.194058936000147,1787213983.9285884,332.1564095020294,4.275620119517663,7.0,89.31297230458522,89.33678949815148,elbow,7,-5,0
8.208153764000144,1787213983.9426754,332.17057847976685,3.77874633738195,6.0,89.31915531768456,89.35529063170719,elbow,6,-4,0
8.222245962000216,1787213983.9567697,332.18464636802673,3.2739696817733055,6.0,89.32672648432334,89.37097456848785,elbow,6,-4,0
8.236319642000126,1787213983.9708407,332.198744058609,2.762824582802142,5.0,89.33661587879028,89.39441235581778,elbow,5,-4,0
8.250440320000052,1787213983.9849641,332.21283888816833,2.2438826659993967,5.0,89.34691868113214,89.4071312331605,elbow,5,-3,0
8.264635920000273,1787213983.999167,332.22694516181946,1.7170418624486503,4.0,89.35784187107357,89.4216801473833,elbow,4,-3,0
8.27880926700027,1787213984.013338,332.241170167923,1.1869030021057199,4.0,89.36784987590418,89.42633954614803,elbow,4,-3,0
8.292913920000046,1787213984.027436,332.25533080101013,0.6562723388814966,3.0,89.37728567945192,89.43243124016401,elbow,3,-2,0
8.307160287999977,1787213984.0416996,332.2694139480591,0.11826748606136839,3.0,89.3857209573028,89.43501915692043,elbow,3,-2,0
8.321487096000055,1787213984.0560267,332.2837312221527,-0.423758512202498,2.0,89.39278640517226,89.43407892281235,elbow,2,-1,0
8.335669541000243,1787213984.0701938,332.2980651855469,-0.9602091860410393,2.0,89.39794419789504,89.42808782798393,elbow,2,-1,0
8.34991029899993,1787213984.0844462,332.31220149993896,-1.497658598340927,2.0,89.40137451400123,89.42142227189898,elbow,2,-1,0
8.364147426000272,1787213984.0986838,332.32645535469055,-2.032664289902971,2.0,89.40353881755071,89.41618763248027,elbow,2,-1,0
8.37840044199993,1787213984.112941,332.3406937122345,-2.564852797630476,1.0,89.4058668670541,89.41947266062326,elbow,1,-1,0
8.392701863000184,1787213984.127241,332.3549633026123,-3.094302765389497,1.0,89.40728734973482,89.41558906071404,elbow,1,0,0
8.408766667000236,1787213984.1433084,332.3710536956787,-3.6822210659423718,1.0,89.40843306203848,89.4151289355887,elbow,1,0,0
8.423157991000153,1787213984.1576977,332.38543677330017,-4.201532276777653,1.0,89.40721622393475,89.40010467066992,elbow,1,0,0
8.43753424200031,1787213984.1720753,332.39973616600037,-4.712185870028308,1.0,89.4069771567945,89.40557997939135,elbow,1,0,0
8.451808442000129,1787213984.1863415,332.4141216278076,-5.210093987426287,1.0,89.40633178567833,89.40256005051152,elbow,1,0,0
8.466085401000328,1787213984.200617,332.4284086227417,-5.69792867622819,0.0,89.4063676459154,89.40657722349613,elbow,0,0,0
8.480280975999904,1787213984.2148128,332.44262957572937,-6.171847315403987,0.0,89.40698203463586,89.4105726997354,elbow,0,0,0
8.494544139000027,1787213984.2290785,332.45684337615967,-6.63580040231244,0.0,89.40839934608013,89.41668252343783,elbow,0,0,0
8.508701678000307,1787213984.2432284,332.4710819721222,-7.083193809239573,0.0,89.41143717993776,89.42919115823771,elbow,0,0,0
8.523019469000246,1787213984.2575579,332.48522186279297,-7.521349577962894,0.0,89.41340435504954,89.4249010944643,elbow,0,0,0
8.537203191000117,1787213984.2717295,332.49958992004395,-7.94025154434269,0.0,89.41382568803066,89.41628807964075,elbow,0,0,0
8.551538296000217,1787213984.2860758,332.51378774642944,-8.347343361706042,0.0,89.41263659167917,89.40568716922549,elbow,0,0,0
8.565700168000149,1787213984.3002305,332.52809739112854,-8.73252823129498,-1.0,89.40837419445978,89.38346351425626,elbow,-1,1,0
8.57979098800024,1787213984.3143148,332.5422103404999,-9.098151775366457,-3.0,89.40271900378028,89.36966843639857,elbow,-2,3,0
8.593870141000025,1787213984.3283944,332.55628776550293,-9.445078302223713,-3.0,89.39877817193283,89.37574681262149,elbow,-2,3,0
8.607963312000265,1787213984.3424895,332.5703718662262,-9.773138177152209,-4.0,89.39524856348912,89.37462051249824,elbow,-3,4,0
8.622056595000231,1787213984.3565812,332.58447217941284,-10.081215667221056,-5.0,89.39228902318936,89.37499261505049,elbow,-4,5,0
8.636272759999883,1787213984.370809,332.5985653400421,-10.370994392937716,-6.0,89.39030055637116,89.37867938207559,elbow,-4,6,0
8.650503388000288,1787213984.3850312,332.6128981113434,-10.63925556487779,-7.0,89.39011636737075,89.38903991366409,elbow,-5,7,0
8.664680592999957,1787213984.3992112,332.6270134449005,-10.884149173925174,-7.0,89.38998206125952,89.38919713756181,elbow,-5,7,0
8.678881963000094,1787213984.4134161,332.6412236690521,-11.106468774049555,-8.0,89.39166803651021,89.40152136273477,elbow,-6,8,0
8.693187069000032,1787213984.4277282,332.65541768074036,-11.306570855368097,-8.0,89.39480256698045,89.41312166820754,elbow,-6,8,0
8.707383032000052,1787213984.4419122,332.6697585582733,-11.480965533560203,-9.0,89.3975687345599,89.41373501668107,elbow,-7,9,0
8.721617512000194,1787213984.4561546,332.68392395973206,-11.6311706157923,-9.0,89.39984831647536,89.41317085146464,elbow,-7,9,0
8.735865324000315,1787213984.4704037,332.6981544494629,-11.756359471189434,-10.0,89.39647273007574,89.37674482838757,elbow,-7,10,0
8.750114598999971,1787213984.4846437,332.7125017642975,-11.856014480431533,-10.0,89.38730593778592,89.33373255654752,elbow,-8,10,0
8.764207289000296,1787213984.498732,332.72662711143494,-11.929131993898544,-10.0,89.37346048839728,89.29254368401658,elbow,-8,10,0
8.778398419000041,1787213984.5129359,332.740704536438,-11.976931797331664,-11.0,89.36005726419035,89.28172495147288,elbow,-8,11,0
8.792921718999878,1787213984.5274644,332.75496101379395,-11.998800245294406,-11.0,89.34959373680783,89.28844186122923,elbow,-8,11,0
8.807192938000298,1787213984.5417295,332.76950669288635,-11.99348028302071,-11.0,89.3411176364836,89.29158085854343,elbow,-8,11,0
8.821486766999897,1787213984.556028,332.783766746521,-11.961420512894202,-11.0,89.33389450811003,89.29168046007054,elbow,-8,11,0
8.83579479800028,1787213984.5703356,332.79806637763977,-11.902502732809138,-11.0,89.32801034816312,89.2936216182631,elbow,-9,11,0
8.85013810700002,1787213984.584677,332.8124418258667,-11.816527788946374,-11.0,89.3230806762979,89.29427025037512,elbow,-9,11,0
8.864546633999907,1787213984.5990813,332.8266785144806,-11.703122216883372,-11.0,89.31859627963692,89.29238817058992,elbow,-9,11,0
8.87877017000028,1787213984.613306,332.8410954475403,-11.564740273105212,-12.0,89.31726720769623,89.30949972747845,elbow,-9,12,0
8.89291763500023,1787213984.6274455,332.85531210899353,-11.40125343190314,-11.0,89.31744399470067,89.3184771890054,elbow,-9,11,0
8.90700721400026,1787213984.6415312,332.8694279193878,-11.213079751710408,-11.0,89.31831896370753,89.32343253524859,elbow,-9,11,0
8.921077515999968,1787213984.6556225,332.8835015296936,-11.000229712806432,-11.0,89.31927851670413,89.32488642150659,elbow,-9,11,0
8.935191927000233,1787213984.669717,332.89759945869446,-10.762055472116177,-11.0,89.32012365894798,89.32506291427298,elbow,-9,11,0
8.949577288,1787213984.6841187,332.911828994751,-10.494349336848847,-11.0,89.32088398784859,89.32532756950413,elbow,-8,11,0
8.963938151000093,1787213984.6984837,332.9261522293091,-10.20248478932055,-11.0,89.32149539279446,89.32506861985365,elbow,-8,11,0
8.978283959000237,1787213984.7128246,332.94056248664856,-9.88695199391182,-11.0,89.3234141055663,89.33462761707206,elbow,-8,11,0
8.99243610900021,1787213984.726965,332.954829454422,-9.552823609989389,-11.0,89.32712264845506,89.34879644401369,elbow,-8,11,0
9.006526725000185,1787213984.7410512,332.9689452648163,-9.198263406824033,-10.0,89.33171645451148,89.35856398365961,elbow,-8,10,0
9.020639284000026,1787213984.7551646,332.98302721977234,-8.821981085772027,-10.0,89.33725339140432,89.36961284950861,elbow,-8,10,0
9.03475251000009,1787213984.7692778,332.997145652771,-8.425263861708325,-10.0,89.34057922679935,89.36001636925012,elbow,-7,10,0
9.048878865000006,1787213984.7834048,333.0112910270691,-8.008555706583966,-10.0,89.34342044922006,89.36002537350717,elbow,-7,10,0
9.062959908000266,1787213984.7974854,333.02537846565247,-7.5745175126344755,-9.0,89.34624636330416,89.36276182125147,elbow,-7,9,0
9.077156036999895,1787213984.8116925,333.0394763946533,-7.118996095839267,-9.0,89.3469024507257,89.35073681507563,elbow,-7,9,0
9.09129044700012,1787213984.825815,333.05370020866394,-6.648538720489018,-9.0,89.34589158395357,89.33998378662903,elbow,-6,9,0
9.105367990000104,1787213984.839891,333.0677933692932,-6.164208343577565,-8.0,89.34479136693965,89.33836138100033,elbow,-6,8,0
9.11962600600009,1787213984.854165,333.081880569458,-5.658705905002714,-8.0,89.3437737383838,89.3378264232426,elbow,-6,8,0
9.13399188700032,1787213984.868534,333.0961937904358,-5.135292501647548,-8.0,89.34185499189293,89.33064128332337,elbow,-6,8,0
9.148202886000036,1787213984.882731,333.1105651855469,-4.604782591963627,-7.0,89.33819855952562,89.31682931290227,elbow,-5,7,0
9.16247075299998,1787213984.8970115,333.12471556663513,-4.060614329995721,-7.0,89.33403439494603,89.30969781465619,elbow,-5,7,0
9.176818968000134,1787213984.9113598,333.13903975486755,-3.502984528167125,-6.0,89.32926882539248,89.30141746076693,elbow,-5,6,0
9.191002709000259,1787213984.9255319,333.15339493751526,-2.9427718023766998,-6.0,89.32656085577379,89.31073469934125,elbow,-4,6,0
9.205226133999986,1787213984.9397635,333.1675224304199,-2.373329741590192,-5.0,89.32547063704651,89.31909908398151,elbow,-4,5,0
9.221021375999953,1787213984.9555633,333.1833119392395,-1.7335767505823925,-5.0,89.32288347348872,89.30776334256119,elbow,-3,5,0
9.235469568000099,1787213984.9700081,333.197758436203,-1.1430985547753685,-4.0,89.31978025804905,89.30164417090343,elbow,-3,4,0
9.249771693000184,1787213984.9843125,333.2120454311371,-0.5550709594777972,-4.0,89.31731895898824,89.302934416527,elbow,-2,4,0
9.264029375000064,1787213984.9985657,333.22633147239685,0.03320612481954004,-3.0,89.314443415116,89.29763790635519,elbow,-2,3,0
9.278268991000004,1787213985.0128033,333.2405867576599,0.6213971165719716,-3.0,89.31276517270253,89.30295703941178,elbow,-2,3,0
9.292398412000239,1787213985.026946,333.25480484962463,1.2042898546581435,-2.0,89.31048644257346,89.29716888566983,elbow,-1,2,0
9.30658196100012,1787213985.0411108,333.2689597606659,1.7872628963705144,-2.0,89.30857727354604,89.29741953843853,elbow,-1,2,0
9.320674235000297,1787213985.0551984,333.28309178352356,2.362955653568429,-2.0,89.30679156889057,89.29635539522573,elbow,-1,2,0
9.334753380000166,1787213985.06928,333.2971730232239,2.9332149260865683,-1.0,89.30497955112862,89.29438959607097,elbow,-1,1,0
9.349052516000029,1787213985.0835931,333.3112988471985,3.5059572167204633,-1.0,89.30094016454177,89.27733282287362,elbow,0,1,0
9.363658230000055,1787213985.0981998,333.3258640766144,4.082807099703856,-1.0,89.29535243535081,89.26269613238902,elbow,0,1,0
9.377835370999946,1787213985.112364,333.340234041214,4.633403649249113,-1.0,89.2910124081626,89.26564803600411,elbow,0,1,0
9.391940126999998,1787213985.1264684,333.3543493747711,5.1706954726209275,-1.0,89.2893151422731,89.27939583029499,elbow,0,1,0
9.406127249000292,1787213985.140662,333.36844420433044,5.699213082172004,-1.0,89.28991914034957,89.29344907952512,elbow,0,1,0
9.420253372999923,1787213985.1547773,333.38265681266785,6.212262693056684,-1.0,89.29476369394912,89.32307666414775,elbow,0,1,0
9.434327612000288,1787213985.1688497,333.39675068855286,6.709042089909292,0.0,89.30524102946835,89.36647360378521,elbow,0,0,0
9.448501807999946,1787213985.183032,333.41083693504333,7.193562601186236,0.0,89.31733668280197,89.38802717374818,elbow,0,0,0
9.462624618000063,1787213985.1971502,333.42502093315125,7.6593287421951395,0.0,89.33163425061574,89.41519336563132,elbow,0,0,0
9.476792685999953,1787213985.2113237,333.4391436576843,8.10832596671558,0.0,89.34602798740235,89.4301491416659,elbow,0,0,0
9.490905292000207,1787213985.2254293,333.45332431793213,8.536213753521393,0.0,89.36255604032453,89.45915075441134,elbow,0,0,0
9.505154319000212,1787213985.2396936,333.46743297576904,8.94749800896206,0.0,89.3806967871224,89.4867165499167,elbow,0,0,0
9.519392234999941,1787213985.2539215,333.4817168712616,9.33654056454736,0.0,89.39767875356256,89.49692626932512,elbow,0,0,0
9.533666057000119,1787213985.2682061,333.4959418773651,9.703503814716969,2.0,89.41052029105401,89.48556994440777,elbow,2,-1,0
9.548020319999978,1787213985.2825558,333.5102756023407,10.048224855694274,3.0,89.41839212325344,89.46439738377765,elbow,3,-2,0
9.562187257000005,1787213985.2967114,333.5245840549469,10.36359215324895,4.0,89.42163896379954,89.44061443754185,elbow,4,-3,0
9.576437395000085,1787213985.3109767,333.53870129585266,10.655006403046094,5.0,89.4212992668208,89.4193139795827,elbow,5,-3,0
9.590746215000308,1787213985.3252826,333.55300521850586,10.920738411563935,6.0,89.42155616772087,89.42305757076622,elbow,6,-4,0
9.606916877999993,1787213985.341457,333.5692083835602,11.187644684242985,7.0,89.42300215531962,89.43145292440491,elbow,7,-5,0
9.621342526000262,1787213985.3558838,333.58359122276306,11.395034321926676,7.0,89.42586568148289,89.44260095528209,elbow,7,-5,0
9.635687289000089,1787213985.3702283,333.59794664382935,11.571867414095667,8.0,89.42816159105011,89.44157954955134,elbow,8,-6,0
9.650057237000055,1787213985.3845901,333.6123821735382,11.719050970793633,9.0,89.42979767065941,89.43935939234723,elbow,9,-6,0
9.664248155000223,1787213985.3987823,333.626601934433,11.83448764140369,9.0,89.43092872797985,89.43753895357614,elbow,9,-7,0
9.678475775000152,1787213985.4130075,333.64081263542175,11.919974107286606,10.0,89.43075762672864,89.42975766160761,elbow,10,-7,0
9.692625158000283,1787213985.4271524,333.6550018787384,11.974624612761392,10.0,89.43052894290602,89.42919244860956,elbow,10,-7,0
9.706736598000134,1787213985.4412622,333.6691334247589,11.998719330676439,10.0,89.43057486250348,89.4308432298912,elbow,10,-8,0
9.721288574000027,1787213985.455831,333.68324542045593,11.991580555968465,11.0,89.43005228485762,89.42699819019036,elbow,11,-8,0
9.735597450000114,1787213985.470135,333.6978724002838,11.952796326153127,11.0,89.42941077098756,89.42566157868082,elbow,11,-8,0
9.750011988000097,1787213985.484552,333.7122073173523,11.881865858784966,11.0,89.42831997344187,89.42194503759507,elbow,11,-8,0
9.764192388000083,1787213985.49872,333.7265884876251,11.780955890534758,11.0,89.42793519814127,89.4256864601729,elbow,11,-8,0
9.778292902999965,1787213985.5128167,333.74070262908936,11.650148266414437,11.0,89.42969516321307,89.43998090731814,elbow,11,-8,0
9.79239141700009,1787213985.526937,333.75479388237,11.489214515765708,11.0,89.4318103400124,89.44417204402781,elbow,11,-8,0
9.806499525000163,1787213985.5410237,333.76892256736755,11.29830654790209,11.0,89.43457006438446,89.45069869054097,elbow,11,-8,0
9.820613204999972,1787213985.5551417,333.78299832344055,11.077819364491951,11.0,89.43587719572746,89.44351644875658,elbow,11,-8,0
9.834737552000206,1787213985.5692651,333.79712653160095,10.828091498828037,11.0,89.43510710314227,89.43060645969462,elbow,11,-8,0
9.848842697000237,1787213985.5833693,333.81125354766846,10.550224511258719,11.0,89.4359490432146,89.44086958412456,elbow,11,-8,0
9.86291576800022,1787213985.597438,333.8253507614136,10.245249092239924,11.0,89.43900749135197,89.45688194545554,elbow,11,-8,0
9.87705235600015,1787213985.6115835,333.8394114971161,9.911703396259652,11.0,89.4424901234503,89.46284363111334,elbow,11,-8,0
9.891317363000326,1787213985.6258605,333.8535737991333,9.548294406909175,11.0,89.4460766426346,89.46703729642753,elbow,11,-8,0
9.905528761999904,1787213985.6400578,333.8679120540619,9.160320525641556,10.0,89.44894482602159,89.46570731798114,elbow,10,-8,0
9.919811694000146,1787213985.6543534,333.882071018219,8.745272145270098,10.0,89.45132788202801,89.46525514948513,elbow,10,-8,0
9.93402113000002,1787213985.6685483,333.89638471603394,8.308391765304135,10.0,89.45367596909568,89.46739886797684,elbow,10,-7,0
9.948278156000015,1787213985.6828187,333.910560131073,7.847119886578133,10.0,89.45366717079291,89.45361575097078,elbow,10,-7,0
9.962504425000134,1787213985.6970327,333.9248797893524,7.365114117673929,9.0,89.45150112738588,89.43884214422636,elbow,9,-7,0
9.97675148899998,1787213985.711294,333.93902564048767,6.861882503299419,9.0,89.4477257333601,89.42566124045209,elbow,9,-7,0
9.990943202999915,1787213985.7254725,333.95333099365234,6.34147582952861,8.0,89.44377182208905,89.42066402284914,elbow,8,-6,0
10.005232357000295,1787213985.739774,333.9674813747406,5.799565875930163,8.0,89.44057740661971,89.4219083201648,elbow,8,-6,0
10.019559621000099,1787213985.7541037,333.98183369636536,5.239577412094607,8.0,89.43866911618663,89.42751651583822,elbow,8,-6,0
10.033890292000251,1787213985.7684317,333.9961531162262,4.664286633067726,7.0,89.43440558640656,89.40948828719134,elbow,7,-5,0
10.048228222000034,1787213985.7827685,334.0104820728302,4.0750683547611635,7.0,89.42927367724585,89.39928131816811,elbow,7,-5,0
10.062434769999982,1787213985.7969627,334.0248210430145,3.479364362528787,6.0,89.42322209245815,89.38785488344136,elbow,6,-4,0
10.076676815000155,1787213985.8112144,334.03895592689514,2.8719028250817784,6.0,89.41828253451429,89.38941433149314,elbow,6,-4,0
10.090838642000108,1787213985.8253648,334.0532326698303,2.2592924897907487,5.0,89.41377065928125,89.38740195752413,elbow,5,-4,0
10.104922269000326,1787213985.8394446,334.0673453807831,1.6432244580720126,5.0,89.41194271946247,89.40125971130692,elbow,5,-3,0
10.119046244999936,1787213985.853573,334.08141708374023,1.0202018380781048,4.0,89.41063074574765,89.40296319249926,elbow,4,-3,0
10.133153297000263,1787213985.8676782,334.0955572128296,0.39442048966395193,3.0,89.40854275101158,89.39633990682327,elbow,3,-2,0
10.147438340000008,1787213985.8819776,334.1096911430359,-0.24108479579553183,3.0,89.40608643447489,89.3917310113234,elbow,3,-2,0
10.161662887000148,1787213985.8962045,334.1240086555481,-0.8739663507920341,3.0,89.40262998192858,89.38242947512744,elbow,3,-2,0
10.176059499000075,1787213985.9106038,334.13825249671936,-1.512760447666921,2.0,89.39702871941853,89.3642933238319,elbow,2,-1,0
10.190255065000201,1787213985.9247825,334.15263867378235,-2.13913058388162,2.0,89.39154889217002,89.35952319931876,elbow,2,-1,0
10.204398226000194,1787213985.938957,334.16676568984985,-2.757967793749311,2.0,89.38751699184476,89.36395340205122,elbow,2,-1,0
10.218530481000016,1787213985.9530544,334.18094539642334,-3.3693823984397206,1.0,89.38486340838732,89.36935510038612,elbow,1,-1,0
10.2326426059999,1787213985.9671693,334.195024728775,-3.971274888357244,1.0,89.38377140145597,89.37738939761009,elbow,1,0,0
10.246764730999985,1787213985.981294,334.2091586589813,-4.563230910119227,1.0,89.38273445262124,89.37667422419105,elbow,1,0,0
10.26088189300026,1787213985.995407,334.2232780456543,-5.142929136364551,1.0,89.38250068404224,89.38113447296118,elbow,1,0,0
10.275039001000096,1787213986.00957,334.2373924255371,-5.710495920505503,1.0,89.38402413580913,89.39292762786229,elbow,1,0,0
10.289159469999959,1787213986.0236857,334.251567363739,-6.261216571851389,1.0,89.38878227928083,89.41659024373963,elbow,1,0,0
10.303242124999997,1787213986.0377662,334.26566219329834,-6.793571086909113,0.0,89.39695242494282,89.44470111548631,elbow,0,0,0
10.31749157000013,1787213986.0520298,334.2797667980194,-7.313475137372485,0.0,89.40606797028012,89.4593418495294,elbow,0,0,0
10.332582755000203,1787213986.0671234,334.2948133945465,-7.8417918684002155,0.0,89.41255707842664,89.45048130029616,elbow,0,0,0
10.346794441999918,1787213986.0813212,334.30919075012207,-8.31676909783453,0.0,89.4137739647047,89.4208857995142,elbow,0,0,0
10.36106694099999,1787213986.0956066,334.32332468032837,-8.77028160639227,0.0,89.40770895386676,89.37226327913525,elbow,0,0,0
10.375247684999977,1787213986.1097734,334.3376326560974,-9.196176328090164,0.0,89.39872272411924,89.34620460251917,elbow,0,0,0
10.389348006000091,1787213986.1238742,334.3517541885376,-9.593943157403215,0.0,89.38914037073852,89.33313833048328,elbow,0,0,0
10.403520638999908,1787213986.138051,334.36589431762695,-9.96667790212236,-2.0,89.38071692713964,89.33148789030813,elbow,-1,2,0
10.417862375999903,1787213986.1524014,334.38007855415344,-10.315039087940981,-3.0,89.37589027579199,89.34768193152308,elbow,-2,3,0
10.432295720000184,1787213986.1668487,334.39443349838257,-10.635214608767603,-4.0,89.37265329730674,89.35373546029595,elbow,-3,4,0
10.44669015799991,1787213986.1812286,334.40899896621704,-10.923081503617372,-5.0,89.37148213455136,89.36463752121195,elbow,-4,5,0
10.46099167500006,1787213986.1955347,334.42325735092163,-11.177029148509476,-6.0,89.37261485467371,89.37923479816462,elbow,-4,6,0
10.475328262999938,1787213986.209869,334.4375944137573,-11.398655944609857,-7.0,89.374921773319,89.38840407205149,elbow,-5,7,0
10.4895603570003,1787213986.2240953,334.45190143585205,-11.585278552302993,-8.0,89.3785733401997,89.3999141515142,elbow,-6,8,0
10.50369547299988,1787213986.238228,334.46609330177307,-11.737044327900087,-8.0,89.38197109251583,89.40182853822104,elbow,-6,8,0
10.517902048999986,1787213986.2524345,334.4802405834198,-11.855290391361796,-9.0,89.38589018269293,89.40879447740451,elbow,-7,9,0
10.532030666000082,1787213986.266558,334.49442315101624,-11.938336158887516,-9.0,89.39039422364209,89.41671713958186,elbow,-7,9,0
10.546141746000103,1787213986.2806683,334.5085413455963,-11.986527348119175,-10.0,89.39534032206977,89.42424674956713,elbow,-7,10,0
10.56023208600027,1787213986.2947562,334.52264761924744,-11.999737024175708,-10.0,89.40099230029458,89.43402409316333,elbow,-8,10,0
10.574310983000032,1787213986.3088348,334.5367331504822,-11.977937938017785,-10.0,89.40600593074433,89.4353070348799,elbow,-8,10,0
10.58864914600008,1787213986.3231907,334.5508794784546,-11.919726681949594,-11.0,89.41137910089192,89.442781458846,elbow,-8,11,0
10.603041935999954,1787213986.3375854,334.5652379989624,-11.824800483085184,-11.0,89.41794365056245,89.45630877448346,elbow,-8,11,0
10.617245364000155,1787213986.351773,334.5796272754669,-11.695441467191753,-11.0,89.42633081236029,89.47534780786951,elbow,-8,11,0
10.631338130000131,1787213986.3658636,334.5937614440918,-11.532323522788763,-11.0,89.43539848014316,89.48839254913875,elbow,-8,11,0
10.64542973000016,1787213986.3799555,334.60783767700195,-11.334960437722346,-11.0,89.44340315663858,89.49018479759,elbow,-8,11,0
10.65950166399989,1787213986.3940253,334.6219325065613,-11.104157121714522,-11.0,89.44973087438589,89.4867118841577,elbow,-8,11,0
10.673656000999927,1787213986.4081879,334.63600420951843,-10.838592174173888,-11.0,89.45546712731513,89.48899144589262,elbow,-8,11,0
10.687820060999911,1787213986.4223466,334.6501884460449,-10.539988468413483,-11.0,89.46102182059917,89.49348505218111,elbow,-8,11,0
10.701957659000072,1787213986.436484,334.6643650531769,-10.209954954529723,-11.0,89.46596400485673,89.49484755681354,elbow,-8,11,0
10.716033500000322,1787213986.4505565,334.6784596443176,-9.850495175687431,-11.0,89.47083582664314,89.49930815999996,elbow,-8,11,0
10.730092155999955,1787213986.4646156,334.6925268173218,-9.461702731753086,-11.0,89.47416590565675,89.4936278490399,elbow,-8,11,0
10.744282344000112,1787213986.4788172,334.7065932750702,-9.040184054563603,-10.0,89.4761873587864,89.48800131461162,elbow,-8,10,0
10.758605692999936,1787213986.4931464,334.72086668014526,-8.586280177903944,-10.0,89.47619584648906,89.4762454510744,elbow,-8,10,0
10.772949985000196,1787213986.5074909,334.7351882457733,-8.104406655335996,-10.0,89.47299666770468,89.45429974306118,elbow,-7,10,0
10.787132155000108,1787213986.5216599,334.74953031539917,-7.602503395729343,-10.0,89.46927577378328,89.44752979522325,elbow,-7,10,0
10.801397376000295,1787213986.5359356,334.76367235183716,-7.073585145388285,-9.0,89.46613847647532,89.44780320504958,elbow,-7,9,0
10.815556510000079,1787213986.5500817,334.7779607772827,-6.526264889073676,-9.0,89.46347446359609,89.44790520304225,elbow,-7,9,0
10.829669146000015,1787213986.5641952,334.79206109046936,-5.960202537514446,-8.0,89.46132066922048,89.44873327293777,elbow,-6,8,0
10.843777115000194,1787213986.5783052,334.806174993515,-5.375497643602702,-8.0,89.45892181242442,89.44490220058981,elbow,-6,8,0
10.858059409999896,1787213986.5926008,334.8203136920929,-4.766161059115192,-7.0,89.45666741500713,89.44349206549762,elbow,-5,7,0
10.872434108000107,1787213986.6069787,334.83466148376465,-4.137073264296535,-7.0,89.45624906874492,89.45380413238261,elbow,-5,7,0
10.88676399399992,1787213986.6213067,334.84903287887573,-3.496103248742233,-6.0,89.45727717974067,89.46328575728771,elbow,-5,6,0
10.90098177300024,1787213986.6355102,334.8633677959442,-2.848455720155453,-6.0,89.46002969672936,89.4761162008562,elbow,-4,6,0
10.915141574000245,1787213986.649675,334.8774974346161,-2.193860112604871,-5.0,89.4621385246556,89.47446312402323,elbow,-4,5,0
10.92927194899994,1787213986.6637957,334.8916778564453,-1.5330923793733877,-5.0,89.46387541127493,89.47402627823942,elbow,-3,5,0
10.943379844999981,1787213986.6779063,334.9057743549347,-0.86789872536707,-4.0,89.46584252144173,89.47733888129935,elbow,-3,4,0
10.957537904000219,1787213986.6920695,334.9198920726776,-0.19690499095193664,-4.0,89.46920380319754,89.48884810441666,elbow,-2,4,0
10.971724815000016,1787213986.7062542,334.93406796455383,0.4768055907215305,-3.0,89.47263552177232,89.49269147610148,elbow,-2,3,0
10.985870060000252,1787213986.720397,334.94825053215027,1.1477700217395093,-3.0,89.47258555071372,89.4722935054171,elbow,-2,3,0
11.000179002000095,1787213986.7347198,334.9624397754669,1.8235565961885987,-2.0,89.46963110936356,89.45236450095854,elbow,-1,2,0
11.014528294000229,1787213986.7490685,334.97677540779114,2.4960814406303355,-2.0,89.46451546428129,89.43461815717448,elbow,-1,2,0
11.028709482000068,1787213986.7632372,334.9911024570465,3.1534863754458984,-2.0,89.45975348172995,89.43192308058111,elbow,-1,2,0
11.042822655000236,1787213986.7773497,335.00521969795227,3.7984836525340877,-1.0,89.45434689912184,89.42274926910002,elbow,-1,1,0
11.056921495000097,1787213986.7914462,335.01933550834656,4.431538398670605,-1.0,89.44946025522772,89.42090129719317,elbow,0,1,0
11.071158754999942,1787213986.8056889,335.03350377082825,5.057283760066377,-1.0,89.44737183747118,89.43516652102913,elbow,0,1,0
11.085325739999917,1787213986.819856,335.0476915836334,5.664408810477234,-1.0,89.44740617929958,89.4476068828616,elbow,0,1,0
11.099473745000068,1787213986.8339984,335.0618860721588,6.253262574181157,-1.0,89.4492851192609,89.46026618697685,elbow,0,1,0
11.113592251000227,1787213986.8481178,335.07597756385803,6.821559488316252,-1.0,89.45253973506328,89.47156064964852,elbow,0,1,0
11.127666258000318,1787213986.86219,335.0900921821594,7.366976864036047,-1.0,89.45754579988653,89.48680268831602,elbow,0,1,0
11.141746581000007,1787213986.8762689,335.1041660308838,7.889761334701686,0.0,89.46297469435794,89.4947027213519,elbow,0,0,0
11.155848180000248,1787213986.8903763,335.1182405948639,8.388652785703341,0.0,89.46950680842437,89.50768236930861,elbow,0,0,0
11.17016308500024,1787213986.904713,335.1323974132538,8.868098447940017,0.0,89.47329084577788,89.49540585278915,elbow,0,0,0
11.184515506000025,1787213986.919055,335.1467821598053,9.319820889778343,0.0,89.47350368772581,89.47474759753194,elbow,0,0,0
11.199107584000103,1787213986.9336977,335.16114592552185,9.74768620655069,0.0,89.4679671689412,89.43561015438222,elbow,0,0,0
11.2138099900003,1787213986.9483938,335.175799369812,10.145168232001424,0.0,89.45820750274133,89.40116919516825,elbow,0,0,0
11.228674833000241,1787213986.963274,335.1904854774475,10.51119701844173,0.0,89.44727717810295,89.38339720456392,elbow,0,0,0
11.243421515000136,1787213986.9780123,335.20539689064026,10.837287612323985,2.0,89.43683696808047,89.37582136588726,elbow,2,-1,0
11.258427963000031,1787213986.9930525,335.2201087474823,11.1299329472596,3.0,89.42844456194155,89.3793969169887,elbow,3,-2,0
11.273510429999988,1787213987.0081263,335.23529720306396,11.383010166706994,4.0,89.41997199107237,89.37045584028677,elbow,4,-3,0
11.288493075000133,1787213987.023103,335.25028228759766,11.592594458864973,6.0,89.41154379433623,89.36228697879791,elbow,6,-4,0
11.303211379999993,1787213987.0377913,335.2652380466461,11.757009273532773,7.0,89.40341001657252,89.35587387052858,elbow,7,-5,0
11.318000737000148,1787213987.0525908,335.2798788547516,11.880081676176836,7.0,89.39559892365413,89.34994864102805,elbow,7,-5,0
11.332721598000262,1787213987.0673034,335.2947082519531,11.960059686555494,8.0,89.38725945222644,89.33852117301197,elbow,8,-6,0
11.347357758000271,1787213987.0819373,335.30940794944763,11.9970932636022,9.0,89.37534593843888,89.30571992359629,elbow,9,-7,0
11.361928996000188,1787213987.0965052,335.32400703430176,11.99161290380365,9.0,89.35845026136369,89.25970704556777,elbow,9,-7,0
11.376528472000246,1787213987.1111073,335.3385648727417,11.943624423271695,10.0,89.33737111419103,89.21417849108394,elbow,10,-7,0
11.39109663599993,1787213987.1256738,335.35316920280457,11.85336878653211,10.0,89.3076978668166,89.13427884041008,elbow,10,-8,0
11.406142871000156,1787213987.1407526,335.3679141998291,11.715915908556601,10.0,89.26801078780929,89.03606803764386,elbow,10,-8,0
11.420968078999977,1787213987.155564,335.38290071487427,11.536876180165548,11.0,89.21936387107883,88.9350572419249,elbow,11,-8,0
11.435684939000112,1787213987.1702797,335.3976547718048,11.316847968646641,11.0,89.16654892000467,88.85788309454198,elbow,11,-8,0
11.450762691999898,1787213987.1853704,335.4125430583954,11.04841669663588,11.0,89.11393245500005,88.80642663944467,elbow,11,-8,0
11.465583214000162,1787213987.200177,335.4275257587433,10.742994243123334,11.0,89.06283733312644,88.76422268614725,elbow,11,-8,0
11.480367571999977,1787213987.2150176,335.4422779083252,10.398254404917793,11.0,89.01436047129187,88.73104769205631,elbow,11,-8,0
11.495181890999902,1787213987.2297745,335.45713353157043,10.013831849243665,11.0,88.99086539148706,88.85355336042831,elbow,11,-8,0
11.509907251000186,1787213987.2444963,335.47186517715454,9.59433484511651,10.0,88.9891624784994,88.97921016324892,elbow,10,-8,0
11.524610205000045,1787213987.2592003,335.4865770339966,9.139716722863113,10.0,88.99247684203651,89.01184693963692,elbow,10,-8,0
11.539285548999942,1787213987.2738729,335.50128054618835,8.651876724150238,10.0,88.99305387072506,88.99642619300964,elbow,10,-8,0
11.55407444399998,1787213987.2886648,335.5160245895386,8.127533815196859,10.0,88.98552229446126,88.94150558788068,elbow,10,-7,0
11.568830043000162,1787213987.3034213,335.53074741363525,7.573473697254346,9.0,88.96667763089854,88.85654397526025,elbow,9,-7,0
11.583743746999971,1787213987.3183494,335.54558420181274,6.984128215154717,9.0,88.93582628414758,88.75552210478463,elbow,9,-7,0
11.598704875000294,1787213987.3333106,335.5604977607727,6.365427231784141,9.0,88.89961735795617,88.68800193723384,elbow,9,-6,0
11.61358883899993,1787213987.3481932,335.5754358768463,5.72487878661334,8.0,88.8684276066006,88.68614569300716,elbow,8,-6,0
11.628351068000029,1787213987.3629794,335.5903215408325,5.067240726385091,8.0,88.85234063002592,88.7583236934836,elbow,8,-6,0
11.64309589100003,1787213987.3776853,335.60506939888,4.390592301390492,7.0,88.85463016936733,88.8680108984293,elbow,7,-5,0
11.658093090999955,1787213987.3926997,335.61993312835693,3.6846476382882845,7.0,88.8734788700407,88.9836361197194,elbow,7,-5,0
11.673117957000159,1787213987.4077277,335.6349196434021,2.962184469761611,6.0,88.90489623691224,89.08850840130961,elbow,6,-4,0
11.688153747999877,1787213987.4227602,335.6499934196472,2.2267448588594907,5.0,88.95790358795527,89.26769385439546,elbow,5,-4,0
11.703264962000048,1787213987.4378638,335.66506481170654,1.4779568241819474,5.0,89.02860932865772,89.44183409503547,elbow,5,-3,0
11.717983674000152,1787213987.4525647,335.6799957752228,0.7421269298473434,4.0,89.114313126636,89.61519087072614,elbow,4,-3,0
11.732684221,1787213987.4672663,335.6946403980255,0.003606650013678654,3.0,89.2035620161593,89.72515829895528,elbow,3,-2,0
11.747951557000306,1787213987.4825444,335.7098183631897,-0.7641960984461258,3.0,89.2923025136509,89.8109276066052,elbow,3,-2,0
11.762604643000032,1787213987.4971836,335.7246472835541,-1.4989948519240044,2.0,89.3767684562736,89.87041181620985,elbow,2,-1,0
11.777181676000055,1787213987.5117562,335.7392523288727,-2.2251206027931207,2.0,89.45382942610416,89.90419598670756,elbow,2,-1,0
11.79174556199996,1787213987.5263207,335.75381994247437,-2.9430047461689695,2.0,89.52282498381012,89.92605494690648,elbow,2,-1,0
11.806705486000283,1787213987.5413167,335.76845026016235,-3.6696516015976863,1.0,89.58493352344725,89.94791376418351,elbow,1,-1,0
11.821535526999924,1787213987.5561285,335.78346729278564,-4.376374041774792,1.0,89.64227432835246,89.97739055053562,elbow,1,-1,0
11.836538616000325,1787213987.57115,335.79825258255005,-5.074667422901533,1.0,89.69576923151165,90.00840889330915,elbow,1,0,0
11.851455911999892,1787213987.5860517,335.81337690353394,-5.749519449625666,1.0,89.74565391911612,90.03719443868913,elbow,1,0,0
11.8661609210003,1787213987.600751,335.82814264297485,-6.393103764740734,1.0,89.78763730485075,90.03300033463564,elbow,1,0,0
11.880971000000045,1787213987.61557,335.8428452014923,-7.016937295299101,1.0,89.81954681577069,90.00603521210354,elbow,1,0,0
11.89571837800031,1787213987.6303103,335.85767436027527,-7.611338076370179,1.0,89.84296295833724,89.97981365738086,elbow,1,0,0
11.91045042299993,1787213987.6450365,335.8724286556244,-8.176016476470537,0.0,89.85932765930524,89.95496769740063,elbow,0,0,0
11.925130784999965,1787213987.6597161,335.88711953163147,-8.707488156909614,0.0,89.86954033266234,89.92922614487725,elbow,0,0,0
11.939869497000018,1787213987.6744573,335.9018518924713,-9.2075278462386,0.0,89.87628599096475,89.9157095660293,elbow,0,0,0
11.954581617000258,1787213987.6891675,335.9165449142456,-9.671080671783574,0.0,89.88339992438668,89.92497580559662,elbow,0,0,0
11.969251867999901,1787213987.7038348,335.9312484264374,-10.095988382406365,0.0,89.8908450284465,89.93435636649653,elbow,0,0,0
11.984135314000014,1787213987.71874,335.9459602832794,-10.487151981621187,0.0,89.89632089121135,89.92832341447519,elbow,0,0,0
11.999153143000058,1787213987.733758,335.96094012260437,-10.839367232566978,0.0,89.89967168959704,89.91925472297389,elbow,0,0,0
12.01423802499994,1787213987.7488503,335.9759056568146,-11.14860184819193,-2.0,89.90366950984031,89.92703392579342,elbow,-1,2,0
12.02905745499993,1787213987.7636473,335.99099230766296,-11.407529137169716,-3.0,89.90874708259652,89.93842188403565,elbow,-2,3,0
12.044356031000007,1787213987.7790246,336.0060317516327,-11.626918910548094,-5.0,89.91700805055468,89.96528753282377,elbow,-3,5,0
12.060054829999899,1787213987.79466,336.0219588279724,-11.800308832161203,-6.0,89.91958260287252,89.934629030072,elbow,-4,6,0
12.075020180000138,1787213987.8096335,336.03679490089417,-11.915930541927843,-7.0,89.91658824560115,89.89908835702599,elbow,-5,7,0
12.089989825999965,1787213987.8246033,336.0518088340759,-11.98243963020089,-8.0,89.90824876966968,89.85951046413385,elbow,-6,8,0
12.105056912000236,1787213987.8396683,336.06684827804565,-11.999311073517163,-8.0,89.90031366954867,89.85393865302078,elbow,-6,8,0
12.119851140000264,1787213987.854442,336.08181047439575,-11.966776336903118,-9.0,89.89276564877626,89.84865283573869,elbow,-7,9,0
12.134508688000096,1787213987.8690896,336.09654331207275,-11.88654114414461,-9.0,89.88695552404533,89.85299947732676,elbow,-7,9,0
12.149130701000104,1787213987.8837106,336.1111857891083,-11.759067922695287,-10.0,89.88488674796734,89.87279622316663,elbow,-7,10,0
12.163693624000189,1787213987.898292,336.12577414512634,-11.585381212770377,-10.0,89.89000778859626,89.91993662883576,elbow,-8,10,0
12.178524572000242,1787213987.913122,336.14038038253784,-11.361134053674652,-10.0,89.90118187366139,89.96648645352502,elbow,-8,10,0
12.193220767000184,1787213987.9278047,336.15525245666504,-11.092535944399364,-10.0,89.9180835997674,90.0168621678462,elbow,-8,10,0
12.208043715000258,1787213987.942639,336.16990065574646,-10.775809666558384,-10.0,89.93907228771972,90.0617362410213,elbow,-8,10,0
12.223032305000288,1787213987.9576607,336.1847496032715,-10.409949340952464,-10.0,89.95936123017442,90.07793566872216,elbow,-8,10,0
12.238054189000195,1787213987.9726686,336.1998817920685,-9.99868197660479,-10.0,89.98119430599819,90.10879310585445,elbow,-8,10,0
12.253089536000061,1787213987.9877036,336.21488547325134,-9.543956568232241,-10.0,90.00053502076172,90.11356774286237,elbow,-8,10,0
12.267950742000266,1787213988.0025594,336.22985196113586,-9.053906420089497,-10.0,90.01398280226987,90.09257552072233,elbow,-8,10,0
12.28276312600019,1787213988.0173602,336.2446839809418,-8.52723307001529,-10.0,90.0226053118587,90.0729977478199,elbow,-7,10,0
12.297853351999947,1787213988.032453,336.2596113681793,-7.953583832188372,-10.0,90.02803938189768,90.0597976564031,elbow,-7,10,0
12.312643886999922,1787213988.0472386,336.2745885848999,-7.357264901904429,-9.0,90.03260018842403,90.05925485878909,elbow,-7,9,0
12.32734283300033,1787213988.0619354,336.28933238983154,-6.733605014699842,-9.0,90.0378509760969,90.0685380955283,elbow,-7,9,0
12.342015020999952,1787213988.0766065,336.3040156364441,-6.082707321725949,-8.0,90.04587557725014,90.09277366365558,elbow,-6,8,0
12.356732965999981,1787213988.0913246,336.31868386268616,-5.403915753132474,-8.0,90.05992882680206,90.14206007534348,elbow,-6,8,0
12.371607570999913,1787213988.106213,336.3334364891052,-4.694376303898201,-7.0,90.08060565232205,90.20144699151243,elbow,-5,7,0
12.386574913000004,1787213988.1211822,336.34839129447937,-3.9595168768175295,-7.0,90.10481263954243,90.24628526311544,elbow,-5,7,0
12.401432094000029,1787213988.1360254,336.36340403556824,-3.21239777967629,-6.0,90.13140399282541,90.28681154020224,elbow,-5,6,0
12.416134799000247,1787213988.1507273,336.3781132698059,-2.458798546492538,-6.0,90.15929042322614,90.32226677525877,elbow,-4,6,0
12.430873151000014,1787213988.1654625,336.3928499221802,-1.6922834488291123,-5.0,90.18735623284189,90.35138092880648,elbow,-4,5,0
12.445625557000312,1787213988.1802173,336.4075450897217,-0.9171198868066577,-4.0,90.21782251108031,90.39587623885963,elbow,-3,4,0
12.460537031000058,1787213988.1951427,336.42232966423035,-0.12886856597239965,-4.0,90.25035825903859,90.44050656546199,elbow,-2,4,0
12.476186270000198,1787213988.2108417,336.43726539611816,0.6997911169296256,-3.0,90.28383314437177,90.47947004080899,elbow,-2,3,0
12.493370166000204,1787213988.227991,336.45515036582947,1.6067382422347096,-3.0,90.31488099558545,90.49633360377321,elbow,-2,3,0
12.513133229000232,1787213988.247738,336.4750032424927,2.639334185491175,-2.0,90.34482657201934,90.51983716808981,elbow,-1,2,0
12.528154328000255,1787213988.2627573,336.4900825023651,3.412003112319585,-2.0,90.3747695129161,90.54976470614652,elbow,-1,2,0
12.542888735999895,1787213988.2774746,336.5049319267273,4.156017502812308,-1.0,90.4054342212482,90.58464763179572,elbow,-1,1,0
12.557609570000295,1787213988.2922018,336.5196018218994,4.882351216363897,-1.0,90.43555578599569,90.61159490859103,elbow,0,1,0
12.57228216500016,1787213988.3068628,336.534348487854,5.586259105207528,-1.0,90.45989365953669,90.60213122056348,elbow,0,1,0
12.587367186999927,1787213988.3219664,336.54902482032776,6.2858665954793835,-1.0,90.47719367020605,90.57829992828577,elbow,0,1,0
12.602160592000018,1787213988.336745,336.5641906261444,6.945143106860531,-1.0,90.48930590522517,90.56009330432968,elbow,0,1,0
12.616905240000051,1787213988.3515022,336.5788481235504,7.572883934239233,-1.0,90.49849265219567,90.55218265435023,elbow,0,1,0
12.631887989000006,1787213988.3664994,336.5936601161957,8.177841673738513,-1.0,90.50690043199684,90.55603792507141,elbow,0,1,0
12.6468757560001,1787213988.3814664,336.6087975502014,8.747004827225828,0.0,90.51538235354944,90.56495315242923,elbow,0,0,0
12.66202636800017,1787213988.3966303,336.6238446235657,9.283041510157148,0.0,90.52601995001147,90.58818913555675,elbow,0,0,0
12.67694708199997,1787213988.4115446,336.6388158798218,9.769810010921715,0.0,90.54320908097846,90.64366732605869,elbow,0,0,0
12.691750690999925,1787213988.4263408,336.65371537208557,10.21013880083068,0.0,90.57001959182058,90.72670795925916,elbow,0,0,0
12.7064944130002,1787213988.441081,336.66848516464233,10.604432959524358,0.0,90.61226829339927,90.85918190559218,elbow,0,0,0
12.721229709,1787213988.455812,336.68323278427124,10.952515720581404,0.0,90.66998429930943,91.00729330451243,elbow,0,0,0
12.736071779000213,1787213988.4706712,336.6979191303253,11.254961176025885,0.0,90.74007499000398,91.14970522652742,elbow,0,0,0
12.751054545999978,1787213988.4856524,336.7129762172699,11.509735835053363,2.0,90.81955442365846,91.28405518522916,elbow,2,-1,0
12.765867135000008,1787213988.5004592,336.72779607772827,11.710419757073666,3.0,90.89107815153525,91.30908347117025,elbow,3,-2,0
12.78089129,1787213988.5155027,336.7426142692566,11.860891041075968,5.0,90.9484746665166,91.2839164744721,elbow,5,-3,0
12.797078486999908,1787213988.5316923,336.7577075958252,11.962218710369957,6.0,90.97977309333434,91.162690137711,elbow,6,-4,0
12.811905131999993,1787213988.546501,336.773854970932,11.999076923225076,7.0,90.97976612741587,90.97972541657681,elbow,7,-5,0
12.826826215999972,1787213988.561436,336.78865480422974,11.981814582485917,8.0,90.95535810667913,90.81271058518398,elbow,8,-6,0
12.841736153000056,1787213988.5763443,336.8035809993744,11.910013628724874,8.0,90.91726021995771,90.69460516842243,elbow,8,-6,0
12.85655931600013,1787213988.591157,336.81846594810486,11.784736194647765,9.0,90.87324660020121,90.61601829652137,elbow,9,-7,0
12.871459106000202,1787213988.6060739,336.8332703113556,11.605066975471104,9.0,90.83193001239722,90.59046394227038,elbow,9,-7,0
12.886287824000192,1787213988.6208847,336.8482298851013,11.373410462390657,10.0,90.79608416265131,90.58659066552214,elbow,10,-7,0
12.901461806000043,1787213988.6360872,336.8631031513214,11.082722574488677,10.0,90.76579115825035,90.58875009281346,elbow,10,-7,0
12.916500496000026,1787213988.6511168,336.8782889842987,10.742286250276294,10.0,90.74301389928752,90.60989702051457,elbow,10,-8,0
12.931987798000137,1787213988.6665857,336.8932490348816,10.338758564721022,10.0,90.7321447194957,90.6686220940968,elbow,10,-8,0
12.946762667000257,1787213988.6813517,336.9087109565735,9.905403556423504,10.0,90.73933977740462,90.7813897735429,elbow,10,-8,0
12.96141933700028,1787213988.696,336.92346453666687,9.43065833368189,10.0,90.76422627691012,90.90967016650029,elbow,10,-7,0
12.975996455000313,1787213988.7105737,336.93807077407837,8.916156480825773,10.0,90.80535982307778,91.0457561450249,elbow,10,-7,0
12.990636773999995,1787213988.725218,336.9526572227478,8.359113008540966,9.0,90.85443210288534,91.14122467669398,elbow,9,-7,0
13.005229205999967,1787213988.7398071,336.9672932624817,7.766055012088094,9.0,90.90240240460784,91.18275470026896,elbow,9,-7,0
13.020360985000025,1787213988.7550154,336.98187017440796,7.1139011594082415,9.0,90.9384949544049,91.14943023787268,elbow,9,-7,0
13.035340290000022,1787213988.7699475,336.9971733093262,6.43397236836968,8.0,90.95593783488893,91.0578790654221,elbow,8,-6,0
13.050163859999884,1787213988.784757,337.0120859146118,5.730532389118876,8.0,90.95248565582054,90.93231012445834,elbow,8,-6,0
13.065076426999894,1787213988.7996843,337.02687072753906,4.995391759022222,8.0,90.93281279386846,90.81783890768376,elbow,8,-6,0
13.079989105000095,1787213988.8145905,337.04184341430664,4.236053524047972,7.0,90.90292291907896,90.72823785950328,elbow,7,-5,0
13.094761380999898,1787213988.8293538,337.05672216415405,3.4634574218694243,6.0,90.869840048939,90.67649420249323,elbow,6,-5,0
13.109457531000317,1787213988.8440435,337.07144808769226,2.678184995578042,6.0,90.83970736928599,90.66360328797317,elbow,6,-4,0
13.124124626000139,1787213988.8587105,337.0861177444458,1.8814505593099318,5.0,90.81735813988995,90.68674278950748,elbow,5,-4,0
13.138881181000215,1787213988.8734722,337.10079288482666,1.0703923933899093,5.0,90.80473210323687,90.73094189901283,elbow,5,-3,0
13.153662752999935,1787213988.8882515,337.11563634872437,0.25218841995771035,4.0,90.79941174246254,90.76831801773552,elbow,4,-3,0
13.16834453399997,1787213988.902966,337.1303331851959,-0.5624517989313195,3.0,90.79896693197708,90.79636733105201,elbow,3,-2,0
13.183235470999989,1787213988.9178429,337.14506793022156,-1.3868279770903156,3.0,90.79925241936657,90.80092089011103,elbow,3,-2,0
13.198299346000113,1787213988.932909,337.1600556373596,-2.2148671520149428,2.0,90.79897682410304,90.79736616579925,elbow,2,-1,0
13.21309658500013,1787213988.947688,337.1750519275665,-3.0185474510902983,2.0,90.7955468377235,90.77550100684357,elbow,2,-1,0
13.22782240000015,1787213988.9624157,337.1897802352905,-3.804992282358235,2.0,90.79009877145513,90.75825869894342,elbow,2,-1,0
13.242542271000275,1787213988.9771361,337.20450472831726,-4.574079154536177,1.0,90.77913037591483,90.71502790503126,elbow,1,-1,0
13.257365934000063,1787213988.991976,337.2192313671112,-5.327668762695813,1.0,90.76287590260269,90.66788006675863,elbow,1,0,0
13.272623323000062,1787213989.007235,337.2341275215149,-6.077543670805944,1.0,90.74411121795433,90.6344449821871,elbow,1,0,0
13.28738866599997,1787213989.0219798,337.249361038208,-6.774740443087852,1.0,90.72666992160492,90.62473794921199,elbow,1,0,0
13.302146361000268,1787213989.0367472,337.2640845775604,-7.440145504540965,1.0,90.71084713614525,90.61837420876962,elbow,1,0,0
13.317090176999955,1787213989.0516992,337.27889227867126,-8.078596809163024,1.0,90.6957527557234,90.60753683773054,elbow,1,0,0
13.332038253000064,1787213989.0666478,337.2938754558563,-8.678441286329651,1.0,90.68056485726022,90.59180239282854,elbow,1,0,0
13.34724483700029,1787213989.0818567,337.309029340744,-9.245709444933514,0.0,90.6628244304935,90.55914425356171,elbow,0,0,0
13.362209245000031,1787213989.0968184,337.3240292072296,-9.758753031153788,0.0,90.64355241022679,90.53092115860247,elbow,0,0,0
13.377137266000318,1787213989.1117394,337.3389801979065,-10.22322608936384,0.0,90.62448491371059,90.51304895794463,elbow,0,0,0
13.391978790999929,1787213989.126575,337.3538954257965,-10.635759494188736,0.0,90.60483176155336,90.48997306510134,elbow,0,0,0
13.406865165999989,1787213989.1414688,337.36870884895325,-10.998049012595535,0.0,90.5820784177283,90.44910130592646,elbow,0,0,0
13.421631489999982,1787213989.1562214,337.38359808921814,-11.30457721236057,0.0,90.55124463162257,90.37104308174129,elbow,0,0,0
13.436376778000067,1787213989.171023,337.3983111381531,-11.556523928301914,0.0,90.51321284434569,90.29094409705185,elbow,0,0,0
13.45129328100029,1787213989.1858943,337.41320276260376,-11.75494465311271,-2.0,90.46981850338517,90.21620944381831,elbow,-1,2,0
13.466005718999895,1787213989.2005942,337.42799401283264,-11.89392073237344,-3.0,90.42682276158261,90.17554323059849,elbow,-2,3,0
13.480942831999982,1787213989.2155502,337.442706823349,-11.976525094015186,-5.0,90.38843792852744,90.16410587975616,elbow,-3,5,0
13.495875223999974,1787213989.2304757,337.4577133655548,-11.999617040212318,-6.0,90.35728616126839,90.17522623770364,elbow,-4,6,0
13.51061188299991,1787213989.245203,337.4725923538208,-11.963813064107637,-7.0,90.33283524662689,90.18993704076583,elbow,-5,7,0
13.525447204000102,1787213989.2600684,337.48728704452515,-11.86898534066317,-8.0,90.31294399988963,90.1966938099573,elbow,-6,8,0
13.540394169000137,1787213989.2750566,337.502259016037,-11.714100753347108,-8.0,90.2939414530762,90.18288508212882,elbow,-6,8,0
13.555189603000144,1787213989.289785,337.51717495918274,-11.502717268330276,-9.0,90.27608600496322,90.17173361006923,elbow,-7,9,0
13.569876412000212,1787213989.3044684,337.5318703651428,-11.236615196721235,-9.0,90.26164688434632,90.17726049387302,elbow,-7,9,0
13.584598108000137,1787213989.3191895,337.5465521812439,-10.91476270001592,-10.0,90.2530158668656,90.20257370832738,elbow,-7,10,0
13.599374877000173,1787213989.333969,337.5613429546356,-10.537642909856325,-10.0,90.2501711916379,90.23354608814975,elbow,-7,10,0
13.614059834000273,1787213989.3486536,337.57605838775635,-10.110896217819368,-10.0,90.24824472260147,90.23698588124562,elbow,-7,10,0
13.628800306999892,1787213989.363393,337.5907588005066,-9.632394454735092,-10.0,90.24377222423955,90.21763365228809,elbow,-7,10,0
13.643829213000117,1787213989.3784387,337.60559701919556,-9.095110969822011,-10.0,90.23647999793967,90.19386212166536,elbow,-7,10,0
13.658916338999916,1787213989.3935404,337.6205823421478,-8.508183105709863,-10.0,90.22859050569673,90.18248203477856,elbow,-7,10,0
13.673823842000274,1787213989.408434,337.6357035636902,-7.884280730263465,-9.0,90.2235749742572,90.19426276018851,elbow,-7,9,0
13.688660793000054,1787213989.4232674,337.6505570411682,-7.222973327583132,-9.0,90.22294771650002,90.21928184103365,elbow,-7,9,0
13.70370532800007,1787213989.4383142,337.6655433177948,-6.514613414964106,-9.0,90.22613148981225,90.24473838042788,elbow,-6,9,0
13.718464449000294,1787213989.4530587,337.68042755126953,-5.786137988915474,-8.0,90.23195692767375,90.26600246874938,elbow,-6,8,0
13.73332134300017,1787213989.4679232,337.69523000717163,-5.022895485602031,-8.0,90.24016842365602,90.28815877741191,elbow,-6,8,0
13.748283048000303,1787213989.4829159,337.71018290519714,-4.227748442134804,-7.0,90.25013526892396,90.3083843907979,elbow,-5,7,0
13.763147534999916,1787213989.4977424,337.72505378723145,-3.4153901318614004,-6.0,90.259992932277,90.31760396351184,elbow,-5,6,0
13.778016280999964,1787213989.5126245,337.739857673645,-2.5845841139975034,-6.0,90.26978834389855,90.32703555803815,elbow,-4,6,0
13.792953505000241,1787213989.527546,337.7548825740814,-1.7358485395542722,-5.0,90.27797198389656,90.32579953923647,elbow,-4,5,0
13.80762768500017,1787213989.5422099,337.7696478366852,-0.8925052828157976,-5.0,90.28140751240103,90.30148573305947,elbow,-3,5,0
13.822223350000058,1787213989.5568016,337.784282207489,-0.04846246726864367,-4.0,90.28148588567063,90.28194392169009,elbow,-3,4,0
13.836911769999915,1787213989.571505,337.79887104034424,0.8019596950147879,-3.0,90.27606031064319,90.24435168343832,elbow,-2,3,0
13.85188552999989,1787213989.586478,337.81387591362,1.6655254372558301,-3.0,90.26796811607322,90.22067499422153,elbow,-2,3,0
13.866583450000235,1787213989.6011717,337.82855796813965,2.5055086400549906,-2.0,90.25314430832685,90.16650969518278,elbow,-1,2,0
13.881425086000036,1787213989.6160314,337.84326696395874,3.3416129244594783,-2.0,90.24473742568364,90.19560517585926,elbow,-1,2,0
13.896194928000114,1787213989.6307886,337.8581590652466,4.157304584400011,-2.0,90.24530953118128,90.24865308091653,elbow,-1,2,0
13.91113724500019,1787213989.6457474,337.8729405403137,4.9615774582263645,-1.0,90.25517192676959,90.31281061455391,elbow,-1,1,0
13.925928104999912,1787213989.660523,337.8878905773163,5.732756794735658,-1.0,90.27640955617116,90.40052839518891,elbow,0,1,0
13.940716688000066,1787213989.6753154,337.9026086330414,6.474944131329187,-1.0,90.30794803258873,90.49226799614593,elbow,0,1,0
13.955423570000221,1787213989.6900148,337.91741490364075,7.18051905407304,-1.0,90.34661918972182,90.57262459908638,elbow,0,1,0
13.970127396999942,1787213989.7047198,337.93209862709045,7.849824396301555,-1.0,90.39041956386566,90.64640159860619,elbow,0,1,0
13.984861926000121,1787213989.719453,337.94680738449097,8.48074667715276,-1.0,90.43453519291296,90.69235966834546,elbow,0,1,0
13.999640546000137,1787213989.7342312,337.96160364151,9.070172761727328,-1.0,90.47346422686086,90.70097674279826,elbow,0,1,0
14.014486145000319,1787213989.7490911,337.97631883621216,9.615315396519184,0.0,90.50904461857539,90.71698670231284,elbow,0,0,0
14.029477737999969,1787213989.7640831,337.9912347793579,10.11501454265897,0.0,90.53642769175107,90.69646227880601,elbow,0,0,0
14.044688857999972,1787213989.7792969,338.00623393058777,10.5669571822738,0.0,90.55541262244697,90.6663660397165,elbow,0,0,0
14.059577084000011,1787213989.794175,338.0214524269104,10.953037775235604,0.0,90.56611286564902,90.62864817683344,elbow,0,0,0
14.074450014999911,1787213989.8090506,338.03628969192505,11.28092078788275,0.0,90.56556830974183,90.56238576776869,elbow,0,0,0
14.089408146000096,1787213989.8240116,338.0512144565582,11.550489198341523,0.0,90.5547663814348,90.49163679313322,elbow,0,0,0
14.10886323700015,1787213989.8434715,338.0706367492676,11.808162752538749,0.0,90.53121143642464,90.39354953581845,elbow,0,0,0
14.124020580999968,1787213989.8586333,338.0858316421509,11.934480832110102,2.0,90.50265598689317,90.33576969386775,elbow,2,-1,0
14.138838774000305,1787213989.873425,338.1007981300354,11.993993053479382,4.0,90.47144467709998,90.2890367697716,elbow,4,-2,0
14.153832977000093,1787213989.8884296,338.1155354976654,11.989319192959375,5.0,90.44405968536132,90.28401388567038,elbow,5,-3,0
14.16857363600002,1787213989.9031546,338.13056468963623,11.920943896966476,6.0,90.42217716920321,90.29428942575603,elbow,6,-4,0
14.183302629000082,1787213989.917894,338.1452317237854,11.789649494591,7.0,90.40530532054109,90.30670136487215,elbow,7,-5,0
14.198024881000038,1787213989.9326067,338.1600685119629,11.596032583750544,8.0,90.3906669880981,90.30511634618678,elbow,8,-6,0
14.212661303000004,1787213989.9472418,338.1746759414673,11.34256611379187,8.0,90.37533949251399,90.2857611821961,elbow,8,-6,0
14.22743044200024,1787213989.9620264,338.18932700157166,11.026357824402007,9.0,90.35798402818752,90.2565536829223,elbow,9,-6,0
14.242258374999892,1787213989.9768593,338.2041566371918,10.649343952381663,9.0,90.33797716114218,90.22105125274174,elbow,9,-7,0
14.257253708000007,1787213989.9918637,338.2189939022064,10.209304280605892,9.0,90.3197558431298,90.2132651988913,elbow,9,-7,0
14.272062496000217,1787213990.0066547,338.23401737213135,9.71894830369508,9.0,90.30220844879763,90.19965640915545,elbow,9,-7,0
14.286915141999998,1787213990.021514,338.2488007545471,9.173974267849722,9.0,90.28576230871626,90.18964631692513,elbow,9,-7,0
14.301697402000173,1787213990.0362883,338.2636950016022,8.581511213317695,9.0,90.2723635119935,90.19405707477218,elbow,9,-7,0
14.316369500000292,1787213990.0509932,338.2783725261688,7.947095818757678,9.0,90.26159376050774,90.19865222284132,elbow,9,-7,0
14.331074318999981,1787213990.0656629,338.2930760383606,7.268196926155353,9.0,90.25718015177833,90.23138574784485,elbow,9,-6,0
14.345736361000036,1787213990.080324,338.30774211883545,6.551849839534523,8.0,90.26072290277843,90.28142776266401,elbow,8,-6,0
14.360383516000184,1787213990.0950038,338.3223993778229,5.800643690849435,8.0,90.27472726679696,90.35657281416458,elbow,8,-6,0
14.375258550000126,1787213990.1098607,338.33710646629333,5.005381028277405,8.0,90.29813513446291,90.43493747259797,elbow,8,-6,0
14.39010895499996,1787213990.1247,338.3520381450653,4.183164265494842,7.0,90.3240762612159,90.47568369698537,elbow,7,-5,0
14.405081855999924,1787213990.1396816,338.3669316768646,3.3300936170384565,6.0,90.34598780027845,90.47404516196009,elbow,6,-5,0
14.419811303000188,1787213990.1543982,338.3817961215973,2.471879903184032,6.0,90.35869267652258,90.43294364208326,elbow,6,-4,0
14.434506863000024,1787213990.1690943,338.39647459983826,1.6014733952985982,5.0,90.36229731544503,90.38336386622022,elbow,5,-4,0
14.449480762999883,1787213990.184082,338.41130352020264,0.7048798817660906,4.0,90.3620103274425,90.36033308668215,elbow,4,-3,0
14.464235727999949,1787213990.198828,338.4262001514435,-0.18331284468470316,4.0,90.36118083171549,90.35633301915308,elbow,4,-3,0
14.479190814000049,1787213990.2137973,338.44097352027893,-1.083310666642764,3.0,90.362011848818,90.36686855273805,elbow,3,-2,0
14.494814484000017,1787213990.2294161,338.4567332267761,-2.017795074232965,3.0,90.36079072857628,90.35365414926052,elbow,3,-2,0
14.509877640000013,1787213990.2444918,338.471586227417,-2.9078528540112565,2.0,90.35497455488138,90.32098315627066,elbow,2,-1,0
14.525010199999997,1787213990.2596207,338.48685097694397,-3.7859764747031805,2.0,90.34291284784399,90.27242074885564,elbow,2,-1,0
14.540107985000304,1787213990.2747045,338.50205159187317,-4.6409424211641985,2.0,90.32751960087462,90.23755702047421,elbow,2,-1,0
14.555066848000024,1787213990.2896624,338.5169937610626,-5.462278874104103,1.0,90.31041037029476,90.21041908614973,elbow,1,-1,0
14.569780758999968,1787213990.3043656,338.53176760673523,-6.240519632513781,1.0,90.29380945521326,90.19678891362702,elbow,1,0,0
14.584530373000234,1787213990.3191183,338.5464560985565,-6.986713867768376,1.0,90.28136530613789,90.20863810544168,elbow,1,0,0
14.599321668999892,1787213990.3339021,338.5613856315613,-7.696634095827228,1.0,90.27033336888724,90.20585954189944,elbow,1,0,0
14.61390286400001,1787213990.3484817,338.57596802711487,-8.354873470892562,1.0,90.25834400253319,90.18827468338816,elbow,1,0,0
14.628491706000204,1787213990.3630695,338.590544462204,-8.96840201098437,1.0,90.24458356718058,90.1641636093759,elbow,1,0,0
14.643152952000037,1787213990.3777394,338.6051309108734,-9.536063611971873,0.0,90.22986434885705,90.14384098650237,elbow,0,0,0
14.65803305999998,1787213990.3926404,338.6198513507843,-10.058706048633674,0.0,90.2144167483824,90.12413651040156,elbow,0,0,0
14.673055644000215,1787213990.4076617,338.6348195075989,-10.528517836012155,0.0,90.20117150084536,90.12376244940577,elbow,0,0,0
14.687979879000068,1787213990.4225795,338.64982867240906,-10.934858380510939,0.0,90.19238905615242,90.14106191325831,elbow,0,0,0
14.70274064000023,1787213990.4373288,338.66470766067505,-11.27507379219542,0.0,90.1861388853924,90.14961108260762,elbow,0,0,0
14.717426552000234,1787213990.452011,338.6794149875641,-11.550619660922496,0.0,90.18202517935671,90.15798349336842,elbow,0,0,0
14.732114167999953,1787213990.4666991,338.69408988952637,-11.761688564227892,0.0,90.17994411843655,90.16778179747071,elbow,0,0,0
14.74710664200029,1787213990.4817142,338.70898842811584,-11.909198037396223,-2.0,90.18061112217403,90.18450928462663,elbow,-1,2,0
14.761840829999983,1787213990.4964292,338.7238299846649,-11.98628282946837,-3.0,90.18187031140513,90.18922937688804,elbow,-2,3,0
14.77655903699997,1787213990.5111475,338.73851323127747,-11.995481453819094,-5.0,90.18305348499763,90.18996829313748,elbow,-3,5,0
14.791260133999913,1787213990.5258505,338.75322914123535,-11.936791990593713,-6.0,90.18260685910455,90.17999664841312,elbow,-4,6,0
14.806142575000194,1787213990.5407436,338.7679703235626,-11.808440036235133,-7.0,90.18180798202279,90.17713911366502,elbow,-5,7,0
14.821128715000214,1787213990.5557466,338.78291964530945,-11.609676076513145,-8.0,90.18188527199827,90.182336976934,elbow,-6,8,0
14.836031582000032,1787213990.5706327,338.79789781570435,-11.343814787381943,-8.0,90.18448104118346,90.19965146588258,elbow,-6,8,0
14.851165883000249,1787213990.5857747,338.8130052089691,-11.005640500187976,-9.0,90.18900066517098,90.21541465288686,elbow,-6,9,0
14.865924440000072,1787213990.6005223,338.8278946876526,-10.611457818983983,-9.0,90.19606801809202,90.23737166940367,elbow,-7,9,0
14.881249991999994,1787213990.6158621,338.84266805648804,-10.137101819310061,-9.0,90.2038933993854,90.24962718740102,elbow,-7,9,0
14.896476770999925,1787213990.6311028,338.85808968544006,-9.602896807172499,-9.0,90.21037520167755,90.24825672602441,elbow,-7,9,0
14.911459429999923,1787213990.6460767,338.87329173088074,-9.019086809624554,-9.0,90.21506576881994,90.24247879769615,elbow,-7,9,0
14.926473347999945,1787213990.6610932,338.8882484436035,-8.379541620016138,-9.0,90.21730538003781,90.23039431472807,elbow,-7,9,0
14.94127256999991,1787213990.6758652,338.90324687957764,-7.699330122387119,-9.0,90.22073810735617,90.24079995707407,elbow,-7,9,0
14.956015961000048,1787213990.6906073,338.917982339859,-6.9763496255429445,-9.0,90.22696901973777,90.26338427099776,elbow,-6,9,0
14.970650190000015,1787213990.7052329,338.93270564079285,-6.218007884331809,-8.0,90.23432760992426,90.27733333591588,elbow,-6,8,0
14.98526358700019,1787213990.7198477,338.94729471206665,-5.424513926665803,-8.0,90.24260326499737,90.29096858300734,elbow,-6,8,0
14.999922037000033,1787213990.7345018,338.9619436264038,-4.5966812253339295,-7.0,90.24981619527117,90.29197064267069,elbow,-5,7,0
15.014488195000013,1787213990.7490625,338.97656631469727,-3.7470599911357674,-7.0,90.25669764026638,90.29691479197483,elbow,-5,7,0
15.029533721999996,1787213990.7641354,338.9911243915558,-2.846309512461433,-6.0,90.263466042937,90.30302254265722,elbow,-4,6,0
15.044336667000152,1787213990.7790442,339.00626277923584,-1.9423270633354273,-6.0,90.269626824089,90.30563220819147,elbow,-4,6,0
15.059183553999901,1787213990.7937782,339.0211443901062,-1.0233359772929853,-5.0,90.27654536317687,90.3169793034744,elbow,-3,5,0
15.074092327000017,1787213990.8087006,339.03589940071106,-0.0935805467241205,-4.0,90.2852607869034,90.33619623991613,elbow,-3,4,0
15.089040468999883,1787213990.8236427,339.0508990287781,0.8400015584712566,-3.0,90.29755322758841,90.36939380064251,elbow,-2,3,0
15.10388874499995,1787213990.8384871,339.0658688545227,1.7631181551258124,-3.0,90.31441749412181,90.41297713764106,elbow,-2,3,0
15.118579174999923,1787213990.8531709,339.0805733203888,2.6668213394663978,-2.0,90.33234509978199,90.4371192042188,elbow,-1,2,0
15.133293660000163,1787213990.8678854,339.0952455997467,3.557057066898177,-2.0,90.34585714880143,90.42482546514843,elbow,-1,2,0
15.148017737999908,1787213990.882615,339.109982252121,4.427595253167089,-2.0,90.35293631341705,90.39430899568265,elbow,-1,2,0
15.162701909000134,1787213990.8972912,339.12470030784607,5.270385600549335,-1.0,90.3537917676164,90.35879128898713,elbow,-1,1,0
15.17759831300009,1787213990.9122071,339.13937163352966,6.094268905080188,-1.0,90.35085411189475,90.33368560354988,elbow,0,1,0
15.192581324000002,1787213990.9271939,339.15434980392456,6.88623059007128,-1.0,90.34834759288069,90.33369877195442,elbow,0,1,0
15.207404397000118,1787213990.9419973,339.16933822631836,7.6286309771688146,-1.0,90.34675942019504,90.33747768040314,elbow,0,1,0
15.222087790999922,1787213990.9566786,339.1840817928314,8.31918951513657,-1.0,90.34545710597656,90.33784600561422,elbow,0,1,0
15.237041581000085,1787213990.9716337,339.19879150390625,8.972213037496115,-1.0,90.34404844383326,90.33581581548815,elbow,0,1,0
15.251857376000316,1787213990.9864385,339.2139196395874,9.565129424124015,-1.0,90.34100342177324,90.32320743354272,elbow,0,1,0
15.266626933000225,1787213991.001213,339.2285165786743,10.098885301464517,0.0,90.33837286627237,90.32299914029917,elbow,0,0,0
15.28136640799994,1787213991.0159495,339.24333596229553,10.571142507481099,0.0,90.33529908272439,90.31733500405288,elbow,0,0,0
15.296166882000307,1787213991.030761,339.2580337524414,10.98160115323428,0.0,90.33291034817962,90.31894989370464,elbow,0,0,0
15.311041315000239,1787213991.0456269,339.27299094200134,11.327062043575102,0.0,90.33166182266852,90.32436507904467,elbow,0,0,0
15.325849584000025,1787213991.0604415,339.28774070739746,11.601938154123989,0.0,90.33159757145118,90.33122206878322,elbow,0,0,0
15.343092718000207,1787213991.0776854,339.30504393577576,11.832742185016986,0.0,90.33316168221891,90.34230279721419,elbow,0,0,0
15.358107424000082,1787213991.0926945,339.32006430625916,11.95385322456796,0.0,90.33475853628916,90.34409101259958,elbow,0,0,0
15.37302446600006,1787213991.1076224,339.33494567871094,11.99954096793328,2.0,90.33808746945101,90.35754271614566,elbow,2,-1,0
15.387737888000174,1787213991.1223192,339.3497402667999,11.971261538772941,3.0,90.34315916900358,90.37279964574466,elbow,3,-2,0
15.40257160100009,1787213991.1371555,339.3645067214966,11.869002622879075,5.0,90.34767172033725,90.37404437342158,elbow,5,-3,0
15.41721206200009,1787213991.1517866,339.3792624473572,11.695900764971075,6.0,90.35299656833556,90.38411651769526,elbow,6,-4,0
15.431824766000318,1787213991.1664035,339.3938512802124,11.452494446498907,7.0,90.36000542257811,90.40096719072004,elbow,7,-5,0
15.44662672100003,1787213991.1812155,339.4085376262665,11.135317889737852,7.0,90.36923121479182,90.42314940862283,elbow,7,-5,0
15.461317995000172,1787213991.1959078,339.42330598831177,10.751991092128028,8.0,90.37636071252686,90.41802755607709,elbow,8,-6,0
15.476236814999993,1787213991.21085,339.43802213668823,10.295110608345844,8.0,90.38298897632033,90.4217264639746,elbow,8,-6,0
15.491117878000296,1787213991.225717,339.45305252075195,9.77419749087949,9.0,90.38890046479135,90.42344891047777,elbow,9,-6,0
15.506041458000254,1787213991.2406487,339.4678416252136,9.189545127759418,9.0,90.39487962879204,90.42982358981659,elbow,9,-6,0
15.520862892999958,1787213991.2554543,339.4827961921692,8.550696387732138,9.0,90.40190553413463,90.44296695382896,elbow,9,-6,0
15.535568278000028,1787213991.2701566,339.4975435733795,7.863342055561326,9.0,90.40862266266625,90.44787950151174,elbow,9,-6,0
15.550365788999898,1787213991.2849548,339.51235365867615,7.122056416506288,8.0,90.4137093539118,90.44343744643581,elbow,8,-6,0
15.565057619000072,1787213991.2996461,339.5270390510559,6.341271249823679,8.0,90.4175205983691,90.43979461155148,elbow,8,-6,0
15.57976522600029,1787213991.3143537,339.5417277812958,5.519685573958719,8.0,90.42030829979633,90.43660043194228,elbow,8,-6,0
15.59452701500004,1787213991.3291142,339.5565106868744,4.6599073001859965,7.0,90.4221947974043,90.43322003418965,elbow,7,-5,0
15.609192920000169,1787213991.3437757,339.5711979866028,3.776059937587548,7.0,90.42515075217649,90.44242620545694,elbow,7,-5,0
15.623870472999897,1787213991.3584547,339.5858519077301,2.86734462518489,6.0,90.42871733244493,90.44956145745593,elbow,6,-4,0
15.638762109000254,1787213991.3733664,339.6005527973175,1.9264106067457207,6.0,90.43324861488308,90.45973073795106,elbow,6,-4,0
15.654506452000078,1787213991.389113,339.6155700683594,0.9174310489425795,5.0,90.4379129916433,90.4651729563631,elbow,5,-3,0
15.6692939630002,1787213991.403884,339.63125920295715,-0.037177625179477355,4.0,90.44374169242754,90.47780630296585,elbow,4,-3,0
15.684161322999898,1787213991.4187684,339.6459951400757,-0.997493048099219,3.0,90.45049887629641,90.4899898100996,elbow,3,-2,0
15.700911216999884,1787213991.4355237,339.6626765727997,-2.072378808812606,3.0,90.45798587761459,90.5017420753411,elbow,3,-2,0
15.719437354000092,1787213991.454048,339.68124747276306,-3.2423515444307993,2.0,90.46568024798252,90.5106483703178,elbow,2,-1,0
15.734723086000031,1787213991.4693418,339.69651770591736,-4.184665259995078,2.0,90.47312796500391,90.51665457395586,elbow,2,-1,0
15.75116056700017,1787213991.4857674,339.71271228790283,-5.16681283726428,2.0,90.4827607217573,90.53905733387741,elbow,2,-1,0
15.76592743099991,1787213991.500523,339.727903842926,-6.015276040510564,1.0,90.49183630867401,90.54487665937451,elbow,1,-1,0
15.780634796999948,1787213991.515217,339.74262833595276,-6.822782470227789,1.0,90.50028611167967,90.54966920049628,elbow,1,0,0
15.795245462999901,1787213991.5298266,339.75730299949646,-7.582714845076701,1.0,90.50896595879121,90.55969349179246,elbow,1,0,0
15.809837316000085,1787213991.5444179,339.7718858718872,-8.294745948107717,1.0,90.518016805996,90.570912570676,elbow,1,0,0
15.824462333000156,1787213991.5590405,339.7864842414856,-8.95673658723534,1.0,90.52822867955895,90.58790981754582,elbow,1,0,0
15.839379321000251,1787213991.5739589,339.8014416694641,-9.57420374599753,1.0,90.53817820500872,90.59632610486385,elbow,1,0,0
15.854123037000136,1787213991.5887125,339.81603622436523,-10.123107028057401,0.0,90.54658631270777,90.59572572211219,elbow,0,0,0
15.868800496999938,1787213991.6033795,339.83081912994385,-10.605249503228336,0.0,90.54964656254982,90.5675315463358,elbow,0,0,0
15.883467328000279,1787213991.6180515,339.84544682502747,-11.01972166006243,0.0,90.54759549665123,90.5356084752531,elbow,0,0,0
15.898109844999908,1787213991.632688,339.8601496219635,-11.36356914075829,0.0,90.54166812738085,90.50702686971697,elbow,0,0,0
15.912929521000024,1787213991.647523,339.87478399276733,-11.638004756544413,0.0,90.53515511820464,90.4970912118158,elbow,0,0,0
15.927588611999909,1787213991.662167,339.8896415233612,-11.834717040034434,0.0,90.53040604853818,90.50265111401745,elbow,0,0,0
15.942275738000262,1787213991.6768675,339.90423250198364,-11.955793675710337,0.0,90.52742208133294,90.50998291530469,elbow,0,0,0
15.95699138100008,1787213991.691587,339.9189655780792,-11.999829066028125,-2.0,90.52587912920124,90.51686167138496,elbow,-1,2,0
15.971670193000136,1787213991.7062576,339.93366742134094,-11.96622017157837,-3.0,90.52332467661978,90.5083957180839,elbow,-2,3,0
15.986377430000175,1787213991.7209682,339.94833397865295,-11.854912530112378,-5.0,90.52152850294523,90.51103114530964,elbow,-3,5,0
16.001302786999986,1787213991.7359076,339.9631278514862,-11.66305851990602,-6.0,90.51985326792132,90.51006271068364,elbow,-4,6,0
16.01607859500018,1787213991.7506738,339.97804284095764,-11.395906725478433,-7.0,90.52071110586587,90.52572455853185,elbow,-5,7,0
16.03105548700023,1787213991.76566,339.99278593063354,-11.048329017387884,-7.0,90.52118541588675,90.52395742061533,elbow,-5,7,0
16.04575396500013,1787213991.7803402,340.00779151916504,-10.634126666216542,-8.0,90.52290688885059,90.53296767396141,elbow,-6,8,0
16.06036153900004,1787213991.7949767,340.02241230010986,-10.153272512457985,-8.0,90.52659691362226,90.54816248395719,elbow,-6,8,0
16.075087775000156,1787213991.8096852,340.0370535850525,-9.601664670859662,-9.0,90.53082819356729,90.5555570154337,elbow,-6,9,0
16.0900694070001,1787213991.824668,340.0520210266113,-8.975189868791778,-9.0,90.53599084100674,90.56616284346177,elbow,-6,9,0
16.10499189400025,1787213991.839585,340.0668959617615,-8.289778180446994,-9.0,90.54215617203104,90.57818814690108,elbow,-6,9,0
16.12300212700029,1787213991.8576016,340.08494091033936,-7.387360777398538,-8.0,90.54873595819657,90.58719012859424,elbow,-6,8,0
16.137829192000027,1787213991.8724296,340.099732875824,-6.588488974219415,-8.0,90.55623103550131,90.6000344316254,elbow,-6,8,0
16.15260083300018,1787213991.8871908,340.11453795433044,-5.747924675590734,-8.0,90.56339851586733,90.60528734088123,elbow,-6,8,0
16.1674090649999,1787213991.9020064,340.1293137073517,-4.866057824946243,-7.0,90.56881276863396,90.6004552252771,elbow,-5,7,0
16.182255741000063,1787213991.916849,340.14416337013245,-3.948339185577262,-7.0,90.57450695140506,90.6077853998298,elbow,-5,7,0
16.196958589000133,1787213991.9315407,340.15896821022034,-3.0124112124686415,-6.0,90.58206831324082,90.6262590953052,elbow,-4,6,0
16.211553644000105,1787213991.9461315,340.17362332344055,-2.062770874097466,-6.0,90.58826614151519,90.62448803969883,elbow,-4,6,0
16.22611047999999,1787213991.9606864,340.1881899833679,-1.1013708146547734,-5.0,90.59596947466744,90.64098997810243,elbow,-3,5,0
16.24089147299992,1787213991.9754837,340.2027590274811,-0.1170478508808839,-4.0,90.60320670390162,90.64550316144249,elbow,-3,4,0
16.255550267000217,1787213991.9901278,340.21760630607605,0.8607196522505809,-3.0,90.60972118060481,90.6477936636451,elbow,-2,3,0
16.270331796999926,1787213992.0049298,340.23221921920776,1.8416471758167865,-3.0,90.61436459085743,90.64150202125242,elbow,-2,3,0
16.28505578400018,1787213992.019642,340.24705505371094,2.807142551527009,-2.0,90.617542966517,90.6361183116917,elbow,-1,2,0
16.29972634700016,1787213992.034307,340.2617905139923,3.7511098892803396,-2.0,90.61814055925653,90.62163306379337,elbow,-1,2,0
16.314323432000037,1787213992.048905,340.27637338638306,4.666176513692405,-2.0,90.61716191532268,90.61144243757008,elbow,-1,2,0
16.328937442000097,1787213992.063517,340.29097533226013,5.5519913536233805,-1.0,90.61330315176589,90.59075142324394,elbow,-1,1,0
16.343674112999906,1787213992.0782692,340.3056478500366,6.40845957373601,-1.0,90.60809009781235,90.57762350513309,elbow,-1,1,0
16.358364916000028,1787213992.0929568,340.3203601837158,7.219644228197064,-1.0,90.6023475029977,90.56878612061048,elbow,0,1,0
16.373040368000147,1787213992.107629,340.33503580093384,7.9819160407160705,-1.0,90.59721931371514,90.56724869467953,elbow,0,1,0
16.38785927700019,1787213992.1224644,340.34971046447754,8.697531730414939,-1.0,90.59471053764966,90.58004852586315,elbow,0,1,0
16.402800793000097,1787213992.1374118,340.36466693878174,9.358893161211503,-1.0,90.5934890959354,90.58635063784124,elbow,0,1,0
16.417703328000243,1787213992.1523085,340.3795828819275,9.953585662346615,-1.0,90.59068711107145,90.57431150239671,elbow,0,1,0
16.432527015000232,1787213992.1671178,340.39441871643066,10.476503897429847,0.0,90.58692856418212,90.56496253080445,elbow,0,0,0
16.44741534700006,1787213992.182001,340.40929794311523,10.928978619458189,0.0,90.5849525797946,90.57340435642855,elbow,0,0,0
16.462052541000048,1787213992.1966293,340.4241166114807,11.299530647192185,0.0,90.58616054188622,90.5932202211731,elbow,0,0,0
16.47671058600008,1787213992.2112916,340.4386959075928,11.594081050994866,0.0,90.58882194073871,90.6043759241654,elbow,0,0,0
16.49134513199988,1787213992.2259202,340.4533803462982,11.809577448168643,0.0,90.59298438841552,90.61731093462967,elbow,0,0,0
16.506083025999942,1787213992.2406766,340.46797943115234,11.945569322952359,0.0,90.59966002662672,90.63867438405858,elbow,0,0,0
16.52125140299995,1787213992.2558448,340.4828464984894,11.999437547833363,0.0,90.60644134881383,90.64607335391926,elbow,0,0,0
16.53605440499996,1787213992.2706547,340.49798226356506,11.967227088456928,2.0,90.6126962294899,90.64925155838411,elbow,2,-1,0
16.550945200000115,1787213992.2855394,340.5128574371338,11.85035457856862,3.0,90.61774893437742,90.64727840081076,elbow,3,-2,0
16.56559846800019,1787213992.3001738,340.5276515483856,11.653246443846328,5.0,90.62189452472167,90.64612255181649,elbow,5,-3,0
16.580282438000268,1787213992.3148687,340.5422399044037,11.37520145965545,6.0,90.62774561805703,90.66194109713044,elbow,6,-4,0
16.59495490800009,1787213992.3295317,340.5570001602173,11.018589929354446,7.0,90.63614585278154,90.6852392502492,elbow,7,-5,0
16.60960986100008,1787213992.3441923,340.57160568237305,10.586067801310737,7.0,90.6410967551737,90.67003125842673,elbow,7,-5,0
16.624259573000018,1787213992.358842,340.5862832069397,10.080259146014356,8.0,90.64085061844582,90.63941212433116,elbow,8,-6,0
16.63889545300026,1787213992.373476,340.60096287727356,9.504924382308321,8.0,90.6343619368175,90.59644020764355,elbow,8,-6,0
16.653645661000155,1787213992.388241,340.615606546402,8.8581736647178,8.0,90.6255797671383,90.57425423150396,elbow,8,-6,0
16.668483180000294,1787213992.4030757,340.6303765773773,8.144243335520859,8.0,90.6156480999219,90.55760456873945,elbow,8,-6,0
16.683345550000013,1787213992.4179423,340.6451988220215,7.370364186665045,8.0,90.60620866207665,90.55104186148047,elbow,8,-6,0
16.69817788499995,1787213992.4327593,340.6602153778076,6.544806137463141,8.0,90.59719867286412,90.54454169408949,elbow,8,-6,0
16.712788764999914,1787213992.447366,340.6748285293579,5.685189683100637,8.0,90.5875455707585,90.53113005452472,elbow,8,-6,0
16.727349685000263,1787213992.4619238,340.68943428993225,4.788567239980835,7.0,90.57720252056619,90.51675474847748,elbow,7,-5,0
16.742062228000123,1787213992.4766536,340.70400524139404,3.848332963876369,7.0,90.5670434188342,90.50767069466642,elbow,7,-5,0
16.756856249000066,1787213992.4914455,340.71878027915955,2.874758558227839,6.0,90.55713185939359,90.49920584385937,elbow,6,-4,0
16.77159897599995,1787213992.506187,340.7335424423218,1.8833377838391832,5.0,90.54883416712214,90.50034005736129,elbow,5,-4,0
16.78632883299997,1787213992.5209153,340.74831652641296,0.8786268277467624,5.0,90.54215355555581,90.5031101324005,elbow,5,-3,0
16.80180234599993,1787213992.5364053,340.7636351585388,-0.18425229990529363,4.0,90.53604433569221,90.50034029064855,elbow,4,-3,0
16.816603700000087,1787213992.5511932,340.77853751182556,-1.200532381843364,3.0,90.53190220306948,90.50769438389761,elbow,3,-2,0
16.8314371270003,1787213992.566046,340.7932949066162,-2.2111290232941925,3.0,90.53061197012329,90.52307147620489,elbow,3,-2,0
16.846211760000187,1787213992.580804,340.80815744400024,-3.2025865306463785,2.0,90.53104311793896,90.53356287027643,elbow,2,-1,0
16.86096072700002,1787213992.5955508,340.82289385795593,-4.170093665867453,2.0,90.53032361185991,90.52611861056198,elbow,2,-1,0
16.875779970000167,1787213992.6103845,340.83764362335205,-5.112770019897597,2.0,90.52703840172148,90.50783868500159,elbow,2,-1,0
16.890775020000092,1787213992.6253848,340.8526072502136,-6.029530373730596,1.0,90.5223731371971,90.49510798412712,elbow,1,-1,0
16.905607521000093,1787213992.6402187,340.86752557754517,-6.892880113932513,1.0,90.51452048749653,90.46862733503488,elbow,1,0,0
16.924370643000202,1787213992.6590598,340.88596987724304,-7.913085333151814,1.0,90.50957853428258,90.48069633261136,elbow,1,0,0
16.93979308400003,1787213992.6744032,340.90161085128784,-8.683543040805052,1.0,90.50713939444432,90.49288435687862,elbow,1,0,0
16.9545818280003,1787213992.6891668,340.91653990745544,-9.358377429058677,1.0,90.50453275821535,90.4892988233743,elbow,1,0,0
16.969251039000028,1787213992.703837,340.93124771118164,-9.960815614316619,1.0,90.50059378791077,90.47757330799352,elbow,1,0,0
16.983881010999994,1787213992.7184596,340.94592022895813,-10.49076029841194,0.0,90.49341635567087,90.45146936903218,elbow,0,0,0
16.998520594000183,1787213992.7330978,340.96058416366577,-10.94622700216084,0.0,90.48307824543441,90.42265934387416,elbow,0,0,0
17.013099605000207,1787213992.7476728,340.9751706123352,-11.32200313562863,0.0,90.46685413639425,90.37203575812391,elbow,0,0,0
17.027638581000247,1787213992.7622092,340.98973965644836,-11.61657131244791,0.0,90.44791880674136,90.33725527229042,elbow,0,0,0
17.04240262200028,1787213992.7769933,341.0042781829834,-11.831422257784759,0.0,90.42530086253612,90.29311506521185,elbow,0,0,0
17.05722367899989,1787213992.7918165,341.019184589386,-11.959910871354195,0.0,90.39954203078314,90.24899997963507,elbow,0,0,0
17.07202586700032,1787213992.8066185,341.03392696380615,-11.999891795268757,0.0,90.36761829026484,90.1810467320502,elbow,0,0,0
17.086833017000117,1787213992.8214364,341.0487220287323,-11.95105232306723,-2.0,90.32789957046255,90.0957719023543,elbow,-1,2,0
17.101835733999906,1787213992.8364413,341.06365275382996,-11.81111351600515,-3.0,90.28423677275632,90.02905877444516,elbow,-2,3,0
17.11665519799999,1787213992.8512497,341.07858777046204,-11.58432897951969,-5.0,90.24046235459313,89.98463201409892,elbow,-3,5,0
17.13135439000007,1787213992.8659422,341.0933418273926,-11.273910105595533,-6.0,90.19824396205188,89.95150748462609,elbow,-4,6,0
17.146056841000245,1787213992.8806477,341.1080276966095,-10.880357586691792,-7.0,90.15947699318522,89.93291163238221,elbow,-5,7,0
17.16080014199997,1787213992.8953876,341.1227595806122,-10.405011150655529,-7.0,90.14741707979975,90.07693546343118,elbow,-5,7,0
17.175660419999986,1787213992.910275,341.1374695301056,-9.847501519763899,-8.0,90.15361551299483,90.18984094650985,elbow,-6,8,0
17.191180207999878,1787213992.9257894,341.1529915332794,-9.185586047360363,-8.0,90.17015618899269,90.2668246759789,elbow,-6,8,0
17.20620623900004,1787213992.9408154,341.16798639297485,-8.47206642555308,-8.0,90.22933414726657,90.57518722425142,elbow,-6,8,0
17.2210159440001,1787213992.9556105,341.18295669555664,-7.704130890761215,-8.0,90.31634144912283,90.82483724628898,elbow,-6,8,0
17.235879166999894,1787213992.9704878,341.19772505760193,-6.87454818395011,-8.0,90.42134430468238,91.03501131427053,elbow,-6,8,0
17.2507677399999,1787213992.9853644,341.2126898765564,-5.990596455668568,-7.0,90.54052966406124,91.23708332145434,elbow,-5,7,0
17.26546693099999,1787213993.0000544,341.22746753692627,-5.07236058946064,-7.0,90.66168725257813,91.36976718657492,elbow,-5,7,0
17.28024242399988,1787213993.0148356,341.2421705722809,-4.1105984067460355,-7.0,90.78346504671069,91.49516964142236,elbow,-5,7,0
17.295028566999918,1787213993.0296216,341.25698947906494,-3.1163990638417554,-6.0,90.9001933971238,91.58238758461002,elbow,-4,6,0
17.309816302999934,1787213993.0444202,341.2717216014862,-2.0977756279154693,-5.0,91.00965928147328,91.64940952009961,elbow,-4,5,0
17.324615890000132,1787213993.0592008,341.2865595817566,-1.061658283055234,-5.0,91.11085895418367,91.70229906495545,elbow,-3,5,0
17.339298777000295,1787213993.0738842,341.30129289627075,-0.024942122562471754,-4.0,91.19843259175273,91.71023821836538,elbow,-3,4,0
17.35426352500008,1787213993.0888555,341.31619215011597,1.032621686182778,-3.0,91.27014220397841,91.68923388542608,elbow,-2,3,0
17.36894363500005,1787213993.1035237,341.330992937088,2.063094925181206,-3.0,91.32408418243868,91.6393366813978,elbow,-2,3,0
17.383550173999993,1787213993.118129,341.3455934524536,3.0738146577806744,-2.0,91.35714375857529,91.5503534681389,elbow,-1,2,0
17.39832407599988,1787213993.1329033,341.3603844642639,4.073581198103536,-2.0,91.35907273698477,91.37034624384133,elbow,-1,2,0
17.413047888000165,1787213993.1476412,341.3749659061432,5.039809205827044,-2.0,91.32597574988972,91.13254739988182,elbow,-1,2,0
17.427806717000294,1787213993.162398,341.38977098464966,5.9706888682051495,-1.0,91.25925635695631,90.86932895807935,elbow,-1,1,0
17.44262778500024,1787213993.177223,341.4045162200928,6.860320999325843,-1.0,91.16763544015225,90.63217634495655,elbow,0,1,0
17.457314691000192,1787213993.191894,341.4193432331085,7.690404654244785,-1.0,91.06263309768617,90.44896908676436,elbow,0,1,0
17.472061576000215,1787213993.206656,341.4340181350708,8.465822622597702,-1.0,90.95425796914238,90.32088242242214,elbow,0,1,0
17.486872217999917,1787213993.2214723,341.44875025749207,9.179932227893698,-1.0,90.84324397870903,90.19444616108157,elbow,0,1,0
17.501660750000156,1787213993.2362523,341.4636421203613,9.822672650449285,-1.0,90.72273028741841,90.01841347475035,elbow,0,1,0
17.51639409900008,1787213993.2510328,341.47833466529846,10.388064137707236,-1.0,90.61502628815654,89.9855730147621,elbow,0,1,0
17.5311335209999,1787213993.2657182,341.49311995506287,10.87431195367476,0.0,90.50871958989711,89.88743254705984,elbow,0,0,0
17.545804928000052,1787213993.280391,341.50779247283936,11.275582867815924,0.0,90.40549822837079,89.80224278435519,elbow,0,0,0
17.560528128999977,1787213993.2951124,341.52246952056885,11.592014771908616,0.0,90.31238917815189,89.76823300155132,elbow,0,0,0
17.57522677499992,1787213993.309812,341.5372142791748,11.819106897813162,0.0,90.23951684200443,89.81362986619786,elbow,0,0,0
17.589999567000177,1787213993.3246,341.5518925189972,11.955970245366135,0.0,90.18945751550221,89.89689635578024,elbow,0,0,0
17.60494681499995,1787213993.3395493,341.56675124168396,11.999923032706484,0.0,90.1555051139711,89.95707747498065,elbow,0,0,0
17.61969877399997,1787213993.3542852,341.581684589386,11.949523274176052,0.0,90.12825038144567,89.96896585421177,elbow,0,0,0
17.634556840000187,1787213993.3691661,341.59638023376465,11.804776574195298,2.0,90.11048254770586,90.00664219650909,elbow,2,-1,0
17.65280923599994,1787213993.3874028,341.61474537849426,11.499290596859302,4.0,90.1067893043867,90.08520492393077,elbow,4,-2,0
17.669025249000242,1787213993.4036386,341.6308078765869,11.112293715490132,5.0,90.10905406741438,90.12228999654425,elbow,5,-3,0
17.68378530000018,1787213993.418361,341.64579010009766,10.668420990852098,6.0,90.11205890025037,90.12962001105022,elbow,6,-4,0
17.702632599000026,1787213993.437214,341.6646339893341,9.980122196898677,7.0,90.11907803998055,90.1600999194822,elbow,7,-5,0
17.71729763500025,1787213993.4518743,341.6793403625488,9.355251160927725,7.0,90.13009364345007,90.19447201110417,elbow,7,-5,0
17.731924061999962,1787213993.4664996,341.69394636154175,8.659222721842266,7.0,90.14983164679444,90.26518623808663,elbow,7,-5,0
17.74657421100028,1787213993.481146,341.70860862731934,7.89442465913322,7.0,90.17624319147114,90.33059988542955,elbow,7,-5,0
17.76105582900027,1787213993.4956145,341.7232301235199,7.077560605045843,7.0,90.20027232200707,90.34070549975644,elbow,7,-5,0
17.77534854600026,1787213993.509873,341.7377073764801,6.2179746461663274,7.0,90.21806110348875,90.3220238793381,elbow,7,-5,0
17.789438143000098,1787213993.523963,341.75184988975525,5.324827862809416,7.0,90.23069578752573,90.30453652955839,elbow,7,-5,0
17.803555812000013,1787213993.5380836,341.7659432888031,4.390720851980186,6.0,90.24119026613211,90.30252302960068,elbow,6,-5,0
17.81790700900001,1787213993.5524466,341.7800672054291,3.4078626504181573,6.0,90.2489601835769,90.29436982484508,elbow,6,-4,0
17.83223959499992,1787213993.566779,341.79448199272156,2.400025749056995,5.0,90.25129728667237,90.26495599204813,elbow,5,-4,0
17.846610531999886,1787213993.5811477,341.8088929653168,1.3706957342807347,5.0,90.24904483243787,90.23588083944973,elbow,5,-3,0
17.86077745900002,1787213993.5953026,341.8231682777405,0.3450835897758891,4.0,90.2428048186064,90.20633637584513,elbow,4,-3,0
17.87486333300012,1787213993.609385,341.83728408813477,-0.6779110141331464,3.0,90.23430715727085,90.18464437055432,elbow,3,-2,0
17.88900129800004,1787213993.6235328,341.8513617515564,-1.7004442802915327,3.0,90.22820883840139,90.19256850191533,elbow,3,-2,0
17.903113207999922,1787213993.6376374,341.8655297756195,-2.7093702781575044,2.0,90.22420616098533,90.20081335831183,elbow,2,-1,0
17.91717808300018,1787213993.6517012,341.8796091079712,-3.6959046562754754,2.0,90.21492373545593,90.16067456017402,elbow,2,-1,0
17.93124649399988,1787213993.6657696,341.89366817474365,-4.656442101167935,2.0,90.19655386027543,90.08919500504759,elbow,2,-1,0
17.945360904000154,1787213993.6798892,341.9077396392822,-5.586632996217141,1.0,90.17140020121069,90.02439495400853,elbow,1,-1,0
17.959466110999983,1787213993.6939917,341.921870470047,-6.475807761662228,1.0,90.14248454867682,89.97349312528945,elbow,1,-1,0
17.97372055300002,1787213993.7082624,341.9359908103943,-7.326590583614323,1.0,90.10964632317716,89.91773025065538,elbow,1,0,0
17.988037288000214,1787213993.7225766,341.9503176212311,-8.126190299858234,1.0,90.07693963948638,89.88579233528112,elbow,1,0,0
18.00222769500033,1787213993.7367566,341.964617729187,-8.858350010871874,1.0,90.04890402121723,89.88505577220043,elbow,1,0,0
18.01634584600015,1787213993.750874,341.97873878479004,-9.521552394699425,1.0,90.02889694042445,89.91196978282221,elbow,1,0,0
18.03061030500021,1787213993.7651484,341.99289870262146,-10.120390163207524,1.0,90.0137585749892,89.9252855958764,elbow,1,0,0
18.045256249999966,1787213993.779794,342.0075418949127,-10.655836982000626,0.0,89.9995367562484,89.91642034068944,elbow,0,0,0
18.059882455000206,1787213993.7944236,342.02219247817993,-11.105863462403015,0.0,89.9862489650436,89.90859127612424,elbow,0,0,0
18.074364183999933,1787213993.808901,342.0366470813751,-11.464336043754463,0.0,89.97722171532129,89.92446386114321,elbow,0,0,0
18.088888689000214,1787213993.8234296,342.05106019973755,-11.733779368313836,0.0,89.9790065817791,89.98943785677487,elbow,0,0,0
18.103165463000096,1787213993.8376932,342.06554317474365,-11.908447981846276,0.0,90.00005856727145,90.12309244967528,elbow,0,0,0
18.117427144999965,1787213993.851966,342.07969522476196,-11.992135426770108,0.0,90.05062099316832,90.3461224110327,elbow,0,0,0
18.13163812499988,1787213993.866168,342.09399795532227,-11.98443251818568,0.0,90.12807657940218,90.58074939221987,elbow,0,0,0
18.14577562700015,1787213993.880307,342.10816764831543,-11.886409043961685,-2.0,90.21502364854395,90.72316742833313,elbow,-1,2,0
18.159882185000242,1787213993.8944068,342.1222927570343,-11.699316292066294,-3.0,90.28707062573393,90.70813396545402,elbow,-2,3,0
18.174146200999985,1787213993.90869,342.1363887786865,-11.42069624045416,-4.0,90.32986906414243,90.57999549711637,elbow,-3,4,0
18.18850458299994,1787213993.9230435,342.1507546901703,-11.051374784973705,-5.0,90.33354106216882,90.35500127899877,elbow,-4,5,0
18.202877871000055,1787213993.9374204,342.16506695747375,-10.595072228114663,-6.0,90.3140255737483,90.19997142392677,elbow,-5,6,0
18.21706200100016,1787213993.951591,342.1794538497925,-10.063138822383355,-7.0,90.29899455878406,90.2111489668235,elbow,-5,7,0
18.231147856000007,1787213993.9656734,342.19356966018677,-9.458492551281918,-7.0,90.28257560909816,90.18661852582996,elbow,-5,7,0
18.245362354999997,1787213993.9799001,342.20764923095703,-8.775630518482016,-7.0,90.25897870475056,90.1210715816598,elbow,-5,7,0
18.259536262999973,1787213993.9940665,342.2219178676605,-8.02706312216262,-8.0,90.2438845999721,90.15567029291874,elbow,-6,8,0
18.273635954999918,1787213994.008162,342.23605251312256,-7.2209268224575025,-7.0,90.23772735503923,90.20174263762249,elbow,-5,7,0
18.28777681800011,1787213994.0223076,342.25013875961304,-6.356871290638239,-7.0,90.23678681309957,90.23129001440375,elbow,-5,7,0
18.30193830999997,1787213994.0364661,342.2643258571625,-5.442285301542501,-7.0,90.23730028368357,90.24030115405145,elbow,-5,7,0
18.316029526999955,1787213994.0505526,342.2784538269043,-4.490148096458807,-6.0,90.24807397097253,90.3110385106093,elbow,-5,6,0
18.330100836999918,1787213994.0646248,342.29252529144287,-3.504610448588115,-6.0,90.27514608129074,90.43336331160978,elbow,-4,6,0
18.344171518000167,1787213994.078695,342.30659651756287,-2.491817236892716,-5.0,90.30649832691107,90.48972990391124,elbow,-4,5,0
18.358446950000143,1787213994.0929859,342.3206980228424,-1.4442436385643793,-5.0,90.33934262838808,90.5312942106761,elbow,-3,5,0
18.372783213000275,1787213994.1073234,342.33501648902893,-0.38008720451942885,-4.0,90.37936637599879,90.61327671470235,elbow,-3,4,0
18.38700281399997,1787213994.1215312,342.3493621349335,0.6791407783959443,-3.0,90.42580534168846,90.69720806736946,elbow,-2,3,0
18.401187416000084,1787213994.1357162,342.3635730743408,1.7312220834282879,-3.0,90.4760673130692,90.76981278797898,elbow,-2,3,0
18.41527831900021,1787213994.149804,342.37769889831543,2.7637675866842635,-2.0,90.52676032759696,90.8230249431304,elbow,-1,2,0
18.42935027700014,1787213994.1638734,342.3917775154114,3.7744487707878895,-2.0,90.57329121131674,90.84523113250887,elbow,-1,2,0
18.443560601000172,1787213994.1780984,342.4058644771576,4.766361342841981,-2.0,90.61473878783998,90.85697039386775,elbow,-1,2,0
18.457882346000133,1787213994.1924217,342.42013812065125,5.728946374824889,-2.0,90.64540857351797,90.82465165754107,elbow,-1,2,0
18.472199517000263,1787213994.2067397,342.4344732761383,6.64626782756001,-1.0,90.66503387204202,90.77972978381845,elbow,-1,1,0
18.48829045299999,1787213994.2228398,342.44906282424927,7.614394294782423,-1.0,90.68295669920833,90.78770287674712,elbow,0,1,0
18.502635808999912,1787213994.2371747,342.4649360179901,8.41366184349458,-1.0,90.70502810638014,90.83401978345744,elbow,0,1,0
18.51706343900014,1787213994.2516084,342.47931432724,9.149925077986422,-1.0,90.73423602551254,90.90493553929969,elbow,0,1,0
18.53124881900021,1787213994.2657773,342.4936430454254,9.801807241941166,-1.0,90.76954407288736,90.9758944976585,elbow,0,1,0
18.54541340300011,1787213994.279947,342.5077636241913,10.376182525979633,-1.0,90.81288592092584,91.06618819669795,elbow,0,1,0
18.559539748000134,1787213994.294063,342.5219430923462,10.868168279676897,0.0,90.8640254122369,91.16289936702117,elbow,0,0,0
18.573626799000067,1787213994.3081503,342.53604006767273,11.27438997925784,0.0,90.90109455495342,91.11773732945342,elbow,0,0,0
18.58773208899993,1787213994.3222582,342.55012607574463,11.593344453045141,0.0,90.93385660512898,91.12532748705956,elbow,0,0,0
18.60183538000001,1787213994.3363585,342.5642499923706,11.821747549217836,0.0,90.97238967855846,91.19758808688462,elbow,0,0,0
18.616082943000038,1787213994.3506188,342.5783476829529,11.958583211133567,0.0,91.01669621076095,91.27563637935964,elbow,0,0,0
18.63024887900019,1787213994.3647738,342.59264850616455,11.999790371056722,0.0,91.06241310618975,91.32959584475383,elbow,0,0,0
18.64448551600026,1787213994.379024,342.6067612171173,11.945395122581107,0.0,91.1057439713271,91.35898205985343,elbow,0,0,0
18.658657749000213,1787213994.3931854,342.621031999588,11.796086008627038,2.0,91.141398554553,91.34977423490719,elbow,2,-1,0
18.672789297000236,1787213994.407316,342.6351706981659,11.553657989306549,3.0,91.16840176491404,91.32621632398698,elbow,3,-2,0
18.687072229000023,1787213994.4216058,342.64939761161804,11.215480526369658,5.0,91.18634391524971,91.29120302297012,elbow,5,-3,0
18.70120998199991,1787213994.4357352,342.663613319397,10.791006086201275,5.0,91.19553910394653,91.24927844198744,elbow,5,-4,0
18.71532480900032,1787213994.44985,342.6777138710022,10.281353082446914,6.0,91.19635671882737,91.20113509629387,elbow,6,-4,0
18.729420526000013,1787213994.4639447,342.6918320655823,9.69062891191577,7.0,91.1905710398791,91.15675786137355,elbow,7,-5,0
18.743630218999897,1787213994.478168,342.7059304714203,9.01701475734118,7.0,91.18509279064305,91.15307632015234,elbow,7,-5,0
18.757801081000252,1787213994.4923277,342.72018241882324,8.272367079265088,7.0,91.17175253233437,91.09378821050896,elbow,7,-5,0
18.771900019999975,1787213994.5064237,342.7343120574951,7.465059772515872,7.0,91.15410936461863,91.05099759766642,elbow,7,-5,0
18.786101141000017,1787213994.5206378,342.74840211868286,6.591297179006342,7.0,91.13245466523031,91.00589834877255,elbow,7,-5,0
18.800364388000162,1787213994.5349278,342.7626519203186,5.659472606655146,7.0,91.10562478080463,90.94882318854923,elbow,7,-5,0
18.81457891500031,1787213994.5491045,342.77695631980896,4.684195386134924,7.0,91.0737715759493,90.8876122485176,elbow,7,-5,0
18.82881510800007,1787213994.5633504,342.79108715057373,3.6686296736424797,6.0,91.04557172666092,90.88076366414288,elbow,6,-5,0
18.842986580999877,1787213994.577514,342.80537581443787,2.6272503095519193,6.0,91.0188691249308,90.8628114095037,elbow,6,-4,0
18.857297215000017,1787213994.5918372,342.819491147995,1.5533714145915547,5.0,90.99610692620377,90.86307806379773,elbow,5,-4,0
18.871627145000275,1787213994.6061656,342.8339009284973,0.4644451395902587,4.0,90.98285146813267,90.90538274338354,elbow,4,-3,0
18.887925111000186,1787213994.6224682,342.8500761985779,-0.7791162228662275,4.0,90.98187246526511,90.97615088980028,elbow,4,-2,0
18.902255596000032,1787213994.6367974,342.8645272254944,-1.866874167639281,3.0,90.99030792993901,91.03960722140425,elbow,3,-2,0
18.91651571400007,1787213994.6510491,342.8788285255432,-2.9346111294598325,3.0,91.00729670257256,91.10658399569475,elbow,3,-2,0
18.9307306300002,1787213994.6652648,342.8930609226227,-3.975579151173911,2.0,91.03411597650599,91.19085555798073,elbow,2,-1,0
18.94486016000019,1787213994.679385,342.9072678089142,-4.978641258813874,2.0,91.06476916587631,91.24391525628485,elbow,2,-1,0
18.958980042999883,1787213994.6935065,342.92136573791504,-5.941268791005767,2.0,91.09662777343694,91.28281867583843,elbow,2,-1,0
18.97306348200027,1787213994.7075875,342.9354853630066,-6.853959413079689,1.0,91.12712062042682,91.30532962366198,elbow,1,-1,0
18.98713914400014,1787213994.7216632,342.94955945014954,-7.711309102376754,1.0,91.1530614051895,91.3046668422689,elbow,1,0,0
19.001407707,1787213994.7359533,342.9636719226837,-8.517221948735436,1.0,91.17379463348625,91.2949656067915,elbow,1,0,0
19.015679324000303,1787213994.7502115,342.9780170917511,-9.252854351346391,1.0,91.19249839586924,91.30180858432507,elbow,1,0,0
19.0297819110001,1787213994.7643056,342.9921991825104,-9.90440967517389,1.0,91.21421760206835,91.341150914956,elbow,1,0,0
19.044133655000223,1787213994.778677,343.0062837600708,-10.484894222539996,1.0,91.23932552270318,91.38606346131303,elbow,1,0,0
19.058328294000148,1787213994.7928543,343.020712852478,-10.972129200965814,1.0,91.26578015236439,91.42038864741377,elbow,1,0,0
19.072425992000262,1787213994.806955,343.03483867645264,-11.36632218787544,0.0,91.2874313864501,91.41396745067873,elbow,0,0,0
19.086593280000216,1787213994.8211226,343.0489401817322,-11.668944038409391,0.0,91.30506621177575,91.40812922339137,elbow,0,0,0
19.100755901999946,1787213994.835283,343.06312084198,-11.875077265075385,0.0,91.32201467309501,91.4210663752557,elbow,0,0,0
19.11487224700022,1787213994.8493972,343.07727003097534,-11.98274415994009,0.0,91.34111205027867,91.4527226372938,elbow,0,0,0
19.128954668000006,1787213994.863475,343.0913755893707,-11.99179071418477,0.0,91.36523555198933,91.50622026213544,elbow,0,0,0
19.143157455000164,1787213994.8776934,343.10544776916504,-11.901134838493304,0.0,91.39323177863383,91.556849811621,elbow,0,0,0
19.15735050100011,1787213994.8918757,343.11972308158875,-11.710996641441177,0.0,91.42146787851351,91.58648779995525,elbow,0,0,0
19.171593563999977,1787213994.9061327,343.1338756084442,-11.42155295538833,-2.0,91.44839051278574,91.6057341619278,elbow,-1,2,0
19.18587255200009,1787213994.9204092,343.1481611728668,-11.034449060667058,-3.0,91.47329594400341,91.61885047598652,elbow,-2,3,0
19.200206537000213,1787213994.9347444,343.1624586582184,-10.551353271770676,-4.0,91.496154907209,91.6297492891704,elbow,-3,4,0
19.214372566000293,1787213994.9488993,343.17677116394043,-9.984751205256718,-5.0,91.5147786526836,91.6236211992203,elbow,-4,5,0
19.228515041000264,1787213994.9630487,343.1908791065216,-9.335244573727904,-6.0,91.52964608663241,91.61653566390144,elbow,-4,6,0
19.242787361999945,1787213994.9773242,343.20507860183716,-8.60020009411867,-6.0,91.54261698364985,91.61842265142865,elbow,-4,6,0
19.25704938700028,1787213994.9915905,343.21934151649475,-7.79191887092313,-6.0,91.5547064894768,91.62536105261877,elbow,-5,6,0
19.271409892000065,1787213995.0059497,343.2337100505829,-6.9103853803857405,-7.0,91.56402100778543,91.61845774253659,elbow,-5,7,0
19.285613411000213,1787213995.0201452,343.2479557991028,-5.979024067356264,-6.0,91.5711212440321,91.6126170749945,elbow,-5,6,0
19.29997636799999,1787213995.0345159,343.26221108436584,-4.985043463355383,-6.0,91.5759577413549,91.60422362834576,elbow,-5,6,0
19.314180257000316,1787213995.048707,343.2765574455261,-3.95880819243934,-6.0,91.5805291653795,91.60724588747044,elbow,-4,6,0
19.328297205000126,1787213995.0628216,343.29069423675537,-2.9048036591884796,-5.0,91.5843647544821,91.6067810448016,elbow,-4,5,0
19.34256096199988,1787213995.0770965,343.3048348426819,-1.8143480163964978,-5.0,91.58685379126968,91.601400441016,elbow,-3,5,0
19.356732185000055,1787213995.0912592,343.31911969184875,-0.7147785830718826,-4.0,91.58683764575716,91.58674328671967,elbow,-3,4,0
19.37082424500022,1787213995.105348,343.3332438468933,0.3854093511986918,-4.0,91.58614826608112,91.58211933218207,elbow,-2,4,0
19.38505502199996,1787213995.1195917,343.3473308086395,1.4938368369930155,-3.0,91.58296795755403,91.56438131614325,elbow,-2,3,0
19.399346315999992,1787213995.1338887,343.3616123199463,2.5947834790555175,-3.0,91.58114251044884,91.57047407043135,elbow,-2,3,0
19.4135725000001,1787213995.148107,343.3759219646454,3.669090605089325,-2.0,91.57845510229076,91.56274911297145,elbow,-1,2,0
19.427720799000326,1787213995.162248,343.3901016712189,4.706902423846379,-2.0,91.5755896366771,91.55884302816968,elbow,-1,2,0
19.441819357999975,1787213995.1763434,343.40423107147217,5.701825336463221,-2.0,91.57408361329674,91.56528197776721,elbow,-1,2,0
19.455949916999998,1787213995.1904783,343.4183232784271,6.651141769861175,-1.0,91.57500083702469,91.5803613573577,elbow,-1,1,0
19.470071605000157,1787213995.2045972,343.4324691295624,7.54381204601804,-1.0,91.57869736480617,91.60030094060832,elbow,0,1,0
19.484230107000258,1787213995.2187626,343.44657945632935,8.374794025742228,-1.0,91.58797927267493,91.64222542259857,elbow,0,1,0
19.498471273000177,1787213995.232999,343.46085596084595,9.13863467152613,-1.0,91.60095232103554,91.67677056188505,elbow,0,1,0
19.512578054000187,1787213995.2471018,343.4749803543091,9.817425682707944,-1.0,91.61481338151556,91.69582142162237,elbow,0,1,0
19.52667689200007,1787213995.2612023,343.4890785217285,10.412459777861605,-1.0,91.62759139211764,91.70226977598517,elbow,0,1,0
19.54075356300018,1787213995.2752771,343.50318002700806,10.918167910201865,-1.0,91.63846432478292,91.70200888305801,elbow,0,1,0
19.554821234999963,1787213995.289342,343.51725029945374,11.330831779299773,0.0,91.64710975079468,91.69763611694908,elbow,0,0,0
19.568878723000125,1787213995.3033996,343.53131222724915,11.646908275233102,0.0,91.65853989841361,91.72534098178492,elbow,0,0,0
19.58294635700031,1787213995.3174698,343.5453658103943,11.863966403936068,0.0,91.67390224910194,91.76368426271408,elbow,0,0,0
19.597216559000117,1787213995.3317518,343.55950117111206,11.980612067139461,0.0,91.6941383329464,91.81240385051188,elbow,0,0,0
19.611383653000303,1787213995.345907,343.5737819671631,11.992053758001926,0.0,91.71682219609248,91.8493932427425,elbow,0,0,0
19.625469694999992,1787213995.359992,343.58788800239563,11.90003405256785,0.0,91.74049889387832,91.87887235286412,elbow,0,0,0
19.63955871799999,1787213995.3740819,343.60196900367737,11.705454481334982,0.0,91.76441763481657,91.90420566387985,elbow,0,0,0
19.65391837900006,1787213995.38846,343.6161427497864,11.403147742255106,2.0,91.78634120524816,91.9144688817248,elbow,2,-1,0
19.668162674000087,1787213995.4026906,343.63049960136414,11.00200692121011,3.0,91.80744264505793,91.93076555277374,elbow,3,-2,0
19.68226923300017,1787213995.4167974,343.64467883110046,10.508642282691845,4.0,91.8265385402233,91.93814046589561,elbow,4,-3,0
19.696475252000255,1787213995.4310052,343.65880823135376,9.919312254458836,5.0,91.84269171952984,91.93709556395451,elbow,5,-4,0
19.710582867000085,1787213995.4451065,343.6729943752289,9.247153058002528,6.0,91.8544026456011,91.92284467932832,elbow,6,-4,0
19.724779219000084,1787213995.459315,343.687091588974,8.489099253085277,6.0,91.86431613802648,91.92225345048188,elbow,6,-4,0
19.73905512400006,1787213995.47359,343.70136404037476,7.650770900668874,6.0,91.87278803934949,91.92230027711402,elbow,6,-5,0
19.75331667699993,1787213995.4878552,343.71563029289246,6.744477022045723,6.0,91.88364000972237,91.94706205830742,elbow,6,-5,0
19.767616174000068,1787213995.5021582,343.7298996448517,5.774723936363748,6.0,91.89622367880241,91.96976627469515,elbow,6,-5,0
19.781930095999996,1787213995.516469,343.7441985607147,4.7513774648760165,6.0,91.90773848558095,91.97503434152807,elbow,6,-4,0
19.796185650000098,1787213995.53072,343.7584972381592,3.6889390720464683,6.0,91.92034580866358,91.99402664537804,elbow,6,-4,0
19.81033924400026,1787213995.5448642,343.7727291584015,2.6007065180364357,5.0,91.93398262661447,92.0136801286264,elbow,5,-4,0
19.824534930000027,1787213995.559066,343.7868552207947,1.4854480311512908,5.0,91.94858977722329,92.03395818349145,elbow,5,-3,0
19.838668692000283,1787213995.5731938,343.8010618686676,0.3611826250688227,4.0,91.96359751578603,92.05130707373472,elbow,4,-3,0
19.852783287999955,1787213995.5873084,343.8151819705963,-0.7654705007156388,3.0,91.97739306094336,92.05801821058539,elbow,3,-2,0
19.866869293000036,1787213995.6013937,343.8292942047119,-1.8838339639554134,3.0,91.99312679392571,92.08507927290816,elbow,3,-2,0
19.88094150200004,1787213995.6154637,343.84336853027344,-2.98526425363367,2.0,92.00893422903653,92.10131744454073,elbow,2,-1,0
19.895183260000067,1787213995.6297216,343.8574516773224,-4.073909480630698,2.0,92.02392077127621,92.11150645179204,elbow,2,-1,0
19.909337094999955,1787213995.6438613,343.87174677848816,-5.120142584838916,2.0,92.03735394560942,92.11586129551353,elbow,2,-1,0
19.92359085299995,1787213995.6581316,343.8858633041382,-6.128258397702215,2.0,92.0481168244312,92.11101819626458,elbow,2,-1,0
19.937761335000232,1787213995.6722875,343.9001579284668,-7.076117727182671,1.0,92.05654743825275,92.10581837993611,elbow,1,-1,0
19.95196633600017,1787213995.6864958,343.9143304824829,-7.963221199199779,1.0,92.06183241582448,92.0927193508979,elbow,1,0,0
19.966090283000085,1787213995.7006161,343.92848324775696,-8.77462626175254,1.0,92.06839506641057,92.1067490915338,elbow,1,0,0
19.980177695000293,1787213995.7147026,343.9425971508026,-9.50640900924138,1.0,92.07755306098062,92.13107502580417,elbow,1,0,0
19.994268589000058,1787213995.728794,343.95667600631714,-10.15425370420298,1.0,92.08839081489815,92.15172977841277,elbow,1,0,0
20.00835833400015,1787213995.7429044,343.97077322006226,-10.711993613932375,1.0,92.10033086874087,92.17011199132972,elbow,1,0,0
20.02247900400016,1787213995.7570016,343.9848873615265,-11.17544415067415,0.0,92.1108831180769,92.17255351037207,elbow,0,0,0
20.036576119000074,1787213995.7710993,343.99897813796997,-11.538417660023086,0.0,92.11985378039589,92.17228092144819,elbow,0,0,0
20.050822636000248,1787213995.7853603,344.0131039619446,-11.800520489310554,0.0,92.12923880695583,92.18408761228837,elbow,0,0,0
20.064968083000167,1787213995.7994924,344.0273723602295,-11.954052369215649,0.0,92.13985314384094,92.20188639370197,elbow,0,0,0
20.079198044999885,1787213995.813736,344.04147124290466,-11.999602050840386,0.0,92.15167351338796,92.22075516639158,elbow,0,0,0
20.09341911899992,1787213995.8279502,344.05576729774475,-11.93537739922954,0.0,92.16545250118224,92.24598088481346,elbow,0,0,0
20.10764750699991,1787213995.8421836,344.06995248794556,-11.761700916457528,0.0,92.17821554581141,92.25280646421155,elbow,0,0,0
20.121774065999944,1787213995.856304,344.08418107032776,-11.482356285511608,-2.0,92.19052391130239,92.26245755352112,elbow,-1,2,0
20.135999880000327,1787213995.8705385,344.09829592704773,-11.095759652688624,-3.0,92.20295105542603,92.27557887427375,elbow,-2,3,0
20.150425353000173,1787213995.8849654,344.11271953582764,-10.599282193692826,-4.0,92.21469097618397,92.28330246323299,elbow,-3,4,0
20.16497613599995,1787213995.8995273,344.12715196609497,-9.996488918353903,-5.0,92.22664212473416,92.29648808799725,elbow,-4,5,0
20.179525198000192,1787213995.9140651,344.1417829990387,-9.296941320669443,-6.0,92.23567293299038,92.28845158426834,elbow,-4,6,0
20.193730290000076,1787213995.9282608,344.15609884262085,-8.52680083029359,-6.0,92.24427733587565,92.29456395103252,elbow,-4,6,0
20.207920160999947,1787213995.9424522,344.1702632904053,-7.678508220956202,-7.0,92.25113360392814,92.29120361431299,elbow,-5,7,0
20.222046757000044,1787213995.956573,344.18444776535034,-6.763193891534212,-7.0,92.25331126460088,92.26603814241591,elbow,-5,7,0
20.236154112999884,1787213995.970678,344.1985545158386,-5.7868487959614905,-6.0,92.24791736491231,92.21639385753464,elbow,-5,6,0
20.250301948000015,1787213995.9848278,344.2126898765564,-4.75404456490523,-6.0,92.23835797248343,92.18249012266115,elbow,-5,6,0
20.264445340000293,1787213995.998972,344.2268097400665,-3.677233758507385,-6.0,92.22722775291143,92.16217953565668,elbow,-4,6,0
20.278716604000238,1787213996.0132565,344.24098229408264,-2.5557471424557883,-5.0,92.21703239222106,92.15744776022991,elbow,-4,5,0
20.29305770100018,1787213996.0275984,344.2553129196167,-1.4039307037429016,-5.0,92.21004078738176,92.16917982973362,elbow,-3,5,0
20.30724056300005,1787213996.041767,344.26963472366333,-0.25096813844248766,-4.0,92.2063306769226,92.18464772002984,elbow,-3,4,0
20.32132724400026,1787213996.055852,344.28374695777893,0.8972274576986097,-3.0,92.20546721546197,92.20042089734402,elbow,-2,3,0
20.33541162900019,1787213996.0699363,344.2978284358978,2.0377306610197756,-3.0,92.20735737802714,92.21840403388066,elbow,-2,3,0
20.349520402000053,1787213996.0840452,344.3119468688965,3.1621664842754145,-3.0,92.21071536913915,92.23034043888558,elbow,-2,3,0
20.363582583000152,1787213996.0981047,344.3260142803192,4.254583821894692,-2.0,92.21571801337996,92.24495491093789,elbow,-1,2,0
20.377688355999908,1787213996.1122148,344.34007453918457,5.3118537889773965,-2.0,92.2220489067215,92.25904847558294,elbow,-1,2,0
20.391775722000148,1787213996.1263003,344.3541965484619,6.319415023209791,-2.0,92.2298003295856,92.27510188318358,elbow,-1,2,0
20.405842737000057,1787213996.1403687,344.36827325820923,7.2679572491932,-1.0,92.23975315584067,92.29792034655523,elbow,-1,1,0
20.41990736300022,1787213996.1544297,344.38234090805054,8.149980441000213,-1.0,92.2491018906419,92.3037385964565,elbow,0,1,0
20.43396360099996,1787213996.1684854,344.39639806747437,8.956933172504524,-1.0,92.2580522998407,92.31036107581016,elbow,0,1,0
20.44808244700016,1787213996.182606,344.4104926586151,9.68481338973696,-1.0,92.26797984332019,92.32599927419334,elbow,0,1,0
20.462151109999922,1787213996.1966724,344.42458295822144,10.320814418350963,-1.0,92.2789170933416,92.34283754081888,elbow,0,1,0
20.47619966299999,1787213996.2107198,344.4386398792267,10.860913327163606,-1.0,92.29009976776638,92.35545454632816,elbow,0,1,0
20.490303899000082,1787213996.2248323,344.4526860713959,11.302450645138471,0.0,92.30026774444723,92.35969233637903,elbow,0,0,0
20.50438898700031,1787213996.2389314,344.46681451797485,11.638399013680072,0.0,92.30883332150691,92.35889302732731,elbow,0,0,0
20.518789749000007,1787213996.2533288,344.4809045791626,11.86994307798741,0.0,92.31524396956868,92.35270964804594,elbow,0,0,0
20.53296538900031,1787213996.2674923,344.4953603744507,11.984948137002599,0.0,92.32038324731576,92.35041867054004,elbow,0,0,0
20.54726291399993,1787213996.2818017,344.50950717926025,11.986134574905009,0.0,92.32579379756424,92.35741461562218,elbow,0,0,0
20.561442203000297,1787213996.2959669,344.5238380432129,11.873212726927637,0.0,92.33153973098754,92.3651206251678,elbow,0,0,0
20.575556364000022,1787213996.3100803,344.5379464626312,11.648816588317489,0.0,92.33693758197788,92.36848418190401,elbow,0,0,0
20.589770948000023,1787213996.3243105,344.55205845832825,11.311826313430483,2.0,92.34301133698342,92.37850811515544,elbow,2,-1,0
20.60403277000023,1787213996.3385663,344.5663559436798,10.864796655342547,3.0,92.34772242029578,92.37525535159381,elbow,3,-2,0
20.61828635200027,1787213996.3528259,344.5805764198303,10.313114885728892,4.0,92.35198250601208,92.37687967712401,elbow,4,-3,0
20.634385717999976,1787213996.3689265,344.5966718196869,9.570326244071094,5.0,92.35489131780557,92.37189125390498,elbow,5,-4,0
20.649437974000193,1787213996.3839805,344.61165380477905,8.768587605302994,6.0,92.3566372585496,92.36684104043344,elbow,6,-4,0
20.6637566280001,1787213996.3982937,344.62601351737976,7.917576316579483,6.0,92.35965264469363,92.37727543207306,elbow,6,-4,0
20.677913269000328,1787213996.4124377,344.6403169631958,6.9996159304563825,6.0,92.36332193596064,92.38476633370715,elbow,6,-4,0
20.69208829800027,1787213996.426621,344.65442395210266,6.012857691224796,6.0,92.366543153492,92.38536887893702,elbow,6,-4,0
20.70622184800004,1787213996.4407475,344.6686189174652,4.9709232129305505,6.0,92.37030759544568,92.39230808128173,elbow,6,-4,0
20.72030975100006,1787213996.4548337,344.6827292442322,3.8844516699024156,6.0,92.37604832069557,92.40959877680648,elbow,6,-4,0
20.734422042000006,1787213996.4689453,344.69683480262756,2.7584295523118043,5.0,92.38215258431731,92.4178276636523,elbow,5,-4,0
20.7489927229999,1787213996.4835284,344.7112991809845,1.5675976655032415,5.0,92.3882586488071,92.42394425293506,elbow,5,-3,0
20.763299822000135,1787213996.4978385,344.7255594730377,0.3819566548275514,4.0,92.39334075876607,92.42304207692841,elbow,4,-3,0
20.777473037000163,1787213996.5119987,344.73987102508545,-0.7970601547731684,3.0,92.39708444722147,92.41896364362064,elbow,3,-2,0
20.791736766000213,1787213996.526276,344.7540009021759,-1.9765406110513553,3.0,92.40052567768214,92.42063722221918,elbow,3,-2,0
20.805933943000127,1787213996.5404632,344.7683002948761,-3.132027105784657,2.0,92.40420287543427,92.42569348096293,elbow,2,-1,0
20.820034030999977,1787213996.5545578,344.78245186805725,-4.250206344859443,2.0,92.40987745318789,92.44304132422914,elbow,2,-1,0
20.834114193999994,1787213996.5686374,344.7965319156647,-5.32677417733588,2.0,92.41622253885451,92.45330505176209,elbow,2,-1,0
20.84819880000032,1787213996.5827231,344.8106188774109,-6.3532537016383355,2.0,92.42433903831189,92.47177420494415,elbow,2,-1,0
20.86228705500025,1787213996.5968108,344.82469606399536,-7.319587607444717,1.0,92.43338855729942,92.48627655949423,elbow,1,-1,0
20.876362163000067,1787213996.6109092,344.8387851715088,-8.215292458396277,1.0,92.44368201286785,92.50383993965319,elbow,1,0,0
20.890526470000168,1787213996.6250553,344.85289096832275,-9.037470347086057,1.0,92.45411346391434,92.51507787612248,elbow,1,0,0
20.904644667999946,1787213996.6391704,344.86704683303833,-9.769808924070565,1.0,92.46559421037354,92.5326910079788,elbow,1,0,0
20.918712554000194,1787213996.653236,344.88114404678345,-10.40575664568744,1.0,92.4812929628414,92.57304100559583,elbow,1,0,0
20.932777958000315,1787213996.6673005,344.89520716667175,-10.941693777215615,1.0,92.4971202202198,92.58961928277986,elbow,1,0,0
20.946886192999955,1787213996.681411,344.9092767238617,-11.3735322655207,0.0,92.50920347889009,92.57982153184456,elbow,0,0,0
20.9611427750001,1787213996.6956806,344.9233922958374,-11.697874794794815,0.0,92.51232699469145,92.530581723013,elbow,0,0,0
20.97530897200022,1787213996.709833,344.9377052783966,-11.9052273977337,0.0,92.50752938225035,92.479490749737,elbow,0,0,0
20.989538962000097,1787213996.7240746,344.95182609558105,-11.995898262838235,0.0,92.49822978111271,92.44388022661644,elbow,0,0,0
21.003671030000078,1787213996.7381957,344.9660806655884,-11.968176358138095,0.0,92.48754619446947,92.4251082290247,elbow,0,0,0
21.01787737299992,1787213996.7524145,344.98017048835754,-11.822075997552364,0.0,92.47997416111141,92.43572101158911,elbow,0,0,0
21.0321185480002,1787213996.7666512,344.9944519996643,-11.557874194335781,0.0,92.47514716753474,92.44693682318062,elbow,0,0,0
21.046818817000258,1787213996.7813666,345.0086975097656,-11.164078427479948,-2.0,92.47274576176093,92.45871125296435,elbow,-1,2,0
21.06112152700007,1787213996.7956605,345.02341628074646,-10.666605421325729,-3.0,92.47246380303213,92.47081595479973,elbow,-2,3,0
21.075558305999948,1787213996.8101044,345.0378019809723,-10.05505177405324,-4.0,92.47463869058738,92.48734936150309,elbow,-3,4,0
21.08989977400006,1787213996.8244457,345.05214500427246,-9.344691090880568,-5.0,92.47807881738653,92.49818391180696,elbow,-3,5,0
21.104152801000055,1787213996.8386862,345.0664801597595,-8.54411986860299,-6.0,92.48458679097095,92.52262126790731,elbow,-4,6,0
21.11829570200007,1787213996.852822,345.0806920528412,-7.6643046900823055,-6.0,92.491034080254,92.52871390060932,elbow,-4,6,0
21.13249550799992,1787213996.86703,345.09480237960815,-6.703988734344658,-6.0,92.49739466323865,92.534567746948,elbow,-4,6,0
21.146676166999896,1787213996.8812058,345.1090416908264,-5.677440335215802,-6.0,92.50172529676016,92.52703476961783,elbow,-4,6,0
21.160792828000012,1787213996.895319,345.1231994628906,-4.5985521897366,-6.0,92.50461724393146,92.52151861830882,elbow,-4,6,0
21.175043132000155,1787213996.9095833,345.13730216026306,-3.462590259086258,-5.0,92.5091550952053,92.53567560844598,elbow,-4,5,0
21.189236772000186,1787213996.9237654,345.1516134738922,-2.2956303112028777,-5.0,92.51398073904761,92.54218319516428,elbow,-3,5,0
21.203494095000224,1787213996.9380336,345.1657609939575,-1.099522013239274,-4.0,92.51842149779726,92.54437457428917,elbow,-3,4,0
21.217825877999985,1787213996.9523687,345.1800606250763,0.11479330413484418,-4.0,92.52518401527063,92.56470612019862,elbow,-2,4,0
21.232140124000125,1787213996.9666758,345.19442343711853,1.3271950692467276,-3.0,92.53073363752078,92.5631672325164,elbow,-2,3,0
21.24636394800018,1787213996.980895,345.2087347507477,2.5192187335776475,-3.0,92.53693208409004,92.57315759576755,elbow,-2,3,0
21.260497313000087,1787213996.9950233,345.2228841781616,3.6791090495077565,-2.0,92.54237446658034,92.57418132145168,elbow,-1,2,0
21.274582866999936,1787213997.0091069,345.2370023727417,4.799103051378061,-2.0,92.5490858530524,92.58830913364369,elbow,-1,2,0
21.28872262899995,1787213997.0232549,345.2510838508606,5.875968401430507,-2.0,92.55530663050789,92.59166265033305,elbow,-1,2,0
21.30286544699993,1787213997.0373933,345.2652499675751,6.894616282062052,-1.0,92.56186666422383,92.60020539560222,elbow,-1,1,0
21.316997562000324,1787213997.051527,345.2793798446655,7.84375202735689,-1.0,92.56901967212372,92.61082391586633,elbow,0,1,0
21.331111751000208,1787213997.0656378,345.29351592063904,8.713437514629321,-1.0,92.57550330957679,92.613395559134,elbow,0,1,0
21.34519433100013,1787213997.0797186,345.3076157569885,9.49438638200066,-1.0,92.58206910802038,92.62044153013183,elbow,0,1,0
21.359272965999935,1787213997.0937984,345.32168984413147,10.180475179055545,-1.0,92.58679910786981,92.61444259287298,elbow,0,1,0
21.373525576000247,1787213997.1080632,345.3357901573181,10.771443030095949,-1.0,92.58946020339502,92.60501241408952,elbow,0,1,0
21.38781877700012,1787213997.122357,345.3500955104828,11.2531381347472,-1.0,92.59159800856224,92.60409195929401,elbow,0,1,0
21.402111571000205,1787213997.136648,345.3643801212311,11.618522250869447,0.0,92.59271071172094,92.59921367029595,elbow,0,0,0
21.41634227500026,1787213997.1508725,345.37868452072144,11.862807683765432,0.0,92.59467315910292,92.60614226829964,elbow,0,0,0
21.430496852000033,1787213997.1650205,345.3928852081299,11.984778017826159,0.0,92.59634196258087,92.6060949320067,elbow,0,0,0
21.44460826400018,1787213997.1791346,345.4070007801056,11.984785095575894,0.0,92.59653471121372,92.5976611898842,elbow,0,0,0
21.458717379000063,1787213997.1932406,345.4211206436157,11.8631964962278,0.0,92.59668060241543,92.59753323272727,elbow,0,0,0
21.472978526000134,1787213997.207514,345.4352447986603,11.61777976514677,0.0,92.59705084362685,92.59921464018102,elbow,0,0,0
21.48725100599995,1787213997.221787,345.4495475292206,11.251171728565122,0.0,92.5972891729008,92.59868203800023,elbow,0,0,0
21.501648222000313,1787213997.2361927,345.46391201019287,10.762384017907126,2.0,92.59929143995,92.61099326678057,elbow,2,-1,0
21.515964293000252,1787213997.2505052,345.4782385826111,10.162771704766214,3.0,92.60034065460727,92.6064725680463,elbow,3,-2,0
21.530151980000028,1787213997.2646804,345.4925355911255,9.462799763441264,4.0,92.60147027172685,92.60807208037355,elbow,4,-3,0
21.544252485000015,1787213997.2787762,345.5066635608673,8.669818442974233,5.0,92.60141637135871,92.60110136204247,elbow,5,-3,0
21.558485909999945,1787213997.2930224,345.52076959609985,7.779060619097003,5.0,92.60213781190654,92.6063541187986,elbow,5,-4,0
21.572664468000312,1787213997.3071902,345.535044670105,6.810567009636303,5.0,92.60317634059399,92.60924580213957,elbow,5,-4,0
21.586762362000172,1787213997.321289,345.54917001724243,5.777054447794297,6.0,92.6041262305251,92.60967766158241,elbow,6,-4,0
21.60086727299995,1787213997.3353915,345.5632791519165,4.683146498629445,5.0,92.60488308238803,92.60930634323132,elbow,5,-4,0
21.614941353000177,1787213997.349462,345.57737040519714,3.543016386486036,5.0,92.60659234666134,92.61658178065919,elbow,5,-4,0
21.629233702999954,1787213997.3637705,345.59149050712585,2.3474424892694996,5.0,92.61066975181414,92.63449928496027,elbow,5,-3,0
21.64342611200027,1787213997.3779528,345.60579681396484,1.1349259302835661,4.0,92.6155663876396,92.64418374140621,elbow,4,-3,0
21.657698110000183,1787213997.3922365,345.61995124816895,-0.09704327293799625,4.0,92.61878693907987,92.63760877169615,elbow,4,-2,0
21.671868371000073,1787213997.4063938,345.63425850868225,-1.3199771824851547,3.0,92.62182447680254,92.63957672440431,elbow,3,-2,0
21.686034522000227,1787213997.420568,345.6483726501465,-2.5295213846897826,3.0,92.62681783779996,92.65600048140281,elbow,3,-2,0
21.70023885599994,1787213997.4347656,345.66263937950134,-3.7165263609321015,2.0,92.6321413387192,92.66325341535978,elbow,2,-1,0
21.714316787999906,1787213997.4488397,345.6767432689667,-4.855172593764127,2.0,92.63454490457386,92.64859203750672,elbow,2,-1,0
21.72842455099999,1787213997.4629524,345.6908085346222,-5.946569167634766,2.0,92.63144031699002,92.61329621063764,elbow,2,-1,0
21.742623108000316,1787213997.47716,345.70494413375854,-6.983239573570012,1.0,92.62130116270426,92.56204501717235,elbow,1,-1,0
21.756771537000077,1787213997.4912975,345.7191686630249,-7.94369064704186,1.0,92.60585432564842,92.51557854930749,elbow,1,0,0
21.77085224600023,1787213997.5053768,345.7332720756531,-8.81751862607895,1.0,92.59001187062388,92.49742398863117,elbow,1,0,0
21.784924900000078,1787213997.5194478,345.7473495006561,-9.599859790664544,1.0,92.57711470278836,92.5017399296395,elbow,1,0,0
21.799079106000136,1787213997.533606,345.76146960258484,-10.286605337790428,1.0,92.56679584602061,92.50648946729125,elbow,1,0,0
21.81317263000028,1787213997.5476956,345.7755882740021,-10.863301767332032,1.0,92.55883508631808,92.51231010778618,elbow,1,0,0
21.82738411199989,1787213997.5619261,345.78967452049255,-11.330289440585695,1.0,92.55066214408512,92.5028971095733,elbow,1,0,0
21.84164379599997,1787213997.5761776,345.80396342277527,-11.678078483016215,0.0,92.54298083576232,92.4980890517907,elbow,0,0,0
21.855768504000025,1787213997.5902936,345.81817841529846,-11.899428053449443,0.0,92.53633039579263,92.49746330416075,elbow,0,0,0
21.86996709699997,1787213997.6045008,345.8322777748108,-11.995829164070413,0.0,92.53252834988234,92.51030809566495,elbow,0,0,0
21.88430950100019,1787213997.6188486,345.8464925289154,-11.963576630134975,0.0,92.53179446409267,92.52750542361343,elbow,0,0,0
21.90046363400006,1787213997.635011,345.862021446228,-11.771447012932054,0.0,92.53364939227343,92.54449012820984,elbow,0,0,0
21.914829222000208,1787213997.6493719,345.87710404396057,-11.46373735629832,0.0,92.53776173745061,92.56179547018891,elbow,0,0,0
21.929278677000184,1787213997.6638215,345.8915436267853,-11.027525407754617,0.0,92.54309096928115,92.57423653902231,elbow,0,0,0
21.943539824000254,1787213997.6780775,345.90588569641113,-10.47688197609367,-2.0,92.5504417110789,92.59340156882031,elbow,-1,2,0
21.95780084099988,1787213997.6923378,345.92011761665344,-9.812677504084139,-3.0,92.56024845421841,92.61756189302115,elbow,-2,3,0
21.971993639000175,1787213997.7065206,345.93439054489136,-9.045822049297286,-4.0,92.57256495346486,92.64454613169934,elbow,-2,4,0
21.986141419999967,1787213997.720669,345.94852924346924,-8.184332979716938,-4.0,92.58512603695328,92.65853663612651,elbow,-3,4,0
22.0008457910003,1787213997.7353725,345.96325063705444,-7.195957826202781,-5.0,92.59646926057451,92.66276233500221,elbow,-3,5,0
22.014991090999956,1787213997.7495162,345.9774045944214,-6.166048640286252,-5.0,92.60658257134536,92.66568767991326,elbow,-3,5,0
22.02908963300024,1787213997.7636144,345.9915177822113,-5.0732981933083865,-5.0,92.61718258534336,92.6791321281161,elbow,-3,5,0
22.043321170000127,1787213997.7778606,346.0056195259094,-3.9148898123983624,-5.0,92.62873297692309,92.69623680072424,elbow,-3,5,0
22.05752852200021,1787213997.7920606,346.01989817619324,-2.715381193505334,-5.0,92.64035917022761,92.70830600119773,elbow,-3,5,0
22.072164617999988,1787213997.8067083,346.03434109687805,-1.448326698783493,-4.0,92.65111634191632,92.71398435961603,elbow,-3,4,0
22.086497967000014,1787213997.8210344,346.04877853393555,-0.1904895705552243,-3.0,92.66002472759571,92.7120879059826,elbow,-2,3,0
22.100707781999972,1787213997.8352346,346.0630884170532,1.0593580270900418,-3.0,92.66911245464384,92.72222375577805,elbow,-2,3,0
22.11482799000032,1787213997.849356,346.0772352218628,2.290669237087581,-2.0,92.67767261616179,92.72770067199242,elbow,-1,2,0
22.12893828999995,1787213997.8634653,346.0913619995117,3.497241466799255,-2.0,92.68449244365476,92.72434948488687,elbow,-1,2,0
22.143015443999957,1787213997.8775415,346.1054356098175,4.664241554734022,-2.0,92.68922157316281,92.71685997163964,elbow,-1,2,0
22.157142966000265,1787213997.891672,346.11953377723694,5.7858724580924195,-2.0,92.69350865597546,92.71856360591448,elbow,-1,2,0
22.171284933000152,1787213997.9058137,346.13367319107056,6.8467354188734575,-1.0,92.69631170432511,92.71269352831736,elbow,-1,1,0
22.185549598000307,1787213997.9200914,346.14782905578613,7.8422681179154825,-1.0,92.69818497927429,92.70913293902335,elbow,0,1,0
22.19996679499991,1787213997.9345078,346.16222310066223,8.761085524540537,-1.0,92.6978480232473,92.69587875492272,elbow,0,1,0
22.214185610000186,1787213997.9487152,346.1765675544739,9.571013475968803,-1.0,92.69646788273756,92.68840194305517,elbow,0,1,0
22.228350279000097,1787213997.9628775,346.1907389163971,10.273771142800928,-1.0,92.69254792382905,92.66963855200031,elbow,0,1,0
22.24296909800023,1787213997.9775155,346.20490431785583,10.881797708628167,-1.0,92.68743471391856,92.65755163865887,elbow,0,1,0
22.257306093999887,1787213997.991843,346.21961212158203,11.35544999354559,0.0,92.6817420850588,92.6484727181406,elbow,0,0,0
22.271470487999977,1787213998.0059958,346.2338767051697,11.698675269342107,0.0,92.67647635801937,92.64570192861578,elbow,0,0,0
22.285811142000057,1787213998.0203502,346.24807047843933,11.91579407690558,0.0,92.67332289796624,92.65489316679037,elbow,0,0,0
22.29998120900018,1787213998.0345087,346.26238679885864,11.998873832918212,0.0,92.67159095253086,92.66146896327218,elbow,0,0,0
22.314196238000022,1787213998.048735,346.2764985561371,11.949769413820032,0.0,92.67162537098979,92.6718265224028,elbow,0,0,0
22.328677016000256,1787213998.0632195,346.29091930389404,11.76367686609525,0.0,92.67125837590032,92.66911355062027,elbow,0,0,0
22.342970079000224,1787213998.0775108,346.3052637577057,11.447167764275218,0.0,92.67204392992365,92.67663493448059,elbow,0,0,0
22.35728443700009,1787213998.0918262,346.31952810287476,11.001269241123643,2.0,92.67148027083967,92.66818608438496,elbow,2,-1,0
22.37146876299994,1787213998.1059961,346.333856344223,10.436873542085628,3.0,92.66864491886658,92.65207430317061,elbow,3,-2,0
22.385630200999913,1787213998.1201625,346.3479778766632,9.757732036400688,4.0,92.66499676659932,92.64367591127173,elbow,4,-3,0
22.39980923100029,1787213998.134335,346.3622145652771,8.969295966721553,5.0,92.6605812778695,92.63477588667081,elbow,5,-3,0
22.41391730100031,1787213998.1484425,346.3763120174408,8.08557714343431,5.0,92.65688632143504,92.63529192903869,elbow,5,-4,0
22.428005482000117,1787213998.162528,346.39042377471924,7.1138707208423835,5.0,92.65553743279223,92.64765413804476,elbow,5,-4,0
22.442121236000276,1787213998.176646,346.40450048446655,6.0613873056659475,6.0,92.65637846160449,92.6612936768474,elbow,6,-4,0
22.45638830000007,1787213998.190958,346.41864585876465,4.9290949396453945,5.0,92.65995696280851,92.68087075720939,elbow,5,-4,0
22.470606420999957,1787213998.2051325,346.432993888855,3.744683940698816,5.0,92.66315974561306,92.68187773319119,elbow,5,-4,0
22.48476704399991,1787213998.2192998,346.4471161365509,2.5226041266034986,5.0,92.6666183366016,92.68683134107673,elbow,5,-3,0
22.499385021000307,1787213998.233925,346.4613790512085,1.2309896684428474,4.0,92.67033723266671,92.69207153517766,elbow,4,-3,0
22.513714398000047,1787213998.2482526,346.47597670555115,-0.05016930452432247,4.0,92.67372199083864,92.69350349501276,elbow,4,-2,0
22.527862021000146,1787213998.262388,346.4902620315552,-1.315306144881487,3.0,92.67457800464854,92.67958079654483,elbow,3,-2,0
22.541950740000175,1787213998.276478,346.50436329841614,-2.5613271753054616,3.0,92.66951754196853,92.63994273675567,elbow,3,-2,0
22.55603764300031,1787213998.2905612,346.5184564590454,-3.779522629105112,2.0,92.65881602673147,92.59627328140712,elbow,2,-1,0
22.5701253430002,1787213998.3046515,346.5325331687927,-4.956560202424149,2.0,92.64398293258806,92.55729404705801,elbow,2,-1,0
22.584220820000155,1787213998.318746,346.5466322898865,-6.079830065676704,2.0,92.62981962719185,92.54704518051552,elbow,2,-1,0
22.598395276000247,1787213998.3329206,346.56080079078674,-7.141780590077889,1.0,92.61810992487926,92.54967504315111,elbow,1,-1,0
22.61265122900022,1787213998.3471894,346.5749192237854,-8.129262737119532,1.0,92.6088027218036,92.55440873938628,elbow,1,0,0
22.626921534000303,1787213998.3614597,346.58921098709106,-9.02540558926348,1.0,92.60174661460894,92.56050868656966,elbow,1,0,0
22.641067676000148,1787213998.375596,346.60346484184265,-9.812321509831886,1.0,92.59353198016166,92.5455232843099,elbow,1,0,0
22.65533666600004,1787213998.3898778,346.61759853363037,-10.494558180658803,1.0,92.586322744576,92.54418989000084,elbow,1,0,0
22.669503289000204,1787213998.4040296,346.6318917274475,-11.053215576560468,1.0,92.57822436272225,92.53089508059745,elbow,1,0,0
22.683728169000005,1787213998.418269,346.6460130214691,-11.488588553407942,1.0,92.54894628862317,92.37783676895205,elbow,1,0,0
22.69798862200014,1787213998.4325173,346.66036915779114,-11.793532172596514,0.0,92.5139257267756,92.30925545044286,elbow,0,0,0
22.712198780000108,1787213998.4467354,346.674503326416,-11.962707091116075,0.0,92.47135533213877,92.22256165281874,elbow,0,0,0
22.728568843000176,1787213998.4631097,346.69082474708557,-11.988185232034693,0.0,92.43239326390045,92.20468768603052,elbow,0,0,0
22.742914570000266,1787213998.4774537,346.70514965057373,-11.86083649874276,0.0,92.39815710260544,92.19807108961342,elbow,0,0,0
22.757265205000294,1787213998.4918032,346.7195146083832,-11.594804660618555,0.0,92.36794430938589,92.19137202125579,elbow,0,0,0
22.77155386100003,1787213998.5060856,346.7338457107544,-11.195003046925603,0.0,92.34126201320613,92.18532296927897,elbow,0,0,0
22.78614391300016,1787213998.5207343,346.7481129169464,-10.652448007369673,0.0,92.31993759498195,92.19531153702283,elbow,0,0,0
22.800959679000243,1787213998.5355544,346.7629051208496,-9.969100412808793,-2.0,92.30445529572334,92.21397226802898,elbow,-1,2,0
22.81565756100008,1787213998.5502455,346.77764558792114,-9.167515915021312,-3.0,92.29480349384352,92.23839557650479,elbow,-2,3,0
22.830352998000308,1787213998.5649483,346.7923309803009,-8.252600217920218,-4.0,92.28930275689017,92.2571548616857,elbow,-2,4,0
22.846039419000135,1787213998.5806494,346.80706763267517,-7.163335052295642,-4.0,92.28857005262383,92.28428791730819,elbow,-3,4,0
22.860881517000053,1787213998.5954747,346.8228032588959,-6.038972975363347,-4.0,92.29214292240346,92.313023805134,elbow,-3,4,0
22.876082733000203,1787213998.6107292,346.83759450912476,-4.807857511795091,-4.0,92.29692546816398,92.32487604664531,elbow,-3,4,0
22.89119893299994,1787213998.6258054,346.8530623912811,-3.5196824511738125,-4.0,92.30018778567434,92.31925371126508,elbow,-3,4,0
22.9061491020002,1787213998.6407425,346.8680818080902,-2.1994141580260207,-4.0,92.30250450416654,92.31604407603427,elbow,-3,4,0
22.92089037100004,1787213998.6554852,346.88282895088196,-0.8690769181147981,-4.0,92.30256090573198,92.3028905327675,elbow,-2,4,0
22.93559367900025,1787213998.6701877,346.89757084846497,0.4694544208115276,-3.0,92.3015710232351,92.29578586407473,elbow,-2,3,0
22.950398593000045,1787213998.6849942,346.9123384952545,1.8120804166257218,-3.0,92.29733558426136,92.27258245583015,elbow,-2,3,0
22.96514534400012,1787213998.699743,346.92708802223206,3.127463111653677,-2.0,92.29133655840772,92.25627651897896,elbow,-1,2,0
22.979843411000275,1787213998.7144246,346.9419004917145,4.400203097536667,-2.0,92.2831772584616,92.23549195341361,elbow,-1,2,0
22.994580032000158,1787213998.7291715,346.9565043449402,5.621832223454421,-2.0,92.27478203413416,92.22571791887373,elbow,-1,2,0
23.009223230000316,1787213998.7438045,346.97128105163574,6.766449371592849,-1.0,92.26837977867834,92.23096314901377,elbow,-1,1,0
23.02381893000029,1787213998.7583997,346.98586988449097,7.824347698942907,-1.0,92.26370260721191,92.23636786653425,elbow,0,1,0
23.03851273800001,1787213998.7731018,347.0004675388336,8.792248297389483,-1.0,92.26081735137423,92.24395508308285,elbow,0,1,0
23.05314214100008,1787213998.7877219,347.0152049064636,9.646926545765583,-1.0,92.25836130904342,92.24400748843033,elbow,0,1,0
23.067869298999994,1787213998.8024669,347.0297865867615,10.386505072667353,-1.0,92.25836611507133,92.2583942028862,elbow,0,1,0
23.082688380000036,1787213998.8172948,347.04458498954773,10.998712315146301,-1.0,92.26036411438136,92.27204099931187,elbow,0,1,0
23.097609013000238,1787213998.8322163,347.05946016311646,11.47320127989685,0.0,92.26504518139062,92.2924026887455,elbow,0,0,0
23.11257821900017,1787213998.8471897,347.0743842124939,11.799702706681211,0.0,92.269755278801,92.29728244820318,elbow,0,0,0
23.12835850600004,1787213998.8630235,347.0893785953522,11.97675691025791,0.0,92.27446753538894,92.30200732364821,elbow,0,0,0
23.14334791400006,1787213998.8779554,347.10521364212036,11.983476136515078,0.0,92.27898803894313,92.30540716710067,elbow,0,0,0
23.158281547000115,1787213998.8928857,347.1201012134552,11.833333728990006,0.0,92.28475385450358,92.31845094563468,elbow,0,0,0
23.173033038000085,1787213998.9076238,347.13500452041626,11.532973438764113,0.0,92.29100174311479,92.32751620836295,elbow,0,0,0
23.18785909999997,1787213998.9224374,347.149845123291,11.08244862453375,0.0,92.29872402140592,92.34385524570327,elbow,0,0,0
23.20243093099998,1787213998.9370048,347.16453790664673,10.49981152424288,2.0,92.30700136832517,92.35537657397266,elbow,2,-1,0
23.21693676399991,1787213998.9515018,347.179074048996,9.789140539585357,3.0,92.31624135329967,92.37024249372321,elbow,3,-2,0
23.2315652960001,1787213998.9661455,347.193564414978,8.949159555698003,4.0,92.32796459738799,92.39647862116395,elbow,4,-3,0
23.246197605999896,1787213998.980766,347.20825123786926,7.995464687620098,4.0,92.34064924345986,92.41478197805198,elbow,4,-3,0
23.260908931999893,1787213998.9954967,347.2228274345398,6.934169218929057,5.0,92.35229813579322,92.42037762644264,elbow,5,-3,0
23.275547096000082,1787213999.0101168,347.2376194000244,5.789447837512663,5.0,92.36547491523557,92.44248381935816,elbow,5,-4,0
23.290354409999964,1787213999.0249581,347.25219202041626,4.556176348923084,5.0,92.37748438890306,92.44767122099424,elbow,5,-4,0
23.305140057000244,1787213999.0397344,347.26708483695984,3.264913575282495,5.0,92.3851126754259,92.42969458468747,elbow,5,-3,0
23.319850615000178,1787213999.0544417,347.2818298339844,1.9374090721238593,4.0,92.38652460327653,92.39477631735829,elbow,4,-3,0
23.334549210000205,1787213999.069137,347.2965326309204,0.5853401836348195,4.0,92.38347690925877,92.36566530533571,elbow,4,-3,0
23.34931802500023,1787213999.083909,347.3112909793854,-0.7815194368656402,3.0,92.3782731229949,92.34786069337031,elbow,3,-2,0
23.36421889100029,1787213999.0988293,347.3260145187378,-2.15106279405189,3.0,92.37159593355285,92.33257251028002,elbow,3,-2,0
23.379055574000176,1787213999.1136496,347.3410005569458,-3.4872408893664195,2.0,92.36523935642978,92.32808968413234,elbow,2,-1,0
23.39378453800009,1787213999.1283777,347.35573720932007,-4.7692135414750965,2.0,92.36092253663658,92.33569379519606,elbow,2,-1,0
23.408606407000207,1787213999.1432064,347.37046575546265,-5.997580181392157,2.0,92.35778035218532,92.33941651888284,elbow,2,-1,0
23.423349982000218,1787213999.157941,347.3853225708008,-7.142001203752087,1.0,92.35709467450313,92.35308737612517,elbow,1,-1,0
23.4380263930002,1787213999.1726358,347.4000246524811,-8.189547568534527,1.0,92.3585123906627,92.36679793329337,elbow,1,0,0
23.452958739000223,1787213999.187557,347.4148688316345,-9.147357695917963,1.0,92.36095373979428,92.37522168910822,elbow,1,0,0
23.467664186000093,1787213999.2022548,347.4296545982361,-9.97156815064452,1.0,92.36413771546064,92.38274578869218,elbow,1,0,0
23.482609976000276,1787213999.2172036,347.4443552494049,-10.676900625809472,1.0,92.36673901235052,92.3819417425521,elbow,1,0,0
23.497874718000276,1787213999.232469,347.4598093032837,-11.249536120694847,1.0,92.36859797124603,92.37946226384337,elbow,1,0,0
23.512553442999888,1787213999.2471306,347.47456789016724,-11.651680213412961,0.0,92.36885459856062,92.37035440269342,elbow,0,0,0
23.5271218390003,1787213999.2616978,347.48919916152954,-11.90134204347015,0.0,92.36908901176085,92.37045899019458,elbow,0,0,0
23.54189483900018,1787213999.276485,347.50379061698914,-11.998914353886573,0.0,92.36896856017631,92.36826460633343,elbow,0,0,0
23.556571565000013,1787213999.2911499,347.51858592033386,-11.939169557535209,0.0,92.36964553498646,92.37360197126712,elbow,0,0,0
23.571272918999966,1787213999.3058603,347.53322172164917,-11.723273135539381,0.0,92.3693424785819,92.36757132944001,elbow,0,0,0
23.585965515000225,1787213999.320555,347.5479485988617,-11.354017723574145,0.0,92.36942529883312,92.36990932429724,elbow,0,0,0
23.601011411999934,1787213999.3356183,347.56277561187744,-10.821651300402829,0.0,92.36882868560491,92.3653419056151,elbow,0,0,0
23.615835466000135,1787213999.3504343,347.57777214050293,-10.151310875017861,-2.0,92.3693038933864,92.3720811448873,elbow,-1,2,0
23.630732183999953,1787213999.365346,347.5925579071045,-9.340700998035018,-3.0,92.37116892547945,92.382068711597,elbow,-2,3,0
23.645735639000122,1787213999.3803456,347.607528924942,-8.396324596241655,-4.0,92.37535562870838,92.39982393137345,elbow,-2,4,0
23.66076444500004,1787213999.3953743,347.622522354126,-7.334354194791989,-4.0,92.38085222468663,92.41297591883682,elbow,-3,4,0
23.67557094299991,1787213999.4101634,347.63751459121704,-6.188588978780533,-4.0,92.38637614845939,92.41865955413209,elbow,-3,4,0
23.690315352000198,1787213999.424906,347.6522650718689,-4.964611752923071,-4.0,92.39100227632402,92.41803870345291,elbow,-3,4,0
23.704925283000193,1787213999.4394999,347.6669952869415,-3.685965559526797,-4.0,92.39258896383815,92.40186202385885,elbow,-3,4,0
23.719497605000015,1787213999.4540749,347.68156123161316,-2.361900356423678,-4.0,92.39273311904157,92.39357560367804,elbow,-3,4,0
23.734056334999877,1787213999.4686332,347.6961362361908,-1.0076257024877902,-4.0,92.391249949038,92.38258187524178,elbow,-2,4,0
23.748899405999964,1787213999.4834957,347.71081733703613,0.38725315213936773,-3.0,92.38742088444265,92.36504272522755,elbow,-2,3,0
23.763681888000065,1787213999.4982724,347.72560834884644,1.7720489213994126,-3.0,92.38279306865309,92.35574677680347,elbow,-2,3,0
23.778317689000232,1787213999.5128996,347.7403802871704,3.12048255294422,-2.0,92.37891586623135,92.35625637565809,elbow,-1,2,0
23.793687555999895,1787213999.5282998,347.7554123401642,4.49275248576106,-2.0,92.37450193136333,92.34870562138163,elbow,-1,2,0
23.808566942000198,1787213999.543164,347.7704482078552,5.759887633735196,-2.0,92.36977848848007,92.34217332428058,elbow,-1,2,0
23.823265722000087,1787213999.5578585,347.7852578163147,6.9351591207997565,-1.0,92.36457112035669,92.33413775731077,elbow,-1,1,0
23.837993946000097,1787213999.5725875,347.799941778183,8.020597161934173,-1.0,92.35993474939809,92.33283845867021,elbow,0,1,0
23.85280207400001,1787213999.5873947,347.8147530555725,9.00403671143074,-1.0,92.35761791059238,92.3440776355777,elbow,0,1,0
23.867492669000058,1787213999.6020854,347.82947993278503,9.859456550879898,-1.0,92.35820453777912,92.36163295645886,elbow,0,1,0
23.8821940050002,1787213999.6167862,347.84416699409485,10.583937826061696,-1.0,92.3615057692328,92.38079911914554,elbow,0,1,0
23.89703061399996,1787213999.6316345,347.85889625549316,11.171548344729493,-1.0,92.36499921034864,92.38541588903138,elbow,0,1,0
23.91175094900018,1787213999.646337,347.873740196228,11.603910335640512,0.0,92.37072907869187,92.40421608390507,elbow,0,0,0
23.926417768000192,1787213999.6610036,347.8884198665619,11.879403008552401,0.0,92.37855713894348,92.4243065835646,elbow,0,0,0
23.941092345000015,1787213999.675681,347.90307903289795,11.995940786261235,0.0,92.38877187118841,92.44846971613835,elbow,0,0,0
23.955897363000076,1787213999.6904974,347.9177632331848,11.95038538882811,0.0,92.40063238627373,92.46994866139592,elbow,0,0,0
23.970782210999914,1787213999.7053852,347.93261551856995,11.739760171013321,0.0,92.41302613063475,92.48545875162493,elbow,0,0,0
23.985622634000265,1787213999.7202141,347.94751501083374,11.367850518039742,0.0,92.4259639639678,92.50157639802725,elbow,0,0,0
24.000687994000145,1787213999.73529,347.96243357658386,10.82993412848319,0.0,92.43781340899828,92.50706498752328,elbow,0,0,0
24.015455939000276,1787213999.7500477,347.97742652893066,10.152878893668186,2.0,92.44836237445978,92.5100135748439,elbow,2,-1,0
24.031086389999928,1787213999.7656956,347.9921417236328,9.28486278484346,3.0,92.45808547248805,92.51491006510645,elbow,3,-2,0
24.046223488000123,1787213999.7808323,348.00799202919006,8.307900243121741,4.0,92.46768577366385,92.52379270601635,elbow,4,-2,0
24.061168908000127,1787213999.7957814,348.02300572395325,7.225331020165489,4.0,92.47335235342958,92.50646948192005,elbow,4,-3,0
24.076124605000132,1787213999.81073,348.0379464626312,6.039762083632027,4.0,92.47372963233033,92.47593455917331,elbow,4,-3,0
24.090986473000157,1787213999.8255746,348.05292868614197,4.776634878166109,5.0,92.46472922660175,92.41212825647467,elbow,5,-3,0
24.105707881999933,1787213999.8402913,348.0676772594452,3.459095164763459,4.0,92.44951393871784,92.36059140260222,elbow,4,-3,0
24.120336850000058,1787213999.8549495,348.0823893547058,2.1021780111806994,4.0,92.43157601354665,92.32674159890746,elbow,4,-3,0
24.134971984000003,1787213999.8695483,348.0970163345337,0.7154849570154621,3.0,92.41462214662909,92.31553885259086,elbow,3,-2,0
24.149733818000186,1787213999.884317,348.11173248291016,-0.6937616089276701,3.0,92.40059866648045,92.31864139892829,elbow,3,-2,0
24.164394137000272,1787213999.8990004,348.126407623291,-2.0846654061607826,2.0,92.38720703744704,92.3089424902721,elbow,2,-1,0
24.17927018799992,1787213999.9138696,348.1411190032959,-3.467691061208839,2.0,92.37170399531192,92.28109974025726,elbow,2,-1,0
24.194136443999923,1787213999.928738,348.1560139656067,-4.8019207121113165,2.0,92.34990475703263,92.22250371355757,elbow,2,-1,0
24.209081846000117,1787213999.943689,348.17086243629456,-6.075990189848763,1.0,92.3222029614791,92.16030566881054,elbow,1,-1,0
24.22386649300006,1787213999.958457,348.1858296394348,-7.252161514548899,1.0,92.2842272443426,92.06228618714054,elbow,1,-1,0
24.23859819900008,1787213999.9731963,348.2005424499512,-8.32435654164875,1.0,92.24126797096706,91.99020157200133,elbow,1,0,0
24.2534233450001,1787213999.988024,348.2153391838074,-9.287617516916946,1.0,92.1972639834815,91.9400919735746,elbow,1,0,0
24.2681868640002,1787214000.002781,348.23012590408325,-10.117917099809645,1.0,92.15383845305847,91.90004711326603,elbow,1,0,0
24.282974650000142,1787214000.0175655,348.24491930007935,-10.808738321940792,1.0,92.1068065125631,91.83193827088411,elbow,1,0,0
24.29792369100005,1787214000.0325255,348.2598087787628,-11.353728677177493,1.0,92.05819960083323,91.77412677245512,elbow,1,0,0
24.312682961000064,1787214000.0472665,348.2746353149414,-11.732678168672429,0.0,92.00338807489862,91.68305368940013,elbow,0,0,0
24.327519764000044,1787214000.062123,348.2893488407135,-11.948622971571533,0.0,91.9469100504697,91.6168361665352,elbow,0,0,0
24.3423037739999,1787214000.076893,348.30426692962646,-11.995951320407489,0.0,91.8923694679994,91.57361855434677,elbow,0,0,0
24.35715854,1787214000.09176,348.31900215148926,-11.873797845574037,0.0,91.84073748269644,91.5389852508059,elbow,0,0,0
24.371923143000004,1787214000.1065106,348.3338942527771,-11.58524693087244,0.0,91.78935466815454,91.48905866214484,elbow,0,0,0
24.386752335999972,1787214000.1213415,348.348593711853,-11.131519228355039,0.0,91.73954427007288,91.44843791992378,elbow,0,0,0
24.401486254000247,1787214000.1360722,348.36347675323486,-10.524091140845744,0.0,91.69015884668279,91.40153617135128,elbow,0,0,0
24.41620756200018,1787214000.150806,348.3781473636627,-9.76952728598786,-2.0,91.64114259437059,91.35467746142392,elbow,-1,2,0
24.431087568000294,1787214000.1656783,348.3929979801178,-8.867379305709433,-3.0,91.59745528505903,91.34213403384807,elbow,-2,3,0
24.447634646000097,1787214000.1822343,348.4095675945282,-7.7149989104452725,-4.0,91.56546390762588,91.37849705974934,elbow,-2,4,0
24.462525133000327,1787214000.1971257,348.42441153526306,-6.559786303499745,-4.0,91.54626554512606,91.43406477076164,elbow,-3,4,0
24.477346362999924,1787214000.211944,348.43928146362305,-5.315598452325351,-4.0,91.53539361232076,91.47185489751605,elbow,-3,4,0
24.4921720010002,1787214000.2267656,348.4540708065033,-3.9944963131855427,-4.0,91.53851461939811,91.55675468601204,elbow,-3,4,0
24.50696017700011,1787214000.2415462,348.4689314365387,-2.6191268992538204,-4.0,91.56149841390888,91.69582234606531,elbow,-3,4,0
24.521573322000222,1787214000.2561512,348.4836320877075,-1.222594303917775,-4.0,91.59698613911515,91.80438665301892,elbow,-2,4,0
24.53613141300002,1787214000.270707,348.4982097148895,0.1863747993614554,-3.0,91.64337462987453,91.91448236548732,elbow,-2,3,0
24.55071570700011,1787214000.285289,348.5127875804901,1.5960545989043173,-3.0,91.71020019692389,92.10074810799439,elbow,-2,3,0
24.565250225,1787214000.2998261,348.5273470878601,2.9796572824652228,-2.0,91.79462783931619,92.28804736164604,elbow,-1,2,0
24.579989106000085,1787214000.3145819,348.54189014434814,4.341374900886241,-2.0,91.8977067329739,92.50012955362483,elbow,-1,2,0
24.59473604300001,1787214000.329331,348.55669379234314,5.64282046045736,-2.0,92.00545158704655,92.63514362775288,elbow,-1,2,0
24.609691583000313,1787214000.344311,348.5714178085327,6.881218548215548,-1.0,92.10923299527808,92.71576151396373,elbow,-1,1,0
24.62466247500015,1787214000.3592665,348.586492061615,8.02048387399927,-1.0,92.21046103339314,92.80206691978094,elbow,0,1,0
24.639445058000092,1787214000.3740382,348.6014187335968,9.030306071496689,-1.0,92.30279945864035,92.84245188037288,elbow,0,1,0
24.65424278899991,1787214000.388836,348.61622428894043,9.911812800590843,-1.0,92.38268181220658,92.84953735409285,elbow,0,1,0
24.66897894900012,1787214000.4035695,348.630921125412,10.648226256794572,-1.0,92.44496309854613,92.80895292089542,elbow,0,1,0
24.68373699599988,1787214000.4183354,348.6456618309021,11.233474650473525,-1.0,92.48404453285255,92.71244772049384,elbow,0,1,0
24.698688740000307,1787214000.4332833,348.66054129600525,11.662164315359478,0.0,92.4986058594578,92.58370645701646,elbow,0,0,0
24.713418881000052,1787214000.448004,348.67539405822754,11.916447206085918,0.0,92.48797705838712,92.42585927564878,elbow,0,0,0
24.728110671000195,1787214000.4626944,348.6900854110718,11.99998732897556,0.0,92.44915876692292,92.22229346203945,elbow,0,0,0
24.742961586000092,1787214000.4775593,348.70478677749634,11.910305933413252,0.0,92.3856072195679,92.01419362503054,elbow,0,0,0
24.75771383700021,1787214000.4923024,348.7196943759918,11.648903129305051,0.0,92.32125595031974,91.945168550103,elbow,0,0,0
24.77258530600011,1787214000.5071838,348.7344055175781,11.215107704877903,0.0,92.2566225231514,91.87888611057043,elbow,0,0,0
24.787502385000153,1787214000.5221002,348.7493145465851,10.614339266454879,0.0,92.18804274560672,91.7872427218378,elbow,0,0,0
24.802358039999945,1787214000.536953,348.7643277645111,9.859706043861706,2.0,92.11208289145804,91.668151568869,elbow,2,-1,0
24.817181048000293,1787214000.5517807,348.77905321121216,8.962019126074008,3.0,92.04074600223099,91.62383262161859,elbow,3,-2,0
24.832366710000315,1787214000.5670207,348.79418110847473,7.905975553401262,4.0,91.9833424288432,91.64785936952221,elbow,4,-2,0
24.847382081999967,1787214000.5819798,348.80933713912964,6.741604439860678,4.0,91.93857964920416,91.67697303883564,elbow,4,-3,0
24.86248750599998,1787214000.5970993,348.8240747451782,5.467260494970748,4.0,91.90158664661453,91.68538885700306,elbow,4,-3,0
24.87746774900006,1787214000.6120806,348.8392872810364,4.120389027430406,4.0,91.87463284107457,91.71710701804251,elbow,4,-3,0
24.89237677300025,1787214000.6270258,348.85423135757446,2.717728820312743,4.0,91.87775459580486,91.89599903191844,elbow,4,-3,0
24.90711748800004,1787214000.641698,348.8691556453705,1.290288469988971,4.0,91.93246400389546,92.25220158322506,elbow,4,-2,0
24.921802036999907,1787214000.6563902,348.88377118110657,-0.15120278906759727,3.0,92.04157310383184,92.67923819131929,elbow,3,-2,0
24.93647540200027,1787214000.6710548,348.8984911441803,-1.5901952120633327,3.0,92.16998731013962,92.92047701400153,elbow,3,-2,0
24.95113974900005,1787214000.6857228,348.91318702697754,-3.0060993381228327,2.0,92.28763394003796,92.97519481800762,elbow,2,-1,0
24.965744745999928,1787214000.7003233,348.92779541015625,-4.373837938087876,2.0,92.37672417163641,92.89739321170393,elbow,2,-1,0
24.98030748500014,1787214000.7149186,348.9423882961273,-5.675813502836907,2.0,92.4289936023023,92.73447124896896,elbow,2,-1,0
24.995019774999946,1787214000.7296207,348.9569878578186,-6.909403737566459,1.0,92.44357505941329,92.52879330546058,elbow,1,-1,0
25.009922891000315,1787214000.7445292,348.97177624702454,-8.056695797168198,1.0,92.41921828175474,92.276870239606,elbow,1,0,0
25.02507394400027,1787214000.7596934,348.98663687705994,-9.099700946546342,1.0,92.35422390450823,91.97437799543872,elbow,1,0,0
25.04000850300008,1787214000.7746167,349.0018837451935,-9.990176291656667,1.0,92.25946297024358,91.70565270626469,elbow,1,0,0
25.054743143999985,1787214000.789339,349.01672554016113,-10.72140630504923,1.0,92.15444603686178,91.54069675241519,elbow,1,0,0
25.069440544999907,1787214000.8040333,349.03141736984253,-11.294002339189138,1.0,92.05549922540025,91.47722548632608,elbow,1,0,0
25.08415790900017,1787214000.8187485,349.04611349105835,-11.701791943369566,0.0,91.97052496098254,91.47391082168804,elbow,0,0,0
25.09915935500021,1787214000.8337567,349.0610599517822,-11.940450299748745,0.0,91.89894995632937,91.4806449604061,elbow,0,0,0
25.113891718000104,1787214000.84848,349.0758628845215,-11.997117535781369,0.0,91.8418904597388,91.50841828457992,elbow,0,0,0
25.128629931999967,1787214000.8632176,349.090558052063,-11.876457593025757,0.0,91.80085834348345,91.56105480723377,elbow,0,0,0
25.143325408000237,1787214000.877912,349.10530495643616,-11.5810221023508,0.0,91.77785049858844,91.64338600904144,elbow,0,0,0
25.158010217000083,1787214000.8925984,349.1199915409088,-11.115186873453478,0.0,91.76923390965598,91.71887607572037,elbow,0,0,0
25.172741691000283,1787214000.907329,349.134681224823,-10.483132891551476,0.0,91.76747337373212,91.75718429340274,elbow,0,0,0
25.18762810399994,1787214000.922234,349.14942145347595,-9.686106565793084,-2.0,91.76420452109342,91.74510040232559,elbow,-1,2,0
25.20233128300015,1787214000.9369113,349.16436743736267,-8.75418793130411,-3.0,91.75768812306697,91.71960441125867,elbow,-2,3,0
25.21692800300025,1787214000.9515011,349.1789855957031,-7.700208326098201,-4.0,91.74641471637239,91.68052967222509,elbow,-2,4,0
25.231612237000263,1787214000.9661996,349.1935729980469,-6.525816833358109,-4.0,91.72998776781036,91.63398393680019,elbow,-3,4,0
25.24657196299995,1787214000.9811683,349.20836997032166,-5.229497283794359,-4.0,91.70678178677171,91.57115933238555,elbow,-3,4,0
25.261260456999935,1787214000.99584,349.2232983112335,-3.877593415243109,-4.0,91.67563544303309,91.49360721608785,elbow,-3,4,0
25.2766723740001,1787214001.0112681,349.237909078598,-2.3967963417923013,-4.0,91.63985304646873,91.43073038805595,elbow,-3,4,0
25.291599296000186,1787214001.0262022,349.2534809112549,-0.9241718609679936,-3.0,91.60089343939573,91.3732022452866,elbow,-2,3,0
25.306532421000156,1787214001.0411458,349.26832723617554,0.5640725364155373,-3.0,91.56404116881615,91.3486658577106,elbow,-2,3,0
25.3215158590001,1787214001.0561247,349.28331327438354,2.0493882496102573,-2.0,91.5357544089567,91.37043841596417,elbow,-1,2,0
25.336512871000195,1787214001.071134,349.29827213287354,3.505006967933063,-2.0,91.51940159772461,91.4238310466793,elbow,-1,2,0
25.35151141999995,1787214001.0861266,349.3133490085602,4.907010243856705,-2.0,91.51366225494722,91.48011987840482,elbow,-1,2,0
25.366388898999958,1787214001.1009915,349.3282845020294,6.222963185667109,-1.0,91.50860598061256,91.47905565329928,elbow,-1,1,0
25.381150307000098,1787214001.1157446,349.34310507774353,7.434996431248495,-1.0,91.49918923357659,91.44415504462219,elbow,0,1,0
25.395864717000222,1787214001.130454,349.3578405380249,8.531898744821365,-1.0,91.48756275086528,91.41961422851836,elbow,0,1,0
25.410578461000114,1787214001.145166,349.37254309654236,9.500961749691855,-1.0,91.47753730180949,91.41894568247626,elbow,0,1,0
25.425207263000175,1787214001.159789,349.38726353645325,10.323098988881508,-1.0,91.46756659062612,91.40929487522602,elbow,0,1,0
25.43977238200023,1787214001.1743517,349.401850938797,10.989244606108349,-1.0,91.45717762015896,91.39646147672357,elbow,0,1,0
25.45434922300001,1787214001.1889277,349.4164183139801,11.493536041010367,-1.0,91.44826876603852,91.39620284994693,elbow,0,1,0
25.469102410000232,1787214001.2036889,349.4310030937195,11.83061316948361,0.0,91.43916991205145,91.38599358187294,elbow,0,0,0
25.48394874099995,1787214001.218541,349.44580149650574,11.988371745693783,0.0,91.42769783236322,91.36065168587018,elbow,0,0,0
25.4990025850002,1787214001.2335916,349.4609375,11.95970784878289,0.0,91.41361424929033,91.33130572289294,elbow,0,0,0
25.513617275999877,1787214001.2481925,349.47568440437317,11.750298965141,0.0,91.39886293018807,91.31265196161277,elbow,0,0,0
25.52818009900011,1787214001.2627542,349.4902536869049,11.36652989226933,0.0,91.38737415246008,91.32023041780074,elbow,0,0,0
25.542784865000158,1787214001.2773576,349.5048394203186,10.811577364614351,0.0,91.3767548305862,91.31469244701125,elbow,0,0,0
25.557347298999957,1787214001.2919183,349.5194137096405,10.096645625090256,0.0,91.36386216283779,91.28851368949758,elbow,0,0,0
25.57189458499988,1787214001.3064709,349.5339813232422,9.231750897682618,1.0,91.34574180640979,91.23984121082513,elbow,1,-1,0
25.586435168000207,1787214001.3210073,349.5485272407532,8.22937085850091,2.0,91.31919882635583,91.1640739860982,elbow,2,-1,0
25.601282000000083,1787214001.335893,349.5631401538849,7.078946692010161,3.0,91.27919159298409,91.04537776826189,elbow,3,-2,0
25.616259807999995,1787214001.3508644,349.5780396461487,5.806277520503462,4.0,91.22420777036999,90.90286643332237,elbow,4,-2,0
25.631103085000177,1787214001.3656948,349.59306478500366,4.453558087148062,4.0,91.16373745796376,90.8103314902361,elbow,4,-2,0
25.645942083000136,1787214001.380542,349.6077845096588,3.031171709254934,4.0,91.10502726315529,90.76190793093842,elbow,4,-2,0
25.660848024000188,1787214001.3954453,349.62269377708435,1.55408629719479,3.0,91.0539984205935,90.75577112905201,elbow,3,-2,0
25.675628488000257,1787214001.4102361,349.63754963874817,0.0644357712862381,3.0,91.01195167408464,90.76621834563846,elbow,3,-2,0
25.69068455300021,1787214001.4252799,349.65241527557373,-1.4546815410633884,2.0,90.97392120158395,90.75166013822185,elbow,2,-1,0
25.708008190000328,1787214001.4426134,349.669903755188,-3.1731335643688254,2.0,90.93828003167016,90.7299827425853,elbow,2,-1,0
25.722903261000283,1787214001.4575026,349.68475341796875,-4.598771789983461,2.0,90.91022830752028,90.74628593108571,elbow,2,-1,0
25.737925883000116,1787214001.4725263,349.69963550567627,-5.963786035628118,1.0,90.88919925948457,90.76629943020093,elbow,1,-1,0
25.75268043999995,1787214001.487265,349.71467423439026,-7.211954551890173,1.0,90.87455535393153,90.7889721411556,elbow,1,0,0
25.76733107500013,1787214001.5019183,349.7293472290039,-8.341242699236435,1.0,90.86228901745854,90.79060100495768,elbow,1,0,0
25.781949544000327,1787214001.5165286,349.7439935207367,-9.341259378734366,1.0,90.85022750594244,90.77973654963701,elbow,1,0,0
25.7966427690003,1787214001.5312257,349.75864601135254,-10.20313652721713,1.0,90.83884786792477,90.77234197724889,elbow,1,0,0
25.811230351000177,1787214001.5458088,349.7733030319214,-10.90340344495987,1.0,90.82652700602051,90.75452033115401,elbow,1,0,0
25.825776229999974,1787214001.5603485,349.7878694534302,-11.436588922989719,0.0,90.81771867908898,90.76624027291858,elbow,0,0,0
25.840500453999994,1787214001.5750923,349.8024015426636,-11.799888204505063,0.0,90.81389309512903,90.79153527775235,elbow,0,0,0
25.85511601600001,1787214001.589692,349.8171772956848,-11.97914151776705,0.0,90.81760415055358,90.83929263009692,elbow,0,0,0
25.869665320999957,1787214001.6042376,349.8317484855652,-11.975090966015939,0.0,90.83422022607198,90.93132936962941,elbow,0,0,0
25.884216217999892,1787214001.6187887,349.8462953567505,-11.788707583214501,0.0,90.86463406120565,91.04238129633686,elbow,0,0,0
25.89920743399989,1787214001.6338165,349.8609302043915,-11.408704611424595,0.0,90.90722746823995,91.1561556386561,elbow,0,0,0
25.914030581000134,1787214001.6486223,349.87596368789673,-10.851063088364313,0.0,90.95557266631423,91.23811596451401,elbow,0,0,0
25.928807118999885,1787214001.6634045,349.89074444770813,-10.123679232888495,-2.0,91.00238804529612,91.2759906389538,elbow,-1,2,0
25.943505325999922,1787214001.6780927,349.9054937362671,-9.24138194620386,-3.0,91.0481650021125,91.31569875676954,elbow,-2,3,0
25.95819645900019,1787214001.6927862,349.9201683998108,-8.214816549270385,-4.0,91.09331286688096,91.35717002594696,elbow,-2,4,0
25.972927850999895,1787214001.7075164,349.9348738193512,-7.056076421788181,-4.0,91.13621370913008,91.3869386197197,elbow,-3,4,0
25.98774890499999,1787214001.7223518,349.94960594177246,-5.7777638893258505,-4.0,91.17748460884992,91.4186836646197,elbow,-3,4,0
26.0027022889999,1787214001.7373066,349.9645025730133,-4.394144125760095,-4.0,91.2123282429974,91.41596450275934,elbow,-3,4,0
26.01746775299989,1787214001.7520573,349.97944164276123,-2.957106581877148,-4.0,91.2365525460648,91.37812636844815,elbow,-3,4,0
26.032150387,1787214001.7667372,349.9941382408142,-1.4808812813795766,-4.0,91.25034364442128,91.33094280567512,elbow,-2,4,0
26.04719828599991,1787214001.7818034,350.0090260505676,0.05676285568776267,-3.0,91.2593523248532,91.31200165473598,elbow,-2,3,0
26.06200417400032,1787214001.7965965,350.02393889427185,1.569695970272932,-3.0,91.27155736033298,91.34288711212761,elbow,-2,3,0
26.07679200800021,1787214001.8113906,350.0386919975281,3.056544049025535,-2.0,91.28409340411137,91.35735766398852,elbow,-1,2,0
26.0921914139999,1787214001.8268049,350.0538775920868,4.55351850821746,-2.0,91.3052452093158,91.428862466942,elbow,-1,2,0
26.107676854000147,1787214001.8422878,350.0695073604584,5.9800818206551325,-2.0,91.32916841675328,91.46898254932788,elbow,-1,2,0
26.126713822000056,1787214001.86133,350.08852648735046,7.588687777670986,-1.0,91.34993090131867,91.47127285670621,elbow,0,1,0
26.141657445999954,1787214001.8762686,350.1035068035126,8.713149038575633,-1.0,91.36699181288245,91.46670070674445,elbow,0,1,0
26.156704642000022,1787214001.8913155,350.11842799186707,9.701821544345222,-1.0,91.3800046414363,91.45605536922244,elbow,0,1,0
26.17159276800021,1787214001.9061935,350.1334719657898,10.52193688130044,-1.0,91.3884633669862,91.43789860172788,elbow,0,1,0
26.186468025000067,1787214001.9210722,350.14831590652466,11.170642345701399,-1.0,91.39349609289495,91.42290879640707,elbow,0,1,0
26.20136342900014,1787214001.9359498,350.16333985328674,11.638395791025198,-1.0,91.39753688844836,91.42115246452391,elbow,0,1,0
26.21598038000002,1787214001.9505553,350.1780288219452,11.912852712027679,0.0,91.39747538188823,91.39711591978957,elbow,0,0,0
26.230548980000094,1787214001.9651227,350.1926155090332,11.999874010561431,0.0,91.3990386551565,91.40817487556308,elbow,0,0,0
26.245306462999906,1787214001.9798942,350.20720767974854,11.896483611893636,0.0,91.40223807352591,91.42093639837347,elbow,0,0,0
26.260142721000193,1787214001.9947338,350.2220141887665,11.599605270714276,0.0,91.40192627371128,91.40010402555613,elbow,0,0,0
26.274957520000044,1787214002.009544,350.23691868782043,11.114637432600825,0.0,91.3946718908192,91.35227518234811,elbow,0,0,0
26.28964973600023,1787214002.0242352,350.25162291526794,10.455096759660469,0.0,91.38068485981901,91.29894061161589,elbow,0,0,0
26.30444978300011,1787214002.0390444,350.2663879394531,9.621348516281515,0.0,91.36371887520897,91.26456476187671,elbow,0,0,0
26.31918862800012,1787214002.0537856,350.2811381816864,8.635264064258047,1.0,91.34563800182714,91.23996815656587,elbow,1,-1,0
26.333907381000245,1787214002.0684977,350.2958836555481,7.51102222867206,2.0,91.32362539535076,91.19497736651752,elbow,2,-1,0
26.34876959200028,1787214002.0833585,350.3106915950775,6.252591325224909,3.0,91.2934312247085,91.11696777229764,elbow,3,-2,0
26.36348456800033,1787214002.098072,350.3254415988922,4.904684247611554,3.0,91.25107808469328,91.0035541041185,elbow,3,-2,0
26.378152451999995,1787214002.1127386,350.3401520252228,3.481662147877712,3.0,91.19793122520058,90.88732563109473,elbow,3,-2,0
26.39301053400004,1787214002.127614,350.35481786727905,1.9826114759041644,3.0,91.1303669399194,90.73550174618235,elbow,3,-2,0
26.407829412999945,1787214002.1424177,350.3697807788849,0.4541843601940765,3.0,91.05308471009879,90.60142504222028,elbow,3,-2,0
26.42262120100031,1787214002.15721,350.3845810890198,-1.0796835671089426,2.0,90.96704067256566,90.46417447026597,elbow,2,-1,0
26.43730536200019,1787214002.1718934,350.39929366111755,-2.5857605028972857,2.0,90.87486288871362,90.336149301683,elbow,2,-1,0
26.452073484000266,1787214002.1866658,350.41404581069946,-4.059083161781705,2.0,90.78120003707042,90.23380728502485,elbow,2,-1,0
26.466993379000087,1787214002.2015984,350.42877411842346,-5.48086917693438,1.0,90.68958392396235,90.15415290295314,elbow,1,-1,0
26.481741908000004,1787214002.2163324,350.44371032714844,-6.797185990694631,1.0,90.60444720349923,90.10688362416288,elbow,1,0,0
26.496760744000312,1787214002.2313728,350.4584650993347,-8.024095993277975,1.0,90.5279394259823,90.08080588100519,elbow,1,0,0
26.511904113000128,1787214002.2465339,350.473516702652,-9.124023778694495,1.0,90.46023980110442,90.06458364368221,elbow,1,0,0
26.52688383900022,1787214002.2614942,350.4887249469757,-10.057796286231726,1.0,90.40238588581973,90.06427089840783,elbow,1,0,0
26.545035459000246,1787214002.2796583,350.5068473815918,-10.960821646773116,1.0,90.3639839956713,90.13955226032144,elbow,1,0,0
26.560297564999928,1787214002.2949626,350.52212500572205,-11.510616944070984,0.0,90.34693782223582,90.24731506225146,elbow,0,0,0
26.57594069400011,1787214002.3105624,350.537721157074,-11.864301642614254,0.0,90.34744587350873,90.3504150718577,elbow,0,0,0
26.5908600329999,1787214002.3254619,350.55272459983826,-11.99742641253911,0.0,90.36380787350731,90.45943212635738,elbow,0,0,0
26.605726503999904,1787214002.340324,350.56756925582886,-11.929156475184978,0.0,90.39319060516789,90.56491177385034,elbow,0,0,0
26.620355611999912,1787214002.3549669,350.5824234485626,-11.666980545845338,0.0,90.43257003147018,90.66271477038653,elbow,0,0,0
26.634955591000107,1787214002.36953,350.59703636169434,-11.216429084873102,0.0,90.47911559452835,90.75114130601304,elbow,0,0,0
26.649626568000258,1787214002.384202,350.6116807460785,-10.580670565745484,0.0,90.52756752053459,90.81073456758858,elbow,0,0,0
26.66422347300022,1787214002.3988035,350.62627053260803,-9.776056146547804,-2.0,90.57582461720865,90.85785302538453,elbow,-1,2,0
26.678984465000212,1787214002.4135764,350.6409103870392,-8.800931495884253,-3.0,90.61894543746962,90.87095596308365,elbow,-2,3,0
26.693732327999896,1787214002.4283192,350.6557013988495,-7.680371734683629,-4.0,90.65661725987695,90.87678226852601,elbow,-2,4,0
26.708796737000284,1787214002.443402,350.6704261302948,-6.4038800919808665,-4.0,90.68735112441253,90.86696870378343,elbow,-3,4,0
26.72356928399995,1787214002.4581578,350.6855409145355,-5.04366189266357,-4.0,90.71399596044867,90.86971607647916,elbow,-3,4,0
26.73841434799988,1787214002.4730198,350.7002441883087,-3.5914287489965133,-4.0,90.73808298208867,90.87885449216743,elbow,-3,4,0
26.753357185999903,1787214002.4879534,350.7152678966522,-2.067830672260177,-4.0,90.76296184069274,90.9083610746485,elbow,-2,4,0
26.76807984600009,1787214002.5026677,350.73005199432373,-0.5312303658650126,-3.0,90.78199435363177,90.89322585527054,elbow,-2,3,0
26.78277737799999,1787214002.5173657,350.74475479125977,1.012338722523693,-3.0,90.78640430934291,90.81217736398276,elbow,-2,3,0
26.797469910000018,1787214002.532062,350.75947284698486,2.539406345626121,-2.0,90.7765347732538,90.71885435432084,elbow,-1,2,0
26.81221862500024,1787214002.5468104,350.77416586875916,4.030737427264598,-2.0,90.75759384591939,90.64689759700127,elbow,-1,2,0
26.826969525000095,1787214002.5615628,350.78895831108093,5.455658771400553,-2.0,90.7386621008132,90.62801951548833,elbow,-1,2,0
26.84177505300022,1787214002.5763826,350.803653717041,6.7947391295838635,-1.0,90.72530760616594,90.64726008306695,elbow,-1,1,0
26.85656652500029,1787214002.591161,350.8184895515442,8.018718389151696,-1.0,90.71771074826393,90.67331251693818,elbow,0,1,0
26.871430607000093,1787214002.6060383,350.83326530456543,9.113083573018729,-1.0,90.71460355103879,90.6964441931891,elbow,0,1,0
26.886252227000114,1787214002.6208494,350.8482208251953,10.050215388045588,-1.0,90.71129150726743,90.69193496704794,elbow,0,1,0
26.901149141000133,1787214002.6357508,350.8630301952362,10.820745461361229,-1.0,90.70297636460622,90.65438026972849,elbow,0,1,0
26.91601083400019,1787214002.6506166,350.8778660297394,11.404864006349015,-1.0,90.68562161486508,90.58419544584298,elbow,0,1,0
26.93143995199989,1787214002.6660528,350.893257856369,11.805240747475224,-1.0,90.66105642396873,90.51749035467473,elbow,0,1,0
26.946955141000217,1787214002.6815588,350.9087483882904,11.98852735070984,0.0,90.62679162670528,90.42653825684447,elbow,0,0,0
26.961965626000165,1787214002.696586,350.9237484931946,11.952960817279862,0.0,90.58539433313352,90.34345659519441,elbow,0,0,0
26.97702857100012,1787214002.7116444,350.9388029575348,11.707075262537394,0.0,90.53853889378641,90.26470217578617,elbow,0,0,0
26.991834747000212,1787214002.7264285,350.9537923336029,11.26404132729666,0.0,90.49430684733481,90.2358019949737,elbow,0,0,0
27.006714884000303,1787214002.7413144,350.9685356616974,10.625036920396004,0.0,90.4582320930574,90.24740081174535,elbow,0,0,0
27.021409822999885,1787214002.7559896,350.9834306240082,9.813811623527645,0.0,90.42777613506806,90.24978272180445,elbow,0,0,0
27.036019449999912,1787214002.770597,350.9980733394623,8.843092561025998,0.0,90.39947583831086,90.23408073177879,elbow,0,0,0
27.05193086700001,1787214002.7865164,351.0139901638031,7.6183691084713825,1.0,90.36782362211262,90.18283893043251,elbow,1,-1,0
27.066518587000246,1787214002.8010943,351.0285835266113,6.361944433738533,2.0,90.33438563568953,90.13896438713815,elbow,2,-1,0
27.081746101000135,1787214002.816347,351.0435128211975,4.937157737448957,3.0,90.30172542531284,90.1108497245752,elbow,3,-2,0
27.096583517,1787214002.831172,351.05852603912354,3.46174446408546,3.0,90.275683450026,90.12348662630266,elbow,3,-2,0
27.111429803000192,1787214002.846023,351.0732855796814,1.9249378475197387,2.0,90.25122308879567,90.1082696743416,elbow,2,-1,0
27.12609333499995,1787214002.860671,351.0881416797638,0.373509640502689,2.0,90.22537076946153,90.07428234989277,elbow,2,-1,0
27.14072535000014,1787214002.8753018,351.10275173187256,-1.1816609423752118,2.0,90.19495399955802,90.01718961278439,elbow,2,-1,0
27.155370550000043,1787214002.8899515,351.1174385547638,-2.719089943578876,2.0,90.16226441844127,89.97121706661726,elbow,2,-1,0
27.16996697400009,1787214002.9045465,351.1320185661316,-4.206534979047073,1.0,90.1297612767718,89.93980353091591,elbow,1,-1,0
27.184736706999956,1787214002.9193301,351.1466236114502,-5.640451145265507,1.0,90.09821429885736,89.91384465009745,elbow,1,0,0
27.199451774999943,1787214002.934035,351.1614911556244,-6.973345658017588,1.0,90.06955752981773,89.90207909632846,elbow,1,0,0
27.21407777200011,1787214002.9486582,351.17610573768616,-8.180801710649828,1.0,90.04722665268886,89.9167185582554,elbow,1,0,0
27.228730156999973,1787214002.9633062,351.1907801628113,-9.252413784026844,1.0,90.03223318395257,89.94460702299038,elbow,1,0,0
27.24348037200025,1787214002.9780781,351.2053647041321,-10.173038629805276,1.0,90.02287497275086,89.96818288411527,elbow,1,0,0
27.25821134600028,1787214002.992788,351.22020983695984,-10.918089099091924,0.0,90.01604919516683,89.97615737988447,elbow,0,0,0
27.27302604400029,1787214003.0076182,351.23488783836365,-11.478415121492112,0.0,90.00990643627588,89.97400637947135,elbow,0,0,0
27.287717344000157,1787214003.0222936,351.2497363090515,-11.837069566073314,0.0,90.00276783722227,89.96104780293803,elbow,0,0,0
27.302591379000205,1787214003.0371833,351.26443457603455,-11.993726989121216,0.0,89.99636779080036,89.95896407136789,elbow,0,0,0
27.317453488999945,1787214003.052056,351.27932047843933,-11.939732704998397,0.0,89.99161326131352,89.96382641802586,elbow,0,0,0
27.332190455000273,1787214003.066775,351.2941756248474,-11.679014055462371,0.0,89.98523655720572,89.94796925699752,elbow,0,0,0
27.347147617000246,1787214003.081734,351.309122800827,-11.207783107848929,0.0,89.9748970987442,89.91447031776723,elbow,0,0,0
27.362074613000004,1787214003.0966902,351.32385993003845,-10.538011394627757,-2.0,89.96342426127538,89.89637368609372,elbow,-1,2,0
27.377092532999995,1787214003.111705,351.3388819694519,-9.674791803179708,-3.0,89.9568805383174,89.91863713171865,elbow,-2,3,0
27.392014954999922,1787214003.1266246,351.3538644313812,-8.643978069441527,-4.0,89.95768398058283,89.96237952919219,elbow,-3,4,0
27.40695684000002,1787214003.1415632,351.36876344680786,-7.45711957652181,-4.0,89.96351341534452,89.99758231545907,elbow,-3,4,0
27.422014109999964,1787214003.1566055,351.3836829662323,-6.125763811253121,-5.0,89.97119127749734,90.01606292105643,elbow,-3,5,0
27.436708614000054,1787214003.17129,351.398713350296,-4.718362983488795,-5.0,89.982660792983,90.04969195353571,elbow,-3,5,0
27.45135026800017,1787214003.1859243,351.41342401504517,-3.2340362784382526,-4.0,89.99756551428338,90.08467300960257,elbow,-3,4,0
27.465957849000006,1787214003.2005386,351.4279887676239,-1.696953060199435,-4.0,90.01312758405898,90.10407681368996,elbow,-3,4,0
27.480568338000012,1787214003.215145,351.4426107406616,-0.12970442499158744,-3.0,90.0225594416456,90.07768194102144,elbow,-2,3,0
27.495571239000128,1787214003.2301638,351.45721316337585,1.482505494953731,-3.0,90.02980051287294,90.07211942413127,elbow,-2,3,0
27.51038018400004,1787214003.244974,351.47229623794556,3.048446369689736,-2.0,90.03441607571598,90.0613907578078,elbow,-1,2,0
27.525269755999943,1787214003.259883,351.4870777130127,4.5693288047830345,-2.0,90.03305509351287,90.02510112050675,elbow,-1,2,0
27.540215011000328,1787214003.27482,351.5020606517792,6.014448940734095,-2.0,90.02037558637127,89.94627288517164,elbow,-1,2,0
27.55503330700003,1787214003.2896295,351.5169880390167,7.340973264909616,-1.0,89.99014304978563,89.81345537572273,elbow,-1,1,0
27.569728015000237,1787214003.304318,351.5317134857178,8.528468550539548,-1.0,89.9440164399335,89.67443921196616,elbow,0,1,0
27.58444605500017,1787214003.3190458,351.54640316963196,9.569053166906533,-1.0,89.88848544185417,89.56394625337973,elbow,0,1,0
27.599244982000073,1787214003.3338404,351.56120109558105,10.446560670972824,-1.0,89.83420328167617,89.51696266252435,elbow,0,1,0
27.61393530100031,1787214003.3485272,351.57593607902527,11.134632495672719,-1.0,89.78616440694603,89.50541135082642,elbow,0,1,0
27.62864437799999,1787214003.3632371,351.590607881546,11.628525579038001,-1.0,89.74037943759416,89.47279885536598,elbow,0,1,0
27.643331420000322,1787214003.3779228,351.6053190231323,11.917992744007245,-1.0,89.69316786725388,89.41724981688951,elbow,0,1,0
27.657994258000144,1787214003.3925793,351.6200017929077,11.99858395613517,0.0,89.64335395034905,89.35222703518129,elbow,0,0,0
27.672916217999955,1787214003.4075167,351.6346881389618,11.865060151048167,0.0,89.5908493581296,89.28399735943628,elbow,0,0,0
27.68877327700011,1787214003.4233787,351.64965295791626,11.487296371537902,0.0,89.53753309040415,89.22593742566605,elbow,0,0,0
27.703929506999884,1787214003.438528,351.66581892967224,10.90572373428575,0.0,89.4941021644255,89.24027929144803,elbow,0,0,0
27.718932203999884,1787214003.453525,351.6806335449219,10.128272587939858,0.0,89.46681900126738,89.30736831720617,elbow,0,0,0
27.73360091299992,1787214003.4681776,351.69565057754517,9.187493226930542,0.0,89.44605749924472,89.32472128612068,elbow,0,0,0
27.748576630000116,1787214003.4831693,351.71044969558716,8.05983215474233,0.0,89.43335501875471,89.35911805467299,elbow,0,0,0
27.76342810999995,1787214003.4980311,351.72532415390015,6.794718227761928,1.0,89.42745597805536,89.39298028074111,elbow,1,0,0
27.778457104000154,1787214003.5130572,351.7401990890503,5.388878271054784,2.0,89.42427565368655,89.40568891969224,elbow,2,-1,0
27.79319086600026,1787214003.5277748,351.7551929950714,3.9128452540717413,2.0,89.42366728165649,89.42011177983309,elbow,2,-1,0
27.807859630000166,1787214003.5424404,351.7698698043823,2.373254526459484,2.0,89.4275396355849,89.45017079016309,elbow,2,-1,0
27.822588762000123,1787214003.557172,351.78454780578613,0.7843630190504842,2.0,89.43781624314265,89.49787570528832,elbow,2,-1,0
27.83736759700014,1787214003.5719602,351.7992830276489,-0.8247160725382328,2.0,89.45193664062427,89.53446032105722,elbow,2,-1,0
27.852141284000027,1787214003.5867248,351.8141596317291,-2.419196438413619,1.0,89.4672259146119,89.55658084688274,elbow,1,-1,0
27.86672308800007,1787214003.601302,351.82878947257996,-3.9511573314587696,1.0,89.48127470839827,89.56337991615915,elbow,1,0,0
27.881273818999944,1787214003.6158507,351.8433606624603,-5.411483217430169,1.0,89.4935434784085,89.56524571320375,elbow,1,0,0
27.89607080099995,1787214003.630667,351.85799050331116,-6.800018354954332,1.0,89.50450496266795,89.56856704203044,elbow,1,0,0
27.910749898000176,1787214003.6453347,351.8727750778198,-8.05655748142603,1.0,89.514291730283,89.57148842635246,elbow,1,0,0
27.92558912000004,1787214003.6601987,351.88742089271545,-9.181268781797185,1.0,89.51903086935697,89.54672776662744,elbow,1,0,0
27.940371676000268,1787214003.6750062,351.90233302116394,-10.13568097606508,0.0,89.51104945540317,89.46440376746243,elbow,0,0,0
27.95511512300027,1787214003.6897066,351.91709208488464,-10.905050826045667,0.0,89.48371258564342,89.32394802469337,elbow,0,0,0
27.96980727600021,1787214003.7043962,351.93179512023926,-11.47633641665955,0.0,89.43669848281915,89.16193448964108,elbow,0,0,0
27.984526464000282,1787214003.7191174,351.9464750289917,-11.842482737685824,0.0,89.408774975243,89.24558193349041,elbow,0,0,0
27.99935685199989,1787214003.7339494,351.96127676963806,-11.995685402911118,0.0,89.38599131231128,89.25283700689482,elbow,0,0,0
28.014053912000236,1787214003.7486424,351.9760410785675,-11.930831930640776,0.0,89.363851746758,89.23446173241736,elbow,0,0,0
28.028874764000193,1787214003.7634695,351.99079036712646,-11.647866344525745,0.0,89.33809882797762,89.18759133394887,elbow,0,0,0
28.043764836000264,1787214003.7783778,352.0055875778198,-11.148473374428345,-2.0,89.31454328416271,89.17687788396874,elbow,-1,2,0
28.058709739000278,1787214003.7933173,352.0205383300781,-10.439425552715129,-3.0,89.29352714349969,89.17070274862935,elbow,-2,3,0
28.073480241000198,1787214003.8080726,352.03545451164246,-9.546717780453251,-4.0,89.27432990793825,89.1621357197272,elbow,-3,4,0
28.088308444000177,1787214003.8229575,352.05016255378723,-8.474786163210593,-5.0,89.26189481062109,89.18922051101376,elbow,-3,5,0
28.103239792000295,1787214003.8378432,352.0651099681854,-7.237194880145275,-5.0,89.26203307405244,89.26284112547165,elbow,-4,5,0
28.117982313000084,1787214003.8525743,352.07996582984924,-5.881820123997212,-5.0,89.27466824691403,89.34851184577886,elbow,-4,5,0
28.132741944999907,1787214003.8673353,352.09466576576233,-4.416738417140627,-5.0,89.30044932539879,89.45112139287153,elbow,-4,5,0
28.147772382000312,1787214003.8823771,352.10952734947205,-2.841144247368889,-5.0,89.3288810844266,89.49504449443054,elbow,-3,5,0
28.16270928599988,1787214003.8973145,352.1245415210724,-1.2210464357809112,-4.0,89.35562223023786,89.51190520840558,elbow,-3,4,0
28.182038621000174,1787214003.916656,352.1438193321228,0.9061996471741567,-3.0,89.37444480901513,89.48444939478982,elbow,-2,3,0
28.197170517999893,1787214003.9317837,352.15902280807495,2.5559222339673187,-3.0,89.38070700122175,89.4173050608119,elbow,-2,3,0
28.212003258000095,1787214003.9466028,352.1739094257355,4.126105226651345,-2.0,89.3728457208292,89.32690212811148,elbow,-1,2,0
28.226788408000175,1787214003.961376,352.1887128353119,5.6157430360473315,-2.0,89.35029907982268,89.21852999898195,elbow,-1,2,0
28.241465338000125,1787214003.9760528,352.203476190567,6.992613027950846,-2.0,89.31893184585907,89.13561267265254,elbow,-1,2,0
28.256067697000162,1787214003.9906516,352.21812415122986,8.236689565601973,-1.0,89.28229393963221,89.06817143570608,elbow,-1,1,0
28.2706463909999,1787214004.0052247,352.23272228240967,9.330950616395393,-1.0,89.24140909661764,89.00246626771522,elbow,0,1,0
28.285206113000186,1787214004.019785,352.24728298187256,10.256498985950563,-1.0,89.19706718787513,88.937920268561,elbow,0,1,0
28.30012656400004,1787214004.034724,352.26194190979004,11.013877071841929,-1.0,89.15741838891165,88.92569935837642,elbow,0,1,0
28.315006905000246,1787214004.0496066,352.27689909935,11.562159925933704,-1.0,89.12418667050629,88.92997091181458,elbow,0,1,0
28.329977261000295,1787214004.064585,352.2918312549591,11.894348197839376,-1.0,89.09501723311061,88.92454261770526,elbow,0,1,0
28.344775679000122,1787214004.0793674,352.30670070648193,11.999910889369538,-1.0,89.07018241485683,88.92504056542568,elbow,0,1,0
28.359607354000218,1787214004.094207,352.3214633464813,11.881119660051702,0.0,89.06916504183877,89.06321922013421,elbow,0,0,0
28.374379754000074,1787214004.108971,352.3363354206085,11.541189383934332,0.0,89.09592728129985,89.25233353684825,elbow,0,0,0
28.38907997100023,1787214004.1236682,352.3510615825653,10.989324984231558,0.0,89.15390223679282,89.49272461813463,elbow,0,0,0
28.404003255000134,1787214004.138592,352.3659975528717,10.22132619172794,0.0,89.23276601441097,89.69366870432229,elbow,0,0,0
28.418668157999946,1787214004.1532538,352.3806688785553,9.276505083525393,0.0,89.31800198943495,89.81614564108678,elbow,0,0,0
28.433386874999997,1787214004.1679711,352.3953800201416,8.15604853328935,0.0,89.40440810851841,89.90939041995662,elbow,0,0,0
28.448280863000036,1787214004.1828725,352.410213470459,6.867663483269335,0.0,89.49245090726727,90.00699844729438,elbow,0,0,0
28.463199648000227,1787214004.197806,352.4250385761261,5.445520578383659,1.0,89.57827960473652,90.07988729751912,elbow,1,0,0
28.478131487000155,1787214004.212737,352.4399621486664,3.9172526114789052,1.0,89.65036497205267,90.07165267475595,elbow,1,-1,0
28.493097510000098,1787214004.2277,352.4548807144165,2.3094456019215404,1.0,89.69791146876176,89.97578692554218,elbow,1,-1,0
28.507989591000296,1787214004.2425961,352.4698429107666,0.6645844166132435,1.0,89.72265527447635,89.86726522034674,elbow,1,-1,0
28.522738048000065,1787214004.2573247,352.48472833633423,-0.9778068717558828,1.0,89.73507307032489,89.80764625515344,elbow,1,0,0
28.537464875000296,1787214004.2720525,352.49945974349976,-2.6002971097597047,1.0,89.74768087286147,89.82136451164324,elbow,1,0,0
28.552367659000083,1787214004.28702,352.51422929763794,-4.193309358975856,1.0,89.7649179243661,89.8656562309064,elbow,1,0,0
28.567484492999938,1787214004.3021054,352.5291678905487,-5.72767624065675,1.0,89.78046806279828,89.87134756221289,elbow,1,0,0
28.582381277999957,1787214004.3169773,352.54428029060364,-7.129898486761789,1.0,89.80025930839498,89.91592506278454,elbow,1,0,0
28.60111605100019,1787214004.3357322,352.5628385543823,-8.696931531961134,0.0,89.83556156865565,90.04187817186059,elbow,0,0,0
28.616090426000028,1787214004.3507018,352.57789731025696,-9.762174566472238,0.0,89.87983243194807,90.13856414113619,elbow,0,0,0
28.631044765000297,1787214004.3656569,352.59288907051086,-10.637072627079883,0.0,89.92018831181329,90.15603972732211,elbow,0,0,0
28.64582777500027,1787214004.3804202,352.607784986496,-11.299467284813286,0.0,89.95015488530224,90.12528819422585,elbow,0,0,0
28.66056460200025,1787214004.3951516,352.62251591682434,-11.74656310362316,0.0,89.97195311403,90.09934825739448,elbow,0,0,0
28.675163915000212,1787214004.409745,352.63723134994507,-11.970938169614017,0.0,89.99808901674857,90.1508347795064,elbow,0,0,0
28.68975409800032,1787214004.4243338,352.65181159973145,-11.973360734272816,0.0,90.03930880489418,90.28020914986465,elbow,0,0,0
28.70438298399995,1787214004.4390104,352.6664044857025,-11.752804293174878,-2.0,90.09215147510545,90.4009792992099,elbow,-1,2,0
28.719015795999894,1787214004.4535923,352.681090593338,-11.312618843820998,-3.0,90.14206714873319,90.43378875957401,elbow,-2,3,0
28.733745790000285,1787214004.4683385,352.69566583633423,-10.655737810919439,-4.0,90.18155996755921,90.41236740512863,elbow,-3,4,0
28.74858574300015,1787214004.483178,352.710453748703,-9.789368265241983,-5.0,90.20261826726737,90.32568905177177,elbow,-4,5,0
28.763379661000272,1787214004.4979722,352.7253005504608,-8.737559392115978,-6.0,90.20120155420352,90.19292187395389,elbow,-4,6,0
28.77804558300022,1787214004.512623,352.74007415771484,-7.529029041870685,-6.0,90.17675286425099,90.03386766011464,elbow,-4,6,0
28.79264378400012,1787214004.5272214,352.7546863555908,-6.184531614886915,-6.0,90.13134436342094,89.86596397194712,elbow,-4,6,0
28.807207821000247,1787214004.541784,352.7692859172821,-4.727318930587351,-6.0,90.07388374630033,89.7380673069322,elbow,-4,6,0
28.821768690000226,1787214004.5563445,352.7838442325592,-3.1817217464003638,-6.0,90.01757315949844,89.6884778294074,elbow,-4,6,0
28.8365879590001,1787214004.5711684,352.79860281944275,-1.5472562571748982,-5.0,89.9734502745914,89.71558339381926,elbow,-3,5,0
28.851179845999923,1787214004.585757,352.81325602531433,0.09225875781528366,-4.0,89.94402361485345,89.77204571780173,elbow,-3,4,0
28.86574147500005,1787214004.6003172,352.8278167247772,1.7274375543053395,-4.0,89.92463274006293,89.81130686827984,elbow,-2,4,0
28.88027651199991,1787214004.6148558,352.8423705101013,3.328215653993724,-3.0,89.91199615815187,89.83814432439496,elbow,-2,3,0
28.895073577999938,1787214004.629672,352.8569538593292,4.894718769174753,-3.0,89.91204434617804,89.91232597091826,elbow,-2,3,0
28.91008635900016,1787214004.6446855,352.8717842102051,6.3879602425365585,-2.0,89.92999258975574,90.03488730814215,elbow,-1,2,0
28.92480624200016,1787214004.6593902,352.88681983947754,7.729394660126735,-2.0,89.95972002215035,90.1334557214618,elbow,-1,2,0
28.939389924999887,1787214004.6739712,352.90146136283875,8.912993036338788,-2.0,89.99308289476727,90.18806515654474,elbow,-1,2,0
28.953959832000237,1787214004.6885397,352.9160346984863,9.928394457328867,-1.0,90.0262935710903,90.22038635377659,elbow,-1,1,0
28.968598605999887,1787214004.703184,352.9306013584137,10.760896279593277,-1.0,90.05889048785937,90.24939628247675,elbow,0,1,0
28.983348450999983,1787214004.717944,352.9452726840973,11.393144195231482,-1.0,90.09549745456424,90.3094391389895,elbow,0,1,0
28.998014372999933,1787214004.7326007,352.9600489139557,11.803862230213698,-1.0,90.13209491264953,90.34598102595625,elbow,0,1,0
29.012894232000235,1787214004.7474926,352.97474575042725,11.990096545475271,-1.0,90.1604662687969,90.326276666925,elbow,0,1,0
29.0277186860003,1787214004.762318,352.9896295070648,11.940845471383618,-1.0,90.18015092450229,90.295193736787,elbow,0,1,0
29.042491586000324,1787214004.7770815,353.004435300827,11.659250854064585,0.0,90.19529909719357,90.28382939274269,elbow,0,0,0
29.057166525999946,1787214004.7917473,353.01917815208435,11.15479827311746,0.0,90.21043076118745,90.29886457514172,elbow,0,0,0
29.071922778000044,1787214004.8065104,353.0338292121887,10.43120094752619,0.0,90.22852068222547,90.33424340460216,elbow,0,0,0
29.086580460000278,1787214004.8211586,353.0486047267914,9.511229738245467,0.0,90.24846375050187,90.3650168004735,elbow,0,0,0
29.10131804599996,1787214004.8359013,353.06331968307495,8.401667815188443,0.0,90.26809157192864,90.38280222827709,elbow,0,0,0
29.115919376999955,1787214004.850493,353.07798433303833,7.140748747051235,0.0,90.28604699467348,90.39098367018586,elbow,0,0,0
29.130469117000303,1787214004.865042,353.09255170822144,5.748035207902239,0.0,90.30272246049208,90.40017869811395,elbow,0,0,0
29.14514635400019,1787214004.879753,353.1071066856384,4.232016996085308,1.0,90.31642968078545,90.39653863441701,elbow,1,0,0
29.160041915999955,1787214004.8946433,353.12190103530884,2.609236512100938,1.0,90.32694839006797,90.38842276460508,elbow,1,0,0
29.17584839400024,1787214004.9104598,353.1367678642273,0.8302520541488341,1.0,90.33816297049343,90.40370421693672,elbow,1,0,0
29.190755826999975,1787214004.9253535,353.1526219844818,-0.8661526772632777,1.0,90.35131882616102,90.42820544570182,elbow,1,0,0
29.20550282000022,1787214004.9400985,353.1674585342407,-2.528166715837216,1.0,90.36806360762715,90.46592494590953,elbow,1,0,0
29.220203555999888,1787214004.9547944,353.18219017982483,-4.13648222222095,1.0,90.3902740362184,90.52007819461615,elbow,1,0,0
29.23494547500013,1787214004.9695334,353.1968922615051,-5.669087879477264,0.0,90.4182114360863,90.58148566840353,elbow,0,0,0
29.24946179000017,1787214004.9839926,353.21183252334595,-7.070433282132123,0.0,90.45617503857648,90.67804529428716,elbow,0,0,0
29.26357150800004,1787214004.998095,353.22598004341125,-8.304379526253882,0.0,90.5032633157656,90.77846080535119,elbow,0,0,0
29.27767586100026,1787214005.012202,353.24007534980774,-9.38899940683605,0.0,90.56094404188981,90.898046861836,elbow,0,0,0
29.291783068000314,1787214005.0263066,353.25418281555176,-10.30522538128883,0.0,90.62410469039297,90.99323375916012,elbow,0,0,0
29.306008624000242,1787214005.0405467,353.2682828903198,-11.041383388663192,0.0,90.68634677568451,91.05010749578922,elbow,0,0,0
29.32017768200012,1787214005.0547023,353.282573223114,-11.57357882947493,0.0,90.7386536897102,91.04435039995569,elbow,0,0,0
29.33444866300033,1787214005.068989,353.2966945171356,-11.896683763977101,-2.0,90.78067111921884,91.02623311064988,elbow,-1,2,0
29.348675089000153,1787214005.0832007,353.31106662750244,-11.999884440021066,-3.0,90.81321782926925,91.00343020132465,elbow,-2,3,0
29.36289664500009,1787214005.0974336,353.32518768310547,-11.882409083787028,-5.0,90.83249776596138,90.9451752834618,elbow,-3,5,0
29.377047074000075,1787214005.111572,353.33945512771606,-11.548411680875397,-6.0,90.83787188803927,90.86927980934895,elbow,-4,6,0
29.39124431600021,1787214005.1257842,353.353554725647,-11.001511103898114,-7.0,90.83074713285342,90.78910800613009,elbow,-5,7,0
29.40555868399997,1787214005.1401026,353.36781120300293,-10.245229529822286,-7.0,90.81249570411804,90.70582908411929,elbow,-5,7,0
29.420156209000197,1787214005.1547055,353.38216280937195,-9.276488372923488,-7.0,90.78786458337675,90.64391320103039,elbow,-5,7,0
29.43452950200026,1787214005.1690688,353.39677810668945,-8.145709373537416,-7.0,90.76509538973933,90.63202564705706,elbow,-5,7,0
29.452421349999895,1787214005.1869593,353.4147279262543,-6.5251711440797395,-7.0,90.74274979089061,90.61215565847513,elbow,-5,7,0
29.46662881400016,1787214005.2011604,353.4289712905884,-5.099135564510466,-7.0,90.71712258136924,90.56734976855122,elbow,-5,7,0
29.481626716999926,1787214005.21616,353.4431645870209,-3.4913334209858213,-6.0,90.69327863023076,90.5539276943544,elbow,-5,6,0
29.495824013999936,1787214005.23036,353.4581732749939,-1.9017675271684564,-6.0,90.67646948042143,90.57823195495374,elbow,-4,6,0
29.51000458999988,1787214005.2445338,353.4723994731903,-0.2782380540431189,-5.0,90.66585677193987,90.6038330389394,elbow,-3,5,0
29.524129593999987,1787214005.2586586,353.48653984069824,1.3447974712433433,-4.0,90.65980332309181,90.62442521996789,elbow,-3,4,0
29.5383380950002,1787214005.2728815,353.5006413459778,2.953210820833614,-4.0,90.6585873543775,90.65148088207557,elbow,-2,4,0
29.55252785499988,1787214005.2870595,353.5149085521698,4.505482940164967,-3.0,90.66279746457566,90.6874025643282,elbow,-2,3,0
29.566697469000246,1787214005.3012269,353.52906584739685,5.972885490211844,-3.0,90.67493174744753,90.74584800057038,elbow,-2,3,0
29.580999707000046,1787214005.3155422,353.5432572364807,7.3425029559098345,-2.0,90.68641260856354,90.75351007625635,elbow,-1,2,0
29.595218152000143,1787214005.3297493,353.55760741233826,8.567399354572366,-2.0,90.70516355469834,90.81474949862503,elbow,-1,2,0
29.609360432999893,1787214005.343889,353.57176399230957,9.627654305514548,-2.0,90.72551145362333,90.84443045080825,elbow,-1,2,0
29.623511232000055,1787214005.3580391,353.58589243888855,10.510877660715256,-1.0,90.74104722183539,90.83184273753396,elbow,-1,1,0
29.637670809000156,1787214005.3721998,353.60006976127625,11.200145748085081,-1.0,90.75590387813448,90.84273046770636,elbow,0,1,0
29.651806219000264,1787214005.3863344,353.6142165660858,11.681158000803189,-1.0,90.76818786597696,90.83997903817834,elbow,0,1,0
29.665907056999913,1787214005.4004333,353.6283266544342,11.945698117782484,-1.0,90.7724716467821,90.79750729883564,elbow,0,1,0
29.680230073000075,1787214005.4147727,353.6424300670624,11.988959312431037,-1.0,90.76393943419792,90.71407472000712,elbow,0,1,0
29.69449397900007,1787214005.4290261,353.65685510635376,11.805132975745128,-1.0,90.73705324845534,90.57992261504575,elbow,0,1,0
29.708751812000173,1787214005.4432924,353.6710379123688,11.398257845346775,0.0,90.69768138569245,90.4675808502844,elbow,0,0,0
29.723224545999983,1787214005.4577663,353.68529891967773,10.764717617168635,0.0,90.65128250240254,90.38011402984039,elbow,0,0,0
29.73746871200001,1787214005.4720047,353.69982528686523,9.935882202470507,0.0,90.60686269174474,90.34726049114188,elbow,0,0,0
29.751776227999926,1787214005.486313,353.71408796310425,8.91392697980738,0.0,90.56877751232187,90.34619672590884,elbow,0,0,0
29.76605676400004,1787214005.5005958,353.7283217906952,7.72374344507781,0.0,90.53799134822773,90.35806811513402,elbow,0,0,0
29.780277302000286,1787214005.5148041,353.7426609992981,6.391900362245454,0.0,90.51216010259303,90.36119484380916,elbow,0,0,0
29.794567299999926,1787214005.5291078,353.7568395137787,4.931353742243984,0.0,90.4891192799453,90.35446205888846,elbow,0,0,0
29.808998294000048,1787214005.5435417,353.771160364151,3.360272813941296,0.0,90.4683859130978,90.34721413006206,elbow,0,0,0
29.823242979000042,1787214005.557773,353.78561091423035,1.744418777083237,1.0,90.44944413497622,90.33874291381217,elbow,1,0,0
29.837519033000262,1787214005.5720596,353.799786567688,0.09104227715778979,1.0,90.42826861284382,90.30451274664182,elbow,1,0,0
29.852421939000124,1787214005.5869546,353.81475949287415,-1.6370777841468898,0.0,90.39930844036397,90.23005682955622,elbow,0,0,0
29.866554237999935,1787214005.6010816,353.82895016670227,-3.24563111189173,0.0,90.3609011967491,90.1364381741954,elbow,0,0,0
29.880665427000167,1787214005.6151924,353.8430607318878,-4.79174925859841,0.0,90.31592821935186,90.0530931525856,elbow,0,0,0
29.894762691000324,1787214005.6292877,353.85717725753784,-6.24745503255663,0.0,90.27371219345615,90.02698954739031,elbow,0,0,0
29.908940693000204,1787214005.643476,353.8712661266327,-7.59425522646707,0.0,90.23346407878257,89.99824247417305,elbow,0,0,0
29.923239320999983,1787214005.657779,353.8854901790619,-8.80743364059563,0.0,90.19134177409475,89.94516686183175,elbow,0,0,0
29.937835310000082,1787214005.6723783,353.89994859695435,-9.871176967923914,0.0,90.15791189471786,89.96253802608551,elbow,0,0,0
29.952045718000136,1787214005.686578,353.91442799568176,-10.71683281982249,-2.0,90.13053690446297,89.97054955633138,elbow,-1,2,0
29.96617003600022,1787214005.7007008,353.9285604953766,-11.355250136051025,-3.0,90.10376456555707,89.94729928593665,elbow,-2,3,0
29.980270391999966,1787214005.7147963,353.94268441200256,-11.779296965908646,-4.0,90.0773750357046,89.92314700273633,elbow,-3,4,0
29.994375840999965,1787214005.7289028,353.956768989563,-11.982006948067502,-6.0,90.05236351353895,89.90618895541996,elbow,-4,6,0
30.00848988200005,1787214005.7430162,353.97088718414307,-11.958994212029426,-7.0,90.03228174026098,89.9149180582064,elbow,-5,7,0
30.022583109000152,1787214005.7571104,353.9849920272827,-11.710735554840785,-7.0,90.02320758345063,89.97017559070459,elbow,-5,7,0
30.03669198300031,1787214005.7712188,353.99909114837646,-11.24110457345484,-8.0,90.02849834927528,90.05941911257015,elbow,-6,8,0
30.050813726999877,1787214005.785341,354.0131983757019,-10.558120601103678,-8.0,90.04355134597206,90.13152540552525,elbow,-6,8,0
30.064894862000074,1787214005.7994192,354.02731800079346,-9.677586439462813,-9.0,90.06599466368085,90.19715989333291,elbow,-6,9,0
30.079023290999885,1787214005.8135543,354.0413935184479,-8.610323166962516,-9.0,90.08712295663099,90.21060280185354,elbow,-6,9,0
30.093280235000293,1787214005.8278217,354.055552482605,-7.36711290689939,-8.0,90.09829950250818,90.16361846406811,elbow,-6,8,0
30.107564049000302,1787214005.8421028,354.0698449611664,-5.977967286020245,-8.0,90.09470682167152,90.0737101574028,elbow,-6,8,0
30.121885194000242,1787214005.8564243,354.0841293334961,-4.467848847891809,-7.0,90.08221560373649,90.0092133190323,elbow,-5,7,0
30.136073491999923,1787214005.870601,354.09845447540283,-2.884749668610732,-7.0,90.07027159943107,90.00046738919734,elbow,-5,7,0
30.15038376800021,1787214005.8849256,354.11261677742004,-1.2312405672217934,-6.0,90.05501850990557,89.96587505008048,elbow,-4,6,0
30.164611249000245,1787214005.8991437,354.12696409225464,0.4373844623225503,-5.0,90.02862933107858,89.87440334960453,elbow,-3,5,0
30.178906136000023,1787214005.9134464,354.14116168022156,2.106068453226572,-4.0,90.00117833204813,89.840746766683,elbow,-3,4,0
30.193239041000197,1787214005.9277823,354.15549421310425,3.7385181815742095,-4.0,89.98313094787417,89.87765682321441,elbow,-2,4,0
30.20754811300003,1787214005.9420938,354.1698181629181,5.29555385220782,-3.0,89.9874492038667,90.01268633887081,elbow,-2,3,0
30.22199977299988,1787214005.9565437,354.1842291355133,6.763115930342885,-3.0,90.0167718840141,90.18814209431248,elbow,-2,3,0
30.23620682899991,1787214005.9707367,354.19857597351074,8.074417436410904,-2.0,90.06163291028398,90.32381370233372,elbow,-1,2,0
30.250499939000292,1787214005.9850414,354.21276354789734,9.236124037524212,-2.0,90.12071506440194,90.46600823423421,elbow,-1,2,0
30.26467232999994,1787214005.9992006,354.2270665168762,10.209359955873479,-2.0,90.19680338209925,90.64148548276292,elbow,-1,2,0
30.278777006999917,1787214006.0133052,354.2411801815033,10.982362762092484,-1.0,90.29719482513329,90.88391140828378,elbow,-1,1,0
30.292884890000096,1787214006.0274112,354.25528740882874,11.545250173494283,-1.0,90.41419413570384,91.09797189259534,elbow,0,1,0
30.307049178999932,1787214006.041582,354.2694010734558,11.887653331605314,-1.0,90.54548664841501,91.3127980060675,elbow,0,1,0
30.321174191999944,1787214006.0556993,354.2835817337036,11.99997681502946,-1.0,90.67806358887161,91.45288151317284,elbow,0,1,0
30.336214917000234,1787214006.0707588,354.29845571517944,11.865346536766753,-1.0,90.81503676177417,91.61554753799061,elbow,0,1,0
30.350666660000115,1787214006.0852127,354.3128490447998,11.491350551686168,-1.0,90.94328366401865,91.69279559462217,elbow,0,1,0
30.36487957700001,1787214006.0994062,354.3272747993469,10.896744872178605,0.0,91.04599393294762,91.64626240423603,elbow,0,0,0
30.378996109000127,1787214006.1135204,354.341411113739,10.094792469132662,0.0,91.11505795744785,91.51868806026103,elbow,0,0,0
30.393140806000247,1787214006.1276662,354.3555202484131,9.095257192296106,0.0,91.15284154990252,91.37365977498408,elbow,0,0,0
30.407256707000215,1787214006.1417804,354.36966919898987,7.921246075660361,0.0,91.16718854084951,91.25103649892755,elbow,0,0,0
30.421615156999906,1787214006.1561577,354.3837630748749,6.569397991792029,0.0,91.16465092463899,91.14982036271671,elbow,0,0,0
30.43600408700013,1787214006.1705425,354.398273229599,5.08201860653862,0.0,91.14914838909469,91.05854709470313,elbow,0,0,0
30.45238443800008,1787214006.1869535,354.41475105285645,3.265148931098092,0.0,91.13065637710235,91.02258371907669,elbow,0,0,0
30.46656274499992,1787214006.201094,354.42895221710205,1.6211508037032762,0.0,91.11525496483443,91.02524466407144,elbow,0,0,0
30.480679147000046,1787214006.2152007,354.4430754184723,-0.047986710195902046,0.0,91.11116313188938,91.08724927855899,elbow,0,0,0
30.494743882999956,1787214006.2292676,354.457172870636,-1.7108421487909773,0.0,91.11656440127359,91.14813097928067,elbow,0,0,0
30.509004169000036,1787214006.2435434,354.4712438583374,-3.363651762575743,-1.0,91.12494297333271,91.1739097679283,elbow,0,1,0
30.523336712999935,1787214006.2578754,354.48557448387146,-4.958140679296784,-1.0,91.13264602119031,91.17766485728104,elbow,-1,1,0
30.53760927600024,1787214006.272146,354.49990248680115,-6.44768052686517,-2.0,91.137391702291,91.16512683305486,elbow,-1,2,0
30.551871932000267,1787214006.2864056,354.5142080783844,-7.808373480234808,-3.0,91.13911383258552,91.14917845932665,elbow,-2,3,0
30.566189198000302,1787214006.3007302,354.5284016132355,-9.018283691494332,-4.0,91.14041920885813,91.14804820474909,elbow,-3,4,0
30.580559370000174,1787214006.3151,354.5427997112274,-10.05084641883985,-5.0,91.13797621713502,91.12369866804191,elbow,-3,5,0
30.597197230999882,1787214006.3317482,354.55917859077454,-10.991220168989258,-6.0,91.13413978986411,91.11171860104695,elbow,-4,6,0
30.611562348000007,1787214006.3461006,354.5738408565521,-11.563882407806963,-7.0,91.12661307239927,91.08262476204285,elbow,-5,7,0
30.625809504000244,1787214006.3603492,354.5881130695343,-11.900295222968536,-8.0,91.11973851159102,91.07956159305922,elbow,-6,8,0
30.640024421999897,1787214006.3745587,354.60236287117004,-11.999111026680966,-8.0,91.11415712126711,91.0815378644748,elbow,-6,8,0
30.65417111800025,1787214006.3887002,354.616562128067,-11.860320265454941,-9.0,91.10671688142594,91.06323397127434,elbow,-7,9,0
30.668261836000056,1787214006.4027855,354.63068199157715,-11.48932827524097,-9.0,91.09922443886542,91.05543644094742,elbow,-7,9,0
30.682359756000096,1787214006.4168851,354.6447596549988,-10.892662609370182,-9.0,91.09018637504137,91.03736532012987,elbow,-7,9,0
30.69657304400016,1787214006.4311037,354.6589140892029,-10.074400689964492,-10.0,91.0800548676028,91.02084341245413,elbow,-7,10,0
30.710905106000155,1787214006.4454467,354.673100233078,-9.045251175867316,-9.0,91.06486533885793,90.97609334658928,elbow,-7,9,0
30.725096597000174,1787214006.4596248,354.68748450279236,-7.8445255744113425,-9.0,91.04388656578335,90.9212805578905,elbow,-7,9,0
30.739402253000208,1787214006.4739432,354.70161604881287,-6.475323968265764,-9.0,91.01716181137685,90.86097462931194,elbow,-6,9,0
30.753594967000026,1787214006.4881253,354.71597719192505,-4.986461750141292,-8.0,90.98988233481673,90.83045319629873,elbow,-6,8,0
30.767727644999923,1787214006.5022535,354.7301137447357,-3.4041965904333438,-7.0,90.96372303646915,90.81084054289941,elbow,-5,7,0
30.78181486299991,1787214006.5163386,354.7442307472229,-1.759122066202623,-7.0,90.94146877788468,90.81140846434982,elbow,-5,7,0
30.79596615199989,1787214006.5304909,354.75837206840515,-0.07097796226485456,-6.0,90.92382078574896,90.82068082349313,elbow,-4,6,0
30.810059294999974,1787214006.5445833,354.7724697589874,1.6123986403088026,-5.0,90.90939426843468,90.82508153530144,elbow,-3,5,0
30.824135605000265,1787214006.5586615,354.78655672073364,3.262667772841911,-4.0,90.89977303298177,90.84354375466863,elbow,-3,4,0
30.83826624700032,1787214006.5727916,354.8006772994995,4.855182365694551,-3.0,90.89518751312204,90.8683884109002,elbow,-2,3,0
30.85234837200005,1787214006.586874,354.8147654533386,6.346757274443872,-3.0,90.89621779092873,90.90223903194456,elbow,-2,3,0
30.86659673300028,1787214006.601134,354.82888627052307,7.728616674508779,-2.0,90.90080351480094,90.9276038093306,elbow,-1,2,0
30.88090209200027,1787214006.6154387,354.8431751728058,8.958887292196513,-2.0,90.90513588565503,90.93045551198605,elbow,-1,2,0
30.895070899000075,1787214006.6295977,354.85746240615845,9.99732404889312,-2.0,90.9094617333611,90.93474323653142,elbow,-1,2,0
30.90935749900018,1787214006.6439004,354.87158727645874,10.841441134269937,-2.0,90.91601327033044,90.95430234426806,elbow,-1,2,0
30.92361621100008,1787214006.6581519,354.88594102859497,11.463311101174899,-1.0,90.92839367703672,91.00074834892112,elbow,-1,1,0
30.938280226000188,1787214006.6728206,354.9005718231201,11.859367355944872,-1.0,90.94649284822748,91.05226963116797,elbow,0,1,0
30.95320321400004,1787214006.6877446,354.9154808521271,11.999921064449861,-1.0,90.96621354821458,91.08146701369016,elbow,0,1,0
30.967625532000056,1787214006.7021635,354.92993354797363,11.880848361671838,-1.0,90.98545779867163,91.09792675550918,elbow,0,1,0
30.981969797000147,1787214006.7165103,354.94426703453064,11.516001524269605,-1.0,91.0041431144883,91.11334549588376,elbow,0,1,0
30.99629304400014,1787214006.7308319,354.9585635662079,10.913696689544178,-1.0,91.02179891067802,91.12498448207896,elbow,0,1,0
31.010615790999964,1787214006.7451534,354.97288703918457,10.085743228991623,0.0,91.0373583207718,91.12829200645426,elbow,0,0,0
31.024787969000045,1787214006.7593129,354.98718452453613,9.060863397304596,0.0,91.04691167929838,91.10274426525314,elbow,0,0,0
31.038889186000233,1787214006.773415,355.00129199028015,7.858473455267368,0.0,91.04814426586081,91.05534785766604,elbow,0,0,0
31.052995847000147,1787214006.7875218,355.01539301872253,6.49728622990919,0.0,91.04030098306089,90.99446257347161,elbow,0,0,0
31.067099507999956,1787214006.8016248,355.02950167655945,5.005226540700714,0.0,91.02620229719736,90.94380550573024,elbow,0,0,0
31.08135838699991,1787214006.8158972,355.0436215400696,3.393882935360794,0.0,91.00665485840982,90.89241398141718,elbow,0,0,0
31.095534194000265,1787214006.830061,355.0579264163971,1.7219574299739562,0.0,90.98252769673392,90.8415215966941,elbow,0,0,0
31.10981960900017,1787214006.8443563,355.0720715522766,0.001020382291300638,0.0,90.95400421406404,90.78730474460876,elbow,0,0,0
31.12399699000025,1787214006.858524,355.08638882637024,-1.707739618206316,0.0,90.92248319109369,90.73826523052206,elbow,0,0,0
31.138104410000324,1787214006.8726292,355.10050344467163,-3.3742741019383455,-1.0,90.89105126957163,90.7073540435937,elbow,0,1,0
31.152201998000237,1787214006.8867273,355.1146159172058,-4.972234213654286,-1.0,90.86109085524986,90.68599354227786,elbow,-1,1,0
31.16628771500018,1787214006.9008126,355.1287019252777,-6.469222442341224,-2.0,90.83300182104905,90.66884139390287,elbow,-1,2,0
31.18057163000003,1787214006.9151106,355.1428165435791,-7.854449847379953,-3.0,90.80238613689934,90.6234592378305,elbow,-2,3,0
31.194776158999957,1787214006.9293044,355.1571373939514,-9.07082581827612,-4.0,90.76951718317395,90.5774215260276,elbow,-3,4,0
31.20888261600021,1787214006.943408,355.17128920555115,-10.094807761982302,-5.0,90.7380179226424,90.55392714804746,elbow,-3,5,0
31.222965148000185,1787214006.9574878,355.18538641929626,-10.913155907614444,-6.0,90.71350149484596,90.57022041118914,elbow,-4,6,0
31.237213527000222,1787214006.9717524,355.1994562149048,-11.516617479446273,-7.0,90.6961620667524,90.59482544186308,elbow,-5,7,0
31.251566680999986,1787214006.9861112,355.21379232406616,-11.883276707309516,-7.0,90.68741074893488,90.63626552048936,elbow,-5,7,0
31.26578195000002,1787214007.0003119,355.22814869880676,-11.999889841787612,-8.0,90.68590883462296,90.67713121367595,elbow,-6,8,0
31.280018816999927,1787214007.0145593,355.2423052787781,-11.86803556105473,-9.0,90.688533184044,90.7038706398945,elbow,-6,9,0
31.294186300000092,1787214007.028715,355.2565803527832,-11.492198854501325,-9.0,90.69379715460433,90.7245613186368,elbow,-7,9,0
31.30837841199991,1787214007.0429358,355.2707006931305,-10.878499028966726,-9.0,90.70095983921817,90.74282063647156,elbow,-7,9,0
31.322664003000227,1787214007.0572062,355.2849633693695,-10.033522347669113,-9.0,90.71147331488189,90.7729171026394,elbow,-7,9,0
31.336955649000174,1787214007.0714984,355.29922890663147,-8.977459657244882,-9.0,90.72611622785021,90.81169363967439,elbow,-7,9,0
31.351360328000283,1787214007.08591,355.3135302066803,-7.721986085310924,-9.0,90.74989952962272,90.88889601309067,elbow,-7,9,0
31.36572865700009,1787214007.1002703,355.32798647880554,-6.304954319625741,-9.0,90.78512393839969,90.99098555505279,elbow,-6,9,0
31.37990739900033,1787214007.114436,355.34230041503906,-4.7745409866929664,-8.0,90.82957771600168,91.08937842923503,elbow,-6,8,0
31.394082252000317,1787214007.128616,355.3564238548279,-3.1450483664053586,-7.0,90.87799752823462,91.16097689312399,elbow,-5,7,0
31.40823401300031,1787214007.1427622,355.37061643600464,-1.4525054917980316,-6.0,90.92516350670698,91.2008151050297,elbow,-5,6,0
31.42241229199999,1787214007.1569443,355.3847506046295,0.274005263036931,-5.0,90.97057848798745,91.23599675308493,elbow,-4,5,0
31.436567590000323,1787214007.1710954,355.39894914627075,1.9927856154774606,-5.0,91.01821030764705,91.296584416389,elbow,-3,5,0
31.450669094000204,1787214007.1851976,355.41308522224426,3.6647519589636346,-4.0,91.07245970376637,91.38950884029794,elbow,-3,4,0
31.464947888000097,1787214007.1994894,355.42719745635986,5.2814800165867775,-3.0,91.13572944142415,91.50549605871251,elbow,-2,3,0
31.479167851000057,1787214007.213697,355.4415216445923,6.781456007828172,-3.0,91.19972534853115,91.57373590977689,elbow,-2,3,0
31.49339718400006,1787214007.2279377,355.4556906223297,8.140789983377074,-2.0,91.25339599764017,91.56706276951874,elbow,-1,2,0
31.50761140600025,1787214007.2421467,355.46995544433594,9.32856179042661,-2.0,91.28985997154903,91.50296596478236,elbow,-1,2,0
31.521748927000317,1787214007.2562773,355.4841468334198,10.316373031877783,-2.0,91.30299013166925,91.37972657901103,elbow,-1,2,0
31.535851727000136,1787214007.2703793,355.4982576370239,11.088731293358052,-1.0,91.28732599909604,91.19578028500312,elbow,-1,1,0
31.549966508000125,1787214007.2844985,355.51236391067505,11.63242697523556,-1.0,91.23987380996914,90.96254951393219,elbow,-1,1,0
31.56409364000001,1787214007.298621,355.5264813899994,11.93530580056303,-1.0,91.1586815464021,90.6841705122081,elbow,0,1,0
31.57818347700004,1787214007.3127081,355.5405979156494,11.990373471742858,-1.0,91.05068153497403,90.41949828100083,elbow,0,1,0
31.59226694400013,1787214007.3267918,355.5546786785126,11.797445538020668,-1.0,90.92792612515498,90.21050806206517,elbow,0,1,0
31.60634028200002,1787214007.3408642,355.5687646865845,11.36068576670652,-1.0,90.8008262802413,90.05801808391496,elbow,0,1,0
31.6206127989999,1787214007.3551517,355.58284854888916,10.677635897369225,-1.0,90.67545605175168,89.94275623326928,elbow,0,1,0
31.634932351000316,1787214007.3694696,355.5971734523773,9.763619832794687,0.0,90.56672661685928,89.93128040152475,elbow,0,0,0
31.64909885299994,1787214007.3836262,355.61149764060974,8.652849065502286,0.0,90.50645299227234,90.15419652495814,elbow,0,0,0
31.663296575999993,1787214007.397834,355.62560844421387,7.3567839444694645,0.0,90.48531010031292,90.36174493426432,elbow,0,0,0
31.677532760000304,1787214007.4120653,355.63985872268677,5.9006790844374475,0.0,90.49209640422013,90.5317575239364,elbow,0,0,0
31.691647577999902,1787214007.4261725,355.6540563106537,4.332485753498435,0.0,90.51231483683895,90.63047719554464,elbow,0,0,0
31.706106552000165,1787214007.4406488,355.6681580543518,2.6317360478291802,0.0,90.53544322515286,90.6706122052492,elbow,0,0,0
31.720447289000276,1787214007.4549866,355.68270230293274,0.8869927810767679,0.0,90.55829505009433,90.69184771397887,elbow,0,0,0
31.736904259000312,1787214007.4714527,355.6990637779236,-1.1374424893973887,0.0,90.57895736665762,90.69971391131531,elbow,0,0,0
31.75148123000008,1787214007.4860225,355.7137577533722,-2.9061919762850725,-1.0,90.6036936048501,90.74825932393597,elbow,0,1,0
31.76573513600033,1787214007.5002718,355.7280375957489,-4.573860091581749,-1.0,90.63657889930242,90.82877005637566,elbow,-1,1,0
31.77995191400032,1787214007.5144854,355.74228072166443,-6.140332762208486,-2.0,90.67745387063995,90.91633900661114,elbow,-1,2,0
31.794093268000324,1787214007.5286217,355.75649070739746,-7.569303970921787,-3.0,90.72880885671381,91.02894222512036,elbow,-2,3,0
31.808207123000102,1787214007.5427327,355.77060103416443,-8.83673775364483,-4.0,90.79139931194534,91.15719600657826,elbow,-3,4,0
31.822296183000162,1787214007.55682,355.78471302986145,-9.91694433975487,-5.0,90.86397952392275,91.28815924172285,elbow,-3,5,0
31.836391149000065,1787214007.5709326,355.7987985610962,-10.78970751283929,-6.0,90.93167077520883,91.32727799494249,elbow,-4,6,0
31.850778940000055,1787214007.5853195,355.8129954338074,-11.446835600012776,-6.0,90.98637425866738,91.30607721273637,elbow,-5,6,0
31.864954349000072,1787214007.599482,355.8273515701294,-11.849085000017896,-7.0,91.0343804046044,91.31494218420596,elbow,-5,7,0
31.87920675500027,1787214007.6137476,355.84148502349854,-11.999156633620162,-8.0,91.08410739040698,91.37472625511009,elbow,-6,8,0
31.893352720000166,1787214007.6278794,355.8557550907135,-11.892402484515763,-9.0,91.13906262953486,91.46023691643495,elbow,-6,9,0
31.907538092000323,1787214007.6420715,355.86987018585205,-11.531498804649486,-9.0,91.20087861994227,91.5621491185006,elbow,-7,9,0
31.92165131699994,1787214007.656177,355.88407039642334,-10.927485193119278,-9.0,91.2621024549296,91.61991222621614,elbow,-7,9,0
31.93575396899996,1787214007.670282,355.8981502056122,-10.09237042855721,-9.0,91.31705483872454,91.63821243823438,elbow,-7,9,0
31.950002857000072,1787214007.6845312,355.9123730659485,-9.03126291650861,-9.0,91.36341822158545,91.63437921938902,elbow,-7,9,0
31.96412480400022,1787214007.6986518,355.9265193939209,-7.7863061714787225,-9.0,91.40000712861682,91.61384326709509,elbow,-7,9,0
31.978242621999925,1787214007.712769,355.9406359195709,-6.3756572230817845,-9.0,91.43202146614244,91.6191224994296,elbow,-6,9,0
31.992352477000168,1787214007.726876,355.9547460079193,-4.82969016170642,-8.0,91.45825958580996,91.61160273393457,elbow,-6,8,0
32.00659541999994,1787214007.7411346,355.96886682510376,-3.164427412003146,-7.0,91.47927094639955,91.60206740514047,elbow,-5,7,0
32.02076458900001,1787214007.755291,355.98316407203674,-1.4389391343369193,-6.0,91.49287978533445,91.57241376989751,elbow,-5,6,0
32.03496892200019,1787214007.7695072,355.99727606773376,0.32254313912727833,-5.0,91.50410295668523,91.56969441097688,elbow,-4,5,0
32.04928186400002,1787214007.7838178,356.01154923439026,2.0910831087969477,-5.0,91.51357048835942,91.5689014774046,elbow,-3,5,0
32.06344443900025,1787214007.797973,356.0258309841156,3.796706905164756,-4.0,91.5250974179851,91.59246412335163,elbow,-3,4,0
32.0776772170002,1787214007.8122196,356.0399684906006,5.429132062505396,-3.0,91.53868537655596,91.61809733024198,elbow,-2,3,0
32.0918608840002,1787214007.8263922,356.05423498153687,6.939170093567129,-3.0,91.54858098896904,91.60641380546923,elbow,-2,3,0
32.106124531000205,1787214007.840668,356.06839656829834,8.30701876804854,-2.0,91.552712518029,91.576858366918,elbow,-1,2,0
32.12092790299994,1787214007.8554723,356.08309507369995,9.53466526321958,-2.0,91.54538260749985,91.50254449370762,elbow,-1,2,0
32.135212881999905,1787214007.8697493,356.09751319885254,10.506915632754598,-2.0,91.53237454053581,91.45635164085557,elbow,-1,2,0
32.14948471400021,1787214007.884019,356.1118178367615,11.24803682809796,-1.0,91.51094735866583,91.3857207202855,elbow,-1,1,0
32.163626956999906,1787214007.8981547,356.12602829933167,11.739119036034669,-1.0,91.48377528266336,91.32497382401844,elbow,0,1,0
32.17790665800021,1787214007.9124472,356.1401557922363,11.978106234649088,-1.0,91.4519046058243,91.26564316707433,elbow,0,1,0
32.19214997200015,1787214007.9266813,356.154479265213,11.953828955035227,-1.0,91.41562477402535,91.20359496045712,elbow,0,1,0
32.2062770120001,1787214007.940805,356.1686804294586,11.670820799301453,-1.0,91.37594506531981,91.14404538932625,elbow,0,1,0
32.220349886999884,1787214007.9548736,356.1827802658081,11.13826147398836,-1.0,91.33179992237893,91.07380295922955,elbow,0,1,0
32.234591034000005,1787214007.9691293,356.1968786716461,10.356056952858621,-1.0,91.28499804647622,91.0114743687125,elbow,0,1,0
32.24876535000021,1787214007.9832904,356.2111392021179,9.35120353575005,0.0,91.2388398783113,90.96907821445086,elbow,0,0,0
32.262857149999945,1787214007.9973803,356.2252731323242,8.149785858874196,0.0,91.19963066831777,90.97048072266324,elbow,0,0,0
32.27692965699998,1787214008.0114517,356.2393524646759,6.774227922204579,0.0,91.17048429556644,91.00014447660303,elbow,0,0,0
32.29099896700018,1787214008.0255232,356.25342059135437,5.252751945414883,0.0,91.15323166458911,91.05240230711152,elbow,0,0,0
32.30535632300007,1787214008.0398927,356.26750469207764,3.583205365111046,0.0,91.15007787596366,91.13164622451622,elbow,0,0,0
32.31965705199991,1787214008.0541942,356.28193616867065,1.8396233798727581,0.0,91.15593812682813,91.19018712514602,elbow,0,0,0
32.33382898800028,1787214008.0683527,356.29620265960693,0.07050370099858305,0.0,91.16883870734623,91.24423342519749,elbow,0,0,0
32.3479918500002,1787214008.0825188,356.3103928565979,-1.6997560950319857,0.0,91.1870816282988,91.29369852635799,elbow,0,0,0
32.362071326000205,1787214008.0965946,356.324494600296,-3.423526191256979,-1.0,91.2095763613646,91.34104207721029,elbow,0,1,0
32.37615248700013,1787214008.1106763,356.3385672569275,-5.074107421310075,-1.0,91.23415677211224,91.3778117906122,elbow,-1,1,0
32.39033897800027,1787214008.1248746,356.3526556491852,-6.626477527469254,-2.0,91.26029227546253,91.41303570419676,elbow,-1,2,0
32.404617856000186,1787214008.1391537,356.36689257621765,-8.042289334762671,-3.0,91.28457669493828,91.42650185497178,elbow,-2,3,0
32.41875779300017,1787214008.1532826,356.3811593055725,-9.268179606827653,-4.0,91.3042203957551,91.41902385584446,elbow,-3,4,0
32.43285441600028,1787214008.1673787,356.3952603340149,-10.288827905120055,-5.0,91.31924947297837,91.40708374022117,elbow,-3,5,0
32.44709131300033,1787214008.1816304,356.4093632698059,-11.092538405114547,-6.0,91.3294354868692,91.38896549346472,elbow,-4,6,0
32.46128100800024,1787214008.1958077,356.42365860939026,-11.648525777411741,-7.0,91.33729259889375,91.38321183046524,elbow,-5,7,0
32.47539455700007,1787214008.2099211,356.4377942085266,-11.946350492306065,-8.0,91.34505065104446,91.3903909481077,elbow,-6,8,0
32.4895016800001,1787214008.2240303,356.45189476013184,-11.982876537674345,-8.0,91.35501105678291,91.41322254418708,elbow,-6,8,0
32.50374511400014,1787214008.2382867,356.46602606773376,-11.753730510012648,-9.0,91.36823287881269,91.44550502482322,elbow,-7,9,0
32.51807334200021,1787214008.2526166,356.4803397655487,-11.258371634665902,-9.0,91.3834241666953,91.47220643987296,elbow,-7,9,0
32.53238620000002,1787214008.266955,356.49466037750244,-10.509173201465572,-9.0,91.39957077652456,91.4939362270268,elbow,-7,9,0
32.54678709200016,1787214008.2813299,356.5090432167053,-9.515586948606904,-9.0,91.41459882132314,91.50242705477798,elbow,-7,9,0
32.561558010000226,1787214008.296101,356.5237717628479,-8.270107725092783,-9.0,91.42409508843429,91.47959401567101,elbow,-7,9,0
32.57580703700023,1787214008.3103426,356.5381453037262,-6.8789829035891294,-9.0,91.42884065531686,91.4565751185571,elbow,-7,9,0
32.58995893600013,1787214008.3244886,356.5523419380188,-5.343930049561898,-8.0,91.4289167417606,91.42936141290929,elbow,-6,8,0
32.60406130000001,1787214008.3385863,356.56647300720215,-3.6958356961967676,-8.0,91.42064376563306,91.37229410415448,elbow,-6,8,0
32.61818907099996,1787214008.352716,356.58056139945984,-1.9625452681278537,-7.0,91.40610252194321,91.32111929474156,elbow,-5,7,0
32.632288934999906,1787214008.3668156,356.5946931838989,-0.18868726279285025,-6.0,91.39163034393569,91.30705075652563,elbow,-4,6,0
32.64660271899993,1787214008.3811433,356.608845949173,1.6168661710418268,-5.0,91.38004566532807,91.31234145823488,elbow,-3,5,0
32.66076991399996,1787214008.395297,356.6231725215912,3.3685979109683,-4.0,91.3696250283463,91.3087238166552,elbow,-3,4,0
32.675043495999944,1787214008.4095857,356.63730216026306,5.058172408706413,-4.0,91.35819513328077,91.29139552590439,elbow,-2,4,0
32.68922069100017,1787214008.4237506,356.6516101360321,6.623723143656862,-3.0,91.34609760514073,91.27539615728438,elbow,-2,3,0
32.703392220000296,1787214008.4379249,356.6657438278198,8.041284267058286,-3.0,91.33237934558024,91.25220587528385,elbow,-2,3,0
32.71754315599992,1787214008.4520688,356.67992758750916,9.277976807231456,-2.0,91.31917423052292,91.2419997248839,elbow,-1,2,0
32.73162526200031,1787214008.4661508,356.6940462589264,10.303693845321169,-2.0,91.3073527672629,91.23826472228471,elbow,-1,2,0
32.74592300900031,1787214008.4804614,356.7081832885742,11.1123333892242,-2.0,91.29535727853559,91.22525217847327,elbow,-1,2,0
32.76012661100003,1787214008.494656,356.72249603271484,11.665000450959598,-1.0,91.28526852815065,91.2263069575704,elbow,-1,1,0
32.77424306700004,1787214008.5087702,356.73663902282715,11.95409008239191,-1.0,91.27812974143478,91.23640861039823,elbow,0,1,0
32.78839118900032,1787214008.5229456,356.75075483322144,11.97676739317826,-1.0,91.2740739027445,91.25037041023309,elbow,0,1,0
32.80255897699999,1787214008.5370839,356.7649664878845,11.730730050200439,-1.0,91.27481261131837,91.2791298375411,elbow,0,1,0
32.81664000799992,1787214008.5511637,356.7790586948395,11.22486674642991,-1.0,91.27911626598681,91.30426806663657,elbow,0,1,0
32.83085851700025,1787214008.565395,356.7931399345398,10.460855719440492,-1.0,91.28385312663626,91.31153670813598,elbow,0,1,0
32.84509776599998,1787214008.579633,356.80742502212524,9.457752124895645,-1.0,91.28781255414296,91.31095259185693,elbow,0,1,0
32.859352625000156,1787214008.5938878,356.8216440677643,8.237579586346103,0.0,91.28977089666867,91.30121601589995,elbow,0,0,0
32.87351648799995,1787214008.6080427,356.83590841293335,6.838421891314876,0.0,91.29264975632273,91.30947464347005,elbow,0,0,0
32.88775353300025,1787214008.6222887,356.8500316143036,5.276106361720728,0.0,91.29766394141937,91.32696828707148,elbow,0,0,0
32.90216661000022,1787214008.6367111,356.8643398284912,3.571430581390168,0.0,91.30486046340607,91.34691901603762,elbow,0,0,0
32.91711702300017,1787214008.6516578,356.8787634372711,1.7147451637281588,0.0,91.31379782147279,91.36603032285763,elbow,0,0,0
32.93142765900029,1787214008.6659658,356.8937051296234,-0.10431346192981908,0.0,91.3241453120491,91.38461903502419,elbow,0,0,0
32.94568635199994,1787214008.6802251,356.90798711776733,-1.9151580676744806,0.0,91.33573548374173,91.40347179400995,elbow,0,0,0
32.959950007000316,1787214008.6944857,356.922242641449,-3.683386042491537,-1.0,91.34818626262242,91.42095220981537,elbow,0,1,0
32.97417210899994,1787214008.7087066,356.9365060329437,-5.362923670778997,-1.0,91.35992901557363,91.42855705477791,elbow,-1,1,0
32.98833011900024,1787214008.7228563,356.95071172714233,-6.913802772405122,-2.0,91.36844365560131,91.41820567069759,elbow,-1,2,0
33.002490648000276,1787214008.7370157,356.9649064540863,-8.308717819225635,-3.0,91.37604818533757,91.42049125307803,elbow,-2,3,0
33.016606864000096,1787214008.7511315,356.9789950847626,-9.512062452813744,-4.0,91.38366395836438,91.42817273514162,elbow,-3,4,0
33.03069348700001,1787214008.7652156,356.99311089515686,-10.499227922629215,-5.0,91.39379282550206,91.45298884996991,elbow,-4,5,0
33.0448094620001,1787214008.779334,357.00719690322876,-11.25177272146262,-6.0,91.4077908714701,91.48959949432617,elbow,-4,6,0
33.05904152600033,1787214008.7935793,357.02132081985474,-11.7531085154441,-7.0,91.42514902638942,91.52659509625619,elbow,-5,7,0
33.0737595569999,1787214008.8083024,357.03560161590576,-11.987219603168132,-8.0,91.44125354749832,91.53537301936488,elbow,-6,8,0
33.088080136999906,1787214008.8226194,357.0503580570221,-11.931743498856333,-8.0,91.45420753232223,91.52991436035829,elbow,-6,8,0
33.1023286640002,1787214008.8368616,357.06466841697693,-11.600164168635542,-9.0,91.46337810459984,91.51697357717839,elbow,-7,9,0
33.11651543200014,1787214008.8510456,357.07886266708374,-11.003398744359805,-9.0,91.47104074247207,91.51582341093905,elbow,-7,9,0
33.13062386999991,1787214008.865148,357.0930407047272,-10.159322605104492,-9.0,91.47775859486734,91.51701966418106,elbow,-7,9,0
33.14469442100017,1787214008.879219,357.10712146759033,-9.087404461084066,-9.0,91.48096341517635,91.49969331051888,elbow,-7,9,0
33.15882172800002,1787214008.8933485,357.1211938858032,-7.804125897258768,-9.0,91.48224605042066,91.48974214117524,elbow,-7,9,0
33.17296097999997,1787214008.9074895,357.13533568382263,-6.341072454380878,-9.0,91.48296618962868,91.48717489111512,elbow,-6,9,0
33.187225190999925,1787214008.9217646,357.14948534965515,-4.71771927985897,-8.0,91.48235763483636,91.47880106489748,elbow,-6,8,0
33.20153864200029,1787214008.9360764,357.1638071537018,-2.9777350554105366,-7.0,91.47781139414907,91.45124185075359,elbow,-5,7,0
33.215749650999896,1787214008.9502847,357.17810559272766,-1.1802900553116098,-6.0,91.47083096876074,91.43003534705225,elbow,-5,6,0
33.23001610300025,1787214008.9645529,357.1923232078552,0.6523170585346445,-5.0,91.46366879417607,91.42181097768051,elbow,-4,5,0
33.24435207100032,1787214008.9789195,357.2066116333008,2.4791826169846813,-5.0,91.45450267618216,91.40093323572378,elbow,-3,5,0
33.25855417299999,1787214008.9930818,357.2209451198578,4.232165852388533,-4.0,91.44078944312815,91.36064534918714,elbow,-3,4,0
33.272707982000156,1787214009.0072403,357.23506593704224,5.8823449928823015,-3.0,91.4252080077425,91.33414559989413,elbow,-2,3,0
33.28727621200005,1787214009.021818,357.24952244758606,7.439638541686942,-3.0,91.40465438130381,91.28453305312078,elbow,-2,3,0
33.30177559200001,1787214009.0363216,357.26396560668945,8.80984569412121,-2.0,91.37932560954232,91.23129695317306,elbow,-1,2,0
33.316236806000234,1787214009.050778,357.27853178977966,9.964554837969935,-2.0,91.35047148440917,91.18183964491887,elbow,-1,2,0
33.330685297999935,1787214009.0652285,357.29293847084045,10.878836917578093,-2.0,91.3226489778264,91.16004621504527,elbow,-1,2,0
33.344996979999905,1787214009.079538,357.30729961395264,11.526596177123523,-1.0,91.2945400158171,91.1302631248035,elbow,-1,1,0
33.35931697600017,1787214009.0938575,357.3215925693512,11.902159356107537,-1.0,91.26995803942127,91.12629387082114,elbow,0,1,0
33.373563585000284,1787214009.108095,357.33592915534973,11.996090483103748,-1.0,91.25233737839658,91.14935714704602,elbow,0,1,0
33.387714307999886,1787214009.122244,357.3501057624817,11.81067814949865,-1.0,91.24460296692179,91.19940083279545,elbow,0,1,0
33.40187292000019,1787214009.1364017,357.36427664756775,11.351128710397234,-1.0,91.24426295397954,91.24227582015949,elbow,0,1,0
33.41605216100015,1787214009.1505866,357.3784067630768,10.626573333759804,-1.0,91.2502226855181,91.2850530776224,elbow,0,1,0
33.43038195300005,1787214009.1649234,357.3926405906677,9.642474212868544,-1.0,91.25986412919337,91.31621151019355,elbow,0,1,0
33.444773798999904,1787214009.1793165,357.4069890975952,8.422549472866825,0.0,91.27323925208323,91.35140733258875,elbow,0,0,0
33.45906790700019,1787214009.1936004,357.421404838562,7.00985643344614,0.0,91.29221199188359,91.4030941620392,elbow,0,0,0
33.47373759700031,1787214009.2082784,357.4356279373169,5.386738190567703,0.0,91.31949546800331,91.47894798110251,elbow,0,0,0
33.488059667000016,1787214009.2225995,357.4503393173218,3.6710619051275444,0.0,91.35447423951233,91.55890028103875,elbow,0,0,0
33.502402625000286,1787214009.2369363,357.4647376537323,1.8643798971608432,0.0,91.39194336995564,91.61092378823562,elbow,0,0,0
33.51657638500001,1787214009.2511008,357.4789650440216,0.03424012319614962,0.0,91.42528851709133,91.6201671860379,elbow,0,0,0
33.53068351699994,1787214009.2652078,357.4931049346924,-1.7888781015576554,0.0,91.4538339566195,91.62066174829509,elbow,0,0,0
33.544805630000155,1787214009.2793322,357.5072042942047,-3.5730314165574684,-1.0,91.47785559168233,91.61824496372245,elbow,0,1,0
33.55891152100003,1787214009.2934358,357.5213339328766,-5.272786686722101,-1.0,91.49821986558291,91.6172345628539,elbow,-1,1,0
33.573019190000196,1787214009.3075445,357.53543496131897,-6.850792091289881,-2.0,91.51543234872905,91.61602707068775,elbow,-1,2,0
33.587283910000224,1787214009.321823,357.549542427063,-8.284726061458343,-3.0,91.53041432022728,91.61797328801018,elbow,-2,3,0
33.601532184999996,1787214009.3360596,357.5639178752899,-9.520616921582034,-4.0,91.54324587853344,91.61823721064664,elbow,-3,4,0
33.615849145000084,1787214009.3503888,357.5780899524689,-10.534873079949636,-5.0,91.55397985702744,91.61671232699975,elbow,-4,5,0
33.630183103000036,1787214009.3647237,357.5924472808838,-11.297135784380043,-6.0,91.5616787607203,91.60667337711553,elbow,-4,6,0
33.64447226700031,1787214009.379011,357.60675406455994,-11.786286713925247,-7.0,91.56736482831113,91.60059584927895,elbow,-5,7,0
33.65878231900024,1787214009.393325,357.6210651397705,-11.993155333934839,-8.0,91.57026005716648,91.58718061065301,elbow,-6,8,0
33.67313342500029,1787214009.4076765,357.63540744781494,-11.910858299700164,-8.0,91.57463665682843,91.60021476908454,elbow,-6,8,0
33.68748742000025,1787214009.4220307,357.64974999427795,-11.539932271021984,-9.0,91.58096455549361,91.6179466226016,elbow,-7,9,0
33.701962560000084,1787214009.4364996,357.6640748977661,-10.882367470086328,-9.0,91.58695743902426,91.62198158094373,elbow,-7,9,0
33.71614800399993,1787214009.4506755,357.6785418987274,-9.976999598822415,-9.0,91.59109407200614,91.61526974968866,elbow,-7,9,0
33.73044079800002,1787214009.4649837,357.6927020549774,-8.825107677310626,-9.0,91.59065745029709,91.588105706946,elbow,-7,9,0
33.74478390400009,1787214009.4793222,357.707079410553,-7.454913256264297,-9.0,91.5851281299233,91.55281318495581,elbow,-7,9,0
33.759045124000295,1787214009.4935765,357.7213702201843,-5.912393607387905,-9.0,91.57386415444996,91.50803422908304,elbow,-6,9,0
33.77318147699998,1787214009.507707,357.7355935573578,-4.242426787174396,-8.0,91.5605703716807,91.48287766632842,elbow,-6,8,0
33.78745017900019,1787214009.521983,357.7497067451477,-2.454613591958372,-7.0,91.54405725827743,91.4475498550533,elbow,-5,7,0
33.80176384200013,1787214009.5363054,357.76402139663696,-0.6010751453627923,-6.0,91.52576196824498,91.41883901016034,elbow,-4,6,0
33.81621466700017,1787214009.550757,357.7783782482147,1.2856196442844023,-5.0,91.50829145715346,91.40618874537125,elbow,-4,5,0
33.83049242400011,1787214009.5650218,357.79286527633667,3.1193849287902085,-4.0,91.49473506798263,91.4155076149868,elbow,-3,4,0
33.84465514700014,1787214009.5791852,357.8069999217987,4.864670428366708,-4.0,91.48490930570718,91.42748471358182,elbow,-2,4,0
33.85877253800027,1787214009.5932992,357.8211853504181,6.489785527867282,-3.0,91.47805192018674,91.43797537899657,elbow,-2,3,0
33.87286539200022,1787214009.60739,357.8352930545807,7.959427919786857,-3.0,91.47570793651794,91.46200901908472,elbow,-2,3,0
33.88699107899993,1787214009.6215181,357.84938502311707,9.244384295425197,-2.0,91.47661584023118,91.48192189170696,elbow,-1,2,0
33.90119976300002,1787214009.635735,357.8635220527649,10.315862978774929,-2.0,91.48028442412246,91.50172468776088,elbow,-1,2,0
33.91533033900032,1787214009.649857,357.87773847579956,11.135884768927644,-2.0,91.48428941497487,91.50769573803848,elbow,-1,2,0
33.92945008200013,1787214009.6639757,357.89185762405396,11.69084506892752,-1.0,91.48918153339295,91.51777248612639,elbow,-1,1,0
33.94354182500001,1787214009.678067,357.90596628189087,11.967690548850557,-1.0,91.49261304079971,91.51266776100199,elbow,0,1,0
33.957630920000156,1787214009.6921551,357.9200613498688,11.960929145154477,-1.0,91.49638224461548,91.51841056014864,elbow,0,1,0
33.97189171400032,1787214009.7064304,357.9341650009155,11.665198817565805,-1.0,91.50331905062318,91.54385974807523,elbow,0,1,0
33.98609995400011,1787214009.720631,357.94849014282227,11.088315885104695,-1.0,91.51075555551112,91.55421663751751,elbow,0,1,0
34.00045613500015,1787214009.7349985,357.96269059181213,10.233183943994554,-1.0,91.51498339186975,91.5396920884228,elbow,0,1,0
34.01466085600032,1787214009.7491887,357.97705578804016,9.138049301422473,-1.0,91.51364255446015,91.50580631344448,elbow,0,1,0
34.02895057500018,1787214009.7634866,357.991219997406,7.812999507710939,0.0,91.50538472796752,91.45712360533022,elbow,0,0,0
34.043173371000194,1787214009.7777011,358.0055365562439,6.303552733835075,0.0,91.4894339735301,91.39621315849487,elbow,0,0,0
34.057690527999966,1787214009.7922306,358.01973271369934,4.604672889446835,0.0,91.46536046878903,91.32466795537084,elbow,0,0,0
34.07254165700033,1787214009.8070805,358.0347673892975,2.7457307089546843,0.0,91.43272874686213,91.24201954085166,elbow,0,0,0
34.086884856000324,1787214009.8214242,358.0491681098938,0.8799838463291294,0.0,91.39431521316878,91.16981542958017,elbow,0,0,0
34.10129146100007,1787214009.835835,358.0635030269623,-1.0166104922977999,0.0,91.35289749399367,91.11084038293022,elbow,0,0,0
34.11565421500018,1787214009.850191,358.0779106616974,-2.882930797426411,0.0,91.31237135053436,91.07552486541465,elbow,0,0,0
34.129861992000315,1787214009.8643913,358.09225487709045,-4.659473089389701,-1.0,91.27548463682486,91.05990803012185,elbow,0,1,0
34.14407063899989,1787214009.8786068,358.1064088344574,-6.323347307306356,-2.0,91.2444351300958,91.06297284659809,elbow,-1,2,0
34.15825169500022,1787214009.89278,358.120644569397,-7.830997555934305,-3.0,91.22335029726958,91.10012444556124,elbow,-2,3,0
34.17233753100027,1787214009.906862,358.1347596645355,-9.140824761942358,-3.0,91.21457730816849,91.16330542648372,elbow,-2,3,0
34.186634954000056,1787214009.9211757,358.1488974094391,-10.246442205119086,-4.0,91.21618007452757,91.22554710396129,elbow,-3,4,0
34.201313458000186,1787214009.9358432,358.16370010375977,-11.118100238170383,-5.0,91.22784480999103,91.29601689246772,elbow,-4,5,0
34.21567660100027,1787214009.9502187,358.1779351234436,-11.690710604520701,-6.0,91.24304392129666,91.33187191681753,elbow,-5,6,0
34.22987987800025,1787214009.964408,358.1922755241394,-11.969772069713086,-7.0,91.25859965340655,91.34951184388898,elbow,-5,7,0
34.244649712999944,1787214009.9792635,358.206440448761,-11.949411896571924,-8.0,91.26982559882262,91.33543326555291,elbow,-6,8,0
34.259471546999976,1787214009.9940684,358.2214334011078,-11.610920708959846,-9.0,91.27800063424804,91.32577790198107,elbow,-6,9,0
34.274230292000084,1787214010.0088267,358.23621129989624,-10.965849000058363,-9.0,91.28159231634264,91.3025831436743,elbow,-7,9,0
34.28914702100019,1787214010.023747,358.251100063324,-10.018630596059076,-9.0,91.278893123846,91.2631182634492,elbow,-7,9,0
34.30414222900026,1787214010.0387506,358.26602435112,-8.79273361327947,-9.0,91.27164343628132,91.22927416865939,elbow,-7,9,0
34.31901097800028,1787214010.0536118,358.2809510231018,-7.338876058975364,-9.0,91.26471583015908,91.22422889949432,elbow,-7,9,0
34.333871986000304,1787214010.0684683,358.2957675457001,-5.687610532071161,-8.0,91.26131586093433,91.24144545897508,elbow,-6,8,0
34.34857297999997,1787214010.0831587,358.31059765815735,-3.90256403355808,-8.0,91.2648621474169,91.28558766968298,elbow,-6,8,0
34.363199439000255,1787214010.0977771,358.3252742290497,-2.0236029037244174,-7.0,91.27768198060225,91.35260478772358,elbow,-5,7,0
34.3779467280001,1787214010.1125402,358.33985590934753,-0.07495646040251305,-6.0,91.3024182470884,91.44698413153061,elbow,-4,6,0
34.39290890000029,1787214010.1275048,358.35469603538513,1.9046608427564804,-5.0,91.3388694658653,91.55190091442421,elbow,-3,5,0
34.40783816600015,1787214010.1424246,358.36967515945435,3.828766431086108,-4.0,91.38263082105979,91.63838481779273,elbow,-3,4,0
34.42260093599998,1787214010.1571977,358.3845384120941,5.629607380911763,-3.0,91.42748595008497,91.68963227693379,elbow,-2,3,0
34.43743931500012,1787214010.1720233,358.39942932128906,7.2887906825245405,-3.0,91.46922309770483,91.7131470408408,elbow,-2,3,0
34.45278058800022,1787214010.1873672,358.41477227211,8.797452809062301,-2.0,91.50406853726042,91.7077153483487,elbow,-1,2,0
34.46743443500009,1787214010.2020094,358.4295222759247,10.002322612249966,-2.0,91.52897798250203,91.67455597360002,elbow,-1,2,0
34.482169816999885,1787214010.2167609,358.4441430568695,10.948223067091698,-2.0,91.53526920347043,91.57203691552712,elbow,-1,2,0
34.4969013660002,1787214010.231492,358.4588716030121,11.602063759519773,-1.0,91.52254802893172,91.44820181143108,elbow,-1,1,0
34.51159484200025,1787214010.2461755,358.4736473560333,11.94583242100819,-1.0,91.49332902153847,91.32256470475296,elbow,0,1,0
34.52643992399999,1787214010.261027,358.4884307384491,11.970698353123213,-1.0,91.45434063340878,91.22648123449322,elbow,0,1,0
34.541071012999964,1787214010.2756448,358.5031621456146,11.677029588529933,-1.0,91.41308773886817,91.17199391056526,elbow,0,1,0
34.555622530000164,1787214010.290195,358.51774430274963,11.078962617789271,-1.0,91.37649575274402,91.16264161915845,elbow,0,1,0
34.5701377700002,1787214010.3047066,358.53228521347046,10.193581275911946,-1.0,91.34579954388923,91.16640203519071,elbow,0,1,0
34.58473119300015,1787214010.3193038,358.5467879772186,9.035608815537666,-1.0,91.32562473676661,91.20771733805844,elbow,0,1,0
34.59923785899991,1787214010.333804,358.5613820552826,7.648163379102318,0.0,91.31552384405464,91.25649131020883,elbow,0,0,0
34.61393089100011,1787214010.348515,358.5758583545685,6.039469411750598,0.0,91.31677243768647,91.32406957942757,elbow,0,0,0
34.62871732700023,1787214010.363306,358.5906460285187,4.256980160173498,0.0,91.32738837067167,91.3894309486026,elbow,0,0,0
34.643581539000024,1787214010.3781736,358.6055119037628,2.3482134994469686,0.0,91.34325480167924,91.43598280624033,elbow,0,0,0
34.65824664499996,1787214010.3928216,358.6203033924103,0.40095895172034257,0.0,91.36011247111801,91.45863355931127,elbow,0,0,0
34.672840309000094,1787214010.4074204,358.6348805427551,-1.5482867073315807,0.0,91.37499767931955,91.46199113445421,elbow,0,0,0
34.687429101999896,1787214010.4220054,358.64950823783875,-3.456703769369587,-1.0,91.38648017297213,91.45358718168008,elbow,0,1,0
34.70263060100024,1787214010.437222,358.6646010875702,-5.348012433489134,-1.0,91.39648102929644,91.45492892160529,elbow,-1,1,0
34.717296928999986,1787214010.4518752,358.67936182022095,-7.028293889269519,-2.0,91.40770715050635,91.47331584462663,elbow,-1,2,0
34.73195118400008,1787214010.4665284,358.69398307800293,-8.51980749850843,-3.0,91.4204322573419,91.49480145632083,elbow,-2,3,0
34.74676963799993,1787214010.4813673,358.7086601257324,-9.796592270643169,-4.0,91.43853454467722,91.5443295392664,elbow,-3,4,0
34.76144159600017,1787214010.4960248,358.72349405288696,-10.79697460050442,-5.0,91.46285419737569,91.6049852705371,elbow,-4,5,0
34.7761935880003,1787214010.5107868,358.7381103038788,-11.510622288070396,-6.0,91.49142868357907,91.65842623241242,elbow,-5,6,0
34.791037319000225,1787214010.5256338,358.75293827056885,-11.913061927117944,-7.0,91.52164208734686,91.6982179436972,elbow,-5,7,0
34.805702463000216,1787214010.5402875,358.7677502632141,-11.988518953244512,-8.0,91.55099449411838,91.72253843539227,elbow,-6,8,0
34.82053858300014,1787214010.5551367,358.78240036964417,-11.736568805083909,-9.0,91.57276236106668,91.69998006142434,elbow,-6,9,0
34.83523031799996,1787214010.569814,358.79726552963257,-11.168097503919565,-9.0,91.58507277189123,91.65701836763,elbow,-7,9,0
34.850578553000105,1787214010.585196,358.81244945526123,-10.251611190361189,-9.0,91.58853232406449,91.60875094598063,elbow,-7,9,0
34.86551946600002,1787214010.6001356,358.82738995552063,-9.06785583377421,-9.0,91.5840265317481,91.55769338031246,elbow,-7,9,0
34.881634290999955,1787214010.6162765,358.8423342704773,-7.506832694625219,-9.0,91.57240520958739,91.50448684698836,elbow,-7,9,0
34.897462327000085,1787214010.632086,358.8589675426483,-5.734246267354599,-8.0,91.55344221918001,91.4426170272923,elbow,-6,8,0
34.91239901900008,1787214010.6470585,358.8742587566376,-3.8941157209446535,-8.0,91.53285038408796,91.41250575350118,elbow,-6,8,0
34.92732839500013,1787214010.661932,358.88917875289917,-1.9448755931374602,-7.0,91.51407759656783,91.4043640052781,elbow,-5,7,0
34.942101442999956,1787214010.6766994,358.90404891967773,0.038661471496471124,-6.0,91.49749281910647,91.40056659043236,elbow,-4,6,0
34.956784566999886,1787214010.69137,358.9188005924225,2.009958320208805,-5.0,91.48623742404234,91.42045764506464,elbow,-3,5,0
34.97139980400016,1787214010.7059834,358.9334478378296,3.9186954525026114,-4.0,91.47906031967615,91.43711524922604,elbow,-3,4,0
34.986196740000196,1787214010.7207816,358.9482629299164,5.744036564247433,-3.0,91.4748359021289,91.45014718609677,elbow,-2,3,0
35.000811441000224,1787214010.7353926,358.96285939216614,7.391796591192783,-3.0,91.47051541135579,91.44526521564865,elbow,-2,3,0
35.01554186000021,1787214010.7501416,358.9774625301361,8.851091029521472,-2.0,91.46335492166551,91.42150695217934,elbow,-1,2,0
35.03039601599994,1787214010.7649946,358.99227356910706,10.076970291257332,-2.0,91.45291350287945,91.39189083632284,elbow,-1,2,0
35.04512375000013,1787214010.7797086,359.00712609291077,11.014928939956224,-2.0,91.43933148592899,91.35995425678834,elbow,-1,2,0
35.059716951000155,1787214010.7942982,359.0217843055725,11.645999850573984,-1.0,91.42123471855183,91.31547198419211,elbow,-1,1,0
35.074311725999905,1787214010.808892,359.03635835647583,11.962663881528044,-1.0,91.40130554496716,91.2848336995864,elbow,-1,1,0
35.0889328520002,1787214010.8235183,359.0509514808655,11.955596255822652,-1.0,91.37932383484302,91.25085637321423,elbow,0,1,0
35.103599569999915,1787214010.8381863,359.06560587882996,11.622211110635481,-1.0,91.35407547316149,91.20651675651952,elbow,0,1,0
35.1182210840002,1787214010.8528023,359.0802743434906,10.973236198705857,-1.0,91.3279199968968,91.17505984068322,elbow,0,1,0
35.132830840000224,1787214010.8674116,359.09486389160156,10.0263069856081,-1.0,91.30507062734175,91.1715323134445,elbow,0,1,0
35.147645554000064,1787214010.882247,359.1094856262207,8.787515171695865,-1.0,91.28809705523646,91.18889859839096,elbow,0,1,0
35.16236760299989,1787214010.8969533,359.12433910369873,7.312368941801426,0.0,91.27597213274436,91.20511058438389,elbow,0,0,0
35.1773047380002,1787214010.9119077,359.1390483379364,5.608667709206082,0.0,91.26546148460507,91.2040342217168,elbow,0,0,0
35.19223213300029,1787214010.9268339,359.1540620326996,3.745786885977205,0.0,91.25486214610598,91.19291655114397,elbow,0,0,0
35.2070488280001,1787214010.9416363,359.1690204143524,1.790394927283483,0.0,91.24477814967507,91.18584436257493,elbow,0,0,0
35.22193365000021,1787214010.9565306,359.18373131752014,-0.22528478106402547,0.0,91.23905769310956,91.20562569304315,elbow,0,0,0
35.23673643800021,1787214010.971326,359.1986598968506,-2.2244156270232294,0.0,91.23890643491734,91.23802243836319,elbow,0,0,0
35.25196176899999,1787214010.986571,359.2136471271515,-4.215758564729063,-1.0,91.244568964926,91.27766242546673,elbow,0,1,0
35.26772675200027,1787214011.0023284,359.22962474823,-6.1458366442264705,-2.0,91.25608333884699,91.32337666504962,elbow,-1,2,0
35.282732875999955,1787214011.0173414,359.24449014663696,-7.802635796754059,-3.0,91.27193056402916,91.36454632420057,elbow,-2,3,0
35.30195993899997,1787214011.0365736,359.2637722492218,-9.590859368141054,-4.0,91.28842582757302,91.38482891106433,elbow,-3,4,0
35.31697436000013,1787214011.0515857,359.27876925468445,-10.675156862020007,-5.0,91.30696230141218,91.41529480730999,elbow,-4,5,0
35.331920096999966,1787214011.0665286,359.2937333583832,-11.447556451811966,-6.0,91.32624530492532,91.43894074581334,elbow,-4,6,0
35.346856501000275,1787214011.0814574,359.3086760044098,-11.890930543303375,-7.0,91.34504696800737,91.4549293164193,elbow,-5,7,0
35.36155833700013,1787214011.0961444,359.3235731124878,-11.993796303894188,-8.0,91.36607270064738,91.48895315380113,elbow,-6,8,0
35.37618724999993,1787214011.1107662,359.3382337093353,-11.764412936421687,-8.0,91.3895597377303,91.52682476479978,elbow,-6,8,0
35.390826884000035,1787214011.1254091,359.35286235809326,-11.209539868738172,-9.0,91.41685375134185,91.57636784858622,elbow,-7,9,0
35.40547548099994,1787214011.140053,359.3675446510315,-10.343581112133638,-9.0,91.44798972832137,91.62995736893282,elbow,-7,9,0
35.420267500000136,1787214011.1548648,359.382141828537,-9.177819208692778,-9.0,91.48113776932853,91.67486449314161,elbow,-7,9,0
35.43499816900021,1787214011.1695814,359.39703154563904,-7.758272214060657,-9.0,91.51231427920348,91.69451880576044,elbow,-7,9,0
35.44984663100013,1787214011.184447,359.41171073913574,-6.10640094707337,-8.0,91.53952918671592,91.69858096507359,elbow,-6,8,0
35.464615354000216,1787214011.199213,359.42654037475586,-4.28966913083158,-8.0,91.56319091470381,91.7014768858675,elbow,-6,8,0
35.47930754300023,1787214011.213895,359.4413032531738,-2.361197564420084,-7.0,91.58230383868263,91.69400528565826,elbow,-5,7,0
35.49425479799993,1787214011.2288635,359.4559679031372,-0.3309460529053128,-6.0,91.5962185449059,91.67754010622747,elbow,-4,6,0
35.50910250100014,1787214011.2437024,359.4710154533386,1.6962110490653268,-5.0,91.6043212882514,91.65167606019357,elbow,-3,5,0
35.523858762000145,1787214011.258452,359.4858102798462,3.6636421979262286,-4.0,91.60606124697233,91.61623006818571,elbow,-3,4,0
35.53868433600019,1787214011.2732785,359.50062465667725,5.536518658579047,-3.0,91.5989173035474,91.55716603521394,elbow,-2,3,0
35.55330641499995,1787214011.2878845,359.5153615474701,7.229493103057271,-3.0,91.58320697372974,91.49139126959994,elbow,-2,3,0
35.56788836600026,1787214011.3024676,359.52995109558105,8.71799252815152,-2.0,91.56270788141452,91.44290526639685,elbow,-1,2,0
35.582664922000276,1787214011.3172636,359.54452204704285,9.98025390519463,-2.0,91.54020301141932,91.40867805243096,elbow,-1,2,0
35.59733898100012,1787214011.3319185,359.5593888759613,10.95297707866394,-2.0,91.51579877016624,91.37317333706498,elbow,-1,2,0
35.61191309900005,1787214011.346492,359.5739850997925,11.614700886250368,-1.0,91.49274142688154,91.35798765445156,elbow,-1,1,0
35.62668372999997,1787214011.3612776,359.58859848976135,11.956639098905491,-1.0,91.47174789337693,91.34905562126859,elbow,-1,1,0
35.64130790199988,1787214011.3758874,359.6033728122711,11.959275447752631,-1.0,91.45477776370643,91.35559942544384,elbow,0,1,0
35.65619073300013,1787214011.3907983,359.6180078983307,11.618341838065023,-1.0,91.44412552350201,91.3818707556976,elbow,0,1,0
35.671145802999945,1787214011.4057512,359.6330089569092,10.936163324807698,-1.0,91.43950934859072,91.41253108939524,elbow,0,1,0
35.68587382400028,1787214011.4204648,359.6478476524353,9.95064092997534,-1.0,91.43812945932449,91.43006498798172,elbow,0,1,0
35.700712749000104,1787214011.4353151,359.662620306015,8.671059653635254,-1.0,91.43987298114689,91.45006262615418,elbow,0,1,0
35.71548839800016,1787214011.4500794,359.67742562294006,7.147339803866204,0.0,91.44396746219759,91.46789679182214,elbow,0,0,0
35.730312935000256,1787214011.464918,359.6921761035919,5.412016850113708,0.0,91.4519533589498,91.49862524565887,elbow,0,0,0
35.746041502000026,1787214011.4806604,359.70713233947754,3.4003522321101762,0.0,91.46138182176682,91.51648448112881,elbow,0,0,0
35.7609402410003,1787214011.4955375,359.72283029556274,1.3908925173578848,0.0,91.46828016055086,91.50859604443964,elbow,0,0,0
35.77572181599999,1787214011.510312,359.7376573085785,-0.6438736031274044,0.0,91.47277913393437,91.49907243355716,elbow,0,0,0
35.79043248500011,1787214011.5250208,359.75241112709045,-2.6513453001580256,0.0,91.47808907487867,91.50912190311001,elbow,0,0,0
35.80509530400013,1787214011.5396721,359.7671160697937,-4.577805718722496,0.0,91.48425437192853,91.5202861482421,elbow,0,0,0
35.81970258699994,1787214011.554287,359.7817475795746,-6.368585087649173,-1.0,91.48804807468844,91.51021956912577,elbow,0,1,0
35.834299038000154,1787214011.5688753,359.7963602542877,-7.9794105375207804,-2.0,91.48997340424538,91.50122558615394,elbow,-1,2,0
35.84893846800014,1787214011.583516,359.81100630760193,-9.36979503309994,-3.0,91.4861666807321,91.4639190892521,elbow,-2,3,0
35.86360030600008,1787214011.598191,359.825581073761,-10.496523282067319,-4.0,91.47689060022121,91.42267850705973,elbow,-3,4,0
35.87845786000025,1787214011.613063,359.8402895927429,-11.333824986954209,-5.0,91.46612700849066,91.40322147021253,elbow,-4,5,0
35.893208677000075,1787214011.627799,359.85518860816956,-11.837516961481182,-6.0,91.4591105220573,91.41810414918844,elbow,-5,6,0
35.90813243299999,1787214011.6427414,359.869916677475,-11.999677058994976,-7.0,91.45826615044709,91.45333139892757,elbow,-5,7,0
35.92297541300013,1787214011.6575708,359.88494777679443,-11.8092133498353,-8.0,91.46517696429412,91.50556575605337,elbow,-6,8,0
35.93766563899999,1787214011.6722589,359.8996548652649,-11.280351507155814,-8.0,91.48114428743777,91.57446193477675,elbow,-6,8,0
35.95253080400016,1787214011.6871243,359.91441583633423,-10.415681706996038,-9.0,91.50442251741036,91.6404672154299,elbow,-6,9,0
35.96718145700015,1787214011.701762,359.929208278656,-9.263441399691013,-9.0,91.53389296871906,91.70612679635592,elbow,-6,9,0
35.98177348099989,1787214011.7163532,359.94383239746094,-7.852195901569177,-9.0,91.56849687523132,91.77073209746686,elbow,-6,9,0
35.996494946999974,1787214011.7310736,359.9585440158844,-6.2022803788964085,-8.0,91.59067693194606,91.72030358832697,elbow,-6,8,0
36.01104449100012,1787214011.7456212,359.973135471344,-4.394715040311427,-8.0,91.61450029432719,91.7537309035602,elbow,-6,8,0
36.0255793690003,1787214011.7601528,359.9876790046692,-2.464311722162016,-7.0,91.63371682641716,91.74602378911324,elbow,-5,7,0
36.04028502000028,1787214011.7748747,360.00221276283264,-0.4399513155218846,-6.0,91.64750557536074,91.72809100596713,elbow,-4,6,0
36.05519716500021,1787214011.7898033,360.01703453063965,1.6263268597321938,-5.0,91.65455008650645,91.69572024388701,elbow,-3,5,0
36.07007579299989,1787214011.8046868,360.0319404602051,3.640599974335305,-4.0,91.65934812064359,91.68738921767046,elbow,-3,4,0
36.08499601199992,1787214011.8196013,360.0468363761902,5.552908487757769,-3.0,91.66587044715149,91.70398880671736,elbow,-2,3,0
36.09979892000001,1787214011.8343902,360.06178283691406,7.287421073595318,-3.0,91.66931263234501,91.68942975661652,elbow,-2,3,0
36.11481571100012,1787214011.8494296,360.07650446891785,8.828714581169638,-2.0,91.67214074487842,91.68866905119839,elbow,-1,2,0
36.12982714999998,1787214011.864435,360.0916600227356,10.103121112304962,-2.0,91.67628829066204,91.70052774590924,elbow,-1,2,0
36.14965036400008,1787214011.8842824,360.1106038093567,11.313321699412533,-2.0,91.67854287720206,91.69171933199937,elbow,-1,2,0
36.16467667200004,1787214011.899277,360.12651467323303,11.836040487996435,-1.0,91.6745613939461,91.65129245606451,elbow,-1,1,0
36.179563559000144,1787214011.9141593,360.14144492149353,11.999672328279779,-1.0,91.66108200760597,91.58230458138878,elbow,0,1,0
36.19431263500019,1787214011.9289038,360.15629839897156,11.808816983700693,-1.0,91.63883048346227,91.50878615078884,elbow,0,1,0
36.208935807000216,1787214011.943516,360.1709928512573,11.277824288807107,-1.0,91.60775908865286,91.42616888489296,elbow,0,1,0
36.22350520200007,1787214011.9580834,360.1855809688568,10.42519132812367,-1.0,91.57018434898194,91.35058671987913,elbow,0,1,0
36.238083023999934,1787214011.9726615,360.20014095306396,9.272890384038536,-1.0,91.53187712546438,91.30799864924217,elbow,0,1,0
36.25310914700003,1787214011.9877064,360.21487069129944,7.8066095079917615,0.0,91.49537761141194,91.28206391131663,elbow,0,0,0
36.26808368000002,1787214012.0026906,360.2298526763916,6.107795944096036,0.0,91.46462925740742,91.28492699739591,elbow,0,0,0
36.28293211400023,1787214012.0175252,360.2448844909668,4.239607132441843,0.0,91.44638072464049,91.3397310295176,elbow,0,0,0
36.297879471000215,1787214012.0324867,360.25970339775085,2.23060647110247,0.0,91.44499483008902,91.43689526212513,elbow,0,0,0
36.31276949600033,1787214012.0473683,360.27461981773376,0.1613495269014838,0.0,91.45772297810751,91.53210995063777,elbow,0,0,0
36.32750600700001,1787214012.062097,360.2894797325134,-1.8923424042872543,0.0,91.48078123708534,91.61554036109041,elbow,0,0,0
36.3422364070002,1787214012.0768259,360.30418610572815,-3.890256517960115,-1.0,91.50604410511824,91.65368760106658,elbow,0,1,0
36.35698228799993,1787214012.0915732,360.3189387321472,-5.776228277730872,-2.0,91.52931491178168,91.66531622583892,elbow,-1,2,0
36.37164881900026,1787214012.106237,360.3336582183838,-7.483583389469392,-3.0,91.55136678736596,91.68024431620557,elbow,-2,3,0
36.386396830000194,1787214012.1209867,360.34836316108704,-8.980275127614663,-4.0,91.57207118063482,91.6930736337103,elbow,-2,4,0
36.401175155000146,1787214012.1357653,360.36315274238586,-10.213980613810167,-5.0,91.58794018134516,91.68068320399131,elbow,-3,5,0
36.415908516999934,1787214012.1504984,360.37784910202026,-11.142041993564936,-6.0,91.60244215818551,91.68719589857966,elbow,-4,6,0
36.43081361600025,1787214012.1654217,360.39258551597595,-11.745794227487155,-7.0,91.61717262950243,91.70326175760005,elbow,-5,7,0
36.44684072200016,1787214012.18145,360.40757060050964,-11.997885538846308,-7.0,91.63631331532808,91.74817701055335,elbow,-5,7,0
36.46166728600019,1787214012.1962676,360.42360973358154,-11.856724508673942,-8.0,91.65576782569974,91.76946560219508,elbow,-6,8,0
36.47662986500018,1787214012.2112422,360.4383931159973,-11.35329197854642,-9.0,91.67608441060813,91.79482039963757,elbow,-6,9,0
36.49142609699993,1787214012.2260244,360.4533829689026,-10.513490595875545,-9.0,91.69473292523249,91.80372022983305,elbow,-7,9,0
36.50725235600021,1787214012.2418685,360.4681205749512,-9.267148658179753,-9.0,91.71507636742646,91.83396931818842,elbow,-7,9,0
36.522193546999915,1787214012.2568038,360.4840428829193,-7.797616073153487,-9.0,91.73514298241024,91.85241807501633,elbow,-7,9,0
36.53698201899988,1787214012.2715778,360.49892234802246,-6.107499746296407,-8.0,91.75162352943782,91.84794060535832,elbow,-6,8,0
36.55368297699988,1787214012.2882965,360.5155293941498,-3.980655046830277,-8.0,91.76136530081237,91.81829902585879,elbow,-6,8,0
36.568861476000166,1787214012.303453,360.5307762622833,-1.9125388800459187,-7.0,91.76754831280479,91.80368362035824,elbow,-5,7,0
36.58366246700007,1787214012.3182585,360.54558801651,0.16372979771325408,-6.0,91.77198454937603,91.79791119695136,elbow,-4,6,0
36.598563398999886,1787214012.333155,360.56047201156616,2.2496898612436733,-5.0,91.77793436192182,91.81270678456819,elbow,-3,5,0
36.61325307800007,1787214012.3478408,360.57525539398193,4.239881725919735,-4.0,91.78217932964941,91.80698814686968,elbow,-3,4,0
36.627845186000286,1787214012.3624275,360.58991622924805,6.093004741562965,-3.0,91.78483504100402,91.80035578505071,elbow,-2,3,0
36.642458700000134,1787214012.3770416,360.60448694229126,7.770354137342226,-3.0,91.78852794590586,91.81011034855318,elbow,-2,3,0
36.657080103000226,1787214012.3916593,360.6191129684448,9.220223012742023,-2.0,91.79326633688585,91.82095886207914,elbow,-1,2,0
36.67165839600011,1787214012.406236,360.63372468948364,10.395581966410987,-2.0,91.79708076269445,91.8193733686125,elbow,-1,2,0
36.68640899899992,1787214012.4210012,360.6483495235443,11.27461921709494,-2.0,91.80048392811267,91.82037300954954,elbow,-1,2,0
36.70135470800005,1787214012.435961,360.66316056251526,11.819755684315004,-1.0,91.80501565563041,91.83150037987205,elbow,-1,1,0
36.71618854999997,1787214012.4507804,360.6781222820282,11.999992098224743,-1.0,91.81173935558292,91.85103459970968,elbow,0,1,0
36.73084096999992,1787214012.4654198,360.6929121017456,11.819290622399128,-1.0,91.81942382331837,91.86433407180985,elbow,0,1,0
36.745542833999934,1787214012.480132,360.70749139785767,11.284645428499536,-1.0,91.82852350292002,91.8817046582286,elbow,0,1,0
36.76020119900022,1787214012.49478,360.7222390174866,10.414740627721422,-1.0,91.83861226582495,91.8975739095757,elbow,0,1,0
36.77482502800012,1787214012.509404,360.73688411712646,9.237184336479286,-1.0,91.84910658051221,91.91043838599018,elbow,0,1,0
36.7893870060002,1787214012.5239642,360.7514669895172,7.791592757058243,-1.0,91.85815878721645,91.91106249720384,elbow,0,1,0
36.80394205900029,1787214012.5385134,360.7660245895386,6.1167464152299384,0.0,91.86559611166878,91.909061983446,elbow,0,0,0
36.8185026670003,1787214012.553073,360.78056836128235,4.26036289755165,0.0,91.874295367775,91.92513633254593,elbow,0,0,0
36.833050146000005,1787214012.567624,360.79511880874634,2.279432051029002,0.0,91.88581224376892,91.95312019280826,elbow,0,0,0
36.84778554600007,1787214012.5823686,360.80975365638733,0.20394519080908002,0.0,91.89947816020629,91.97934572217595,elbow,0,0,0
36.86259292500017,1787214012.5971844,360.8245322704315,-1.8885761145039797,0.0,91.91495082959963,92.0053775775806,elbow,0,0,0
36.87731395500032,1787214012.6119056,360.8392767906189,-3.912555804780207,-1.0,91.92892603258059,92.01060115442384,elbow,0,1,0
36.89200470800006,1787214012.6265953,360.853985786438,-5.815199931878938,-2.0,91.9411492776879,92.01258545180428,elbow,-1,2,0
36.90685779000023,1787214012.641463,360.8686866760254,-7.561183981031727,-3.0,91.95079433890506,92.0071628618646,elbow,-2,3,0
36.92164222600013,1787214012.6562338,360.88360500335693,-9.068294498427933,-4.0,91.95765147856322,91.99772658286331,elbow,-2,4,0
36.936524936000296,1787214012.671128,360.8983416557312,-10.305878078104028,-5.0,91.9622035478719,91.98880715541381,elbow,-3,5,0
36.95164867800031,1787214012.686268,360.91337037086487,-11.236476276071967,-6.0,91.96387015112904,91.97361026182924,elbow,-4,6,0
36.96651681499998,1787214012.7011075,360.9284563064575,-11.800882397229415,-7.0,91.96547905099804,91.97488192643488,elbow,-5,7,0
36.98128821299997,1787214012.7158828,360.9432203769684,-11.999681838097072,-7.0,91.96716792721371,91.97703820751528,elbow,-5,7,0
36.99607077900009,1787214012.73067,360.95800137519836,-11.83093627085913,-8.0,91.96892640920842,91.97920348578273,elbow,-6,8,0
37.01087314000006,1787214012.7454681,360.97278475761414,-11.29816965848546,-9.0,91.97004217835426,91.97656305544346,elbow,-6,9,0
37.02561302100003,1787214012.7602053,360.9875719547272,-10.421768058133004,-9.0,91.96861124252007,91.96024844029343,elbow,-7,9,0
37.04028412600019,1787214012.7748718,361.00229597091675,-9.232892681574485,-9.0,91.96342345437888,91.93310452240301,elbow,-7,9,0
37.054954027999884,1787214012.7895334,361.0170135498047,-7.764029303001442,-9.0,91.95730326850459,91.92153513492772,elbow,-6,9,0
37.06962400300017,1787214012.8042152,361.03160429000854,-6.0592908438077,-8.0,91.95284556573097,91.92679346347012,elbow,-6,8,0
37.084330089000105,1787214012.8190455,361.04629588127136,-4.165297127796215,-8.0,91.95081063522622,91.93891791372917,elbow,-6,8,0
37.09936612899992,1787214012.8339603,361.06132197380066,-2.097184555587586,-7.0,91.95034828502207,91.94764617691608,elbow,-5,7,0
37.11412075099997,1787214012.848718,361.0760521888733,-0.0015516580922591457,-6.0,91.95033592360981,91.95026367994699,elbow,-4,6,0
37.12906297800009,1787214012.8636675,361.090842962265,2.12129213031281,-5.0,91.95273885165092,91.9667822570172,elbow,-3,5,0
37.143809451999914,1787214012.8784044,361.10578203201294,4.151752427104889,-4.0,91.95572699892304,91.97319059446927,elbow,-3,4,0
37.158521629999996,1787214012.893117,361.1204888820648,6.05100885616909,-3.0,91.95764886696641,91.96888081879011,elbow,-2,3,0
37.17345485800024,1787214012.908072,361.135240316391,7.7896119538790884,-3.0,91.9609454863216,91.98021188179888,elbow,-2,3,0
37.18839964100016,1787214012.9230504,361.15024423599243,9.283810710174807,-2.0,91.96568553094635,91.9933877205171,elbow,-1,2,0
37.20321796500002,1787214012.9378133,361.1651842594147,10.47576591123204,-2.0,91.97004884508496,91.99554931290625,elbow,-1,2,0
37.217907235999974,1787214012.9524975,361.17990732192993,11.335711813686546,-2.0,91.96940329426413,91.96563050885129,elbow,-1,2,0
37.2326146370001,1787214012.9672053,361.1945798397064,11.849037999393326,-1.0,91.96223390595063,91.92033393034068,elbow,-1,1,0
37.2474443860001,1787214012.9820426,361.2093913555145,11.99800269116837,-1.0,91.95181025659645,91.89089143973102,elbow,0,1,0
37.262197156000184,1787214012.996789,361.2241418361664,11.77390721301275,-1.0,91.94133667149,91.88012601566847,elbow,0,1,0
37.277093612000044,1787214013.0117025,361.2389042377472,11.177536071476979,-1.0,91.93019096316378,91.8650522251566,elbow,0,1,0
37.292055033,1787214013.026664,361.25383853912354,10.222798133269814,-1.0,91.9197508889907,91.8587360807407,elbow,0,1,0
37.30709273000002,1787214013.0417044,361.2688572406769,8.934241860793968,-1.0,91.90794496624711,91.83894774453462,elbow,0,1,0
37.32206085500002,1787214013.0566766,361.2838613986969,7.3649156482284255,-1.0,91.89630631314417,91.82828666351408,elbow,0,1,0
37.336885149999944,1787214013.0714755,361.29881858825684,5.577751859058795,0.0,91.88641973194974,91.82863969649925,elbow,0,0,0
37.35320905400022,1787214013.0878272,361.3136522769928,3.40880713084369,0.0,91.8792108621224,91.83708014514447,elbow,0,0,0
37.36816856800033,1787214013.1032732,361.3300473690033,1.3042662024812008,0.0,91.87163351843732,91.82734933383044,elbow,0,0,0
37.38372976900018,1787214013.1183422,361.3454751968384,-0.9290977746158358,0.0,91.86327099433905,91.81439798866073,elbow,0,0,0
37.399124031000156,1787214013.1337342,361.36094331741333,-3.1079377427533084,0.0,91.85531160777214,91.80879465424125,elbow,0,0,0
37.41488689400012,1787214013.1495273,361.3759310245514,-5.229871702370359,0.0,91.84766088454384,91.80294784869666,elbow,0,0,0
37.42997673800028,1787214013.164585,361.391793012619,-7.088390600286742,0.0,91.84077071363441,91.80050256516353,elbow,0,0,0
37.44497628799991,1787214013.179587,361.40679383277893,-8.707017085022919,-1.0,91.83609157520448,91.80874533902409,elbow,-1,1,0
37.45980278700017,1787214013.1944,361.4217486381531,-10.031214687026727,-3.0,91.83372672983538,91.81990589060143,elbow,-2,3,0
37.47447980800007,1787214013.2090623,361.4365210533142,-11.030450123229691,-4.0,91.8317480864303,91.8201843229977,elbow,-3,4,0
37.48917084699997,1787214013.2237518,361.45122361183167,-11.688667324582969,-5.0,91.83181186469906,91.83218460331896,elbow,-4,5,0
37.50402264200011,1787214013.2386215,361.465873003006,-11.985102598173423,-6.0,91.83381718340321,91.84553684498658,elbow,-5,6,0
37.519243964,1787214013.2538407,361.4809880256653,-11.893818058722628,-7.0,91.83691250385722,91.85500245042684,elbow,-5,7,0
37.534189995999895,1787214013.268792,361.49605202674866,-11.417523593949994,-8.0,91.83938531294017,91.85383712329457,elbow,-6,8,0
37.5489398310001,1787214013.283524,361.5109632015228,-10.586418867820734,-8.0,91.83973141236682,91.84175411735934,elbow,-6,8,0
37.56378755100013,1787214013.298383,361.52564311027527,-9.413664138936772,-8.0,91.83707562055389,91.82155440628554,elbow,-6,8,0
37.57854520000001,1787214013.3131378,361.54053115844727,-7.950335663688568,-8.0,91.83219793304802,91.80369131873283,elbow,-6,8,0
37.59322268400001,1787214013.327813,361.5552189350128,-6.245960388738245,-8.0,91.82681768863054,91.79537398660035,elbow,-6,8,0
37.60797714799992,1787214013.34257,361.56992292404175,-4.335843095609299,-7.0,91.82573250085446,91.81939035012113,elbow,-5,7,0
37.622708612000224,1787214013.3573005,361.58468866348267,-2.2915831625428007,-7.0,91.82949853060786,91.85150829600407,elbow,-5,7,0
37.637504426000305,1787214013.3720968,361.59944891929626,-0.16518134479269664,-6.0,91.83725801775229,91.88260670133315,elbow,-4,6,0
37.65229609300013,1787214013.3869305,361.6142716407776,1.966657337508557,-5.0,91.84792221188539,91.91024684190096,elbow,-3,5,0
37.66755017300011,1787214013.40216,361.62937116622925,4.09981905968337,-4.0,91.8599644270729,91.93034261006191,elbow,-3,4,0
37.68241957800001,1787214013.417017,361.64434266090393,6.047167126700688,-3.0,91.87342295167208,91.95207845585087,elbow,-2,3,0
37.69742194299988,1787214013.432034,361.65921783447266,7.815505562446626,-3.0,91.88654493726945,91.96323361033915,elbow,-2,3,0
37.71248449099994,1787214013.4471002,361.6742653846741,9.334098824265903,-2.0,91.89538090926301,91.94702088115903,elbow,-1,2,0
37.72732397100026,1787214013.4619195,361.6892919540405,10.529486896673731,-2.0,91.89401810474136,91.88605348157951,elbow,-1,2,0
37.742918357000235,1787214013.4775417,361.70406556129456,11.42155529170283,-2.0,91.88475707788443,91.8306329626237,elbow,-1,2,0
37.75792501800015,1787214013.4925377,361.71976947784424,11.898296872701964,-1.0,91.8710416155505,91.79088449305381,elbow,-1,1,0
37.773249966000094,1787214013.5078561,361.73480319976807,11.98178630620238,-1.0,91.85973471643605,91.79365393291546,elbow,0,1,0
37.79149535700026,1787214013.5260978,361.75343441963196,11.546114621659228,-1.0,91.85507900084616,91.82786965450677,elbow,0,1,0
37.8064972950001,1787214013.541104,361.76840472221375,10.765650977808956,-1.0,91.86171292559422,91.90048349750182,elbow,0,1,0
37.82120009400023,1787214013.555788,361.7832176685333,9.65638358797088,-1.0,91.87653068284104,91.96312993511853,elbow,0,1,0
37.835995296999954,1787214013.570594,361.7978858947754,8.23135506880723,-1.0,91.89636007738808,92.01224878525974,elbow,0,1,0
37.85066911500007,1787214013.5852478,361.81271290779114,6.556641914327891,0.0,91.91836533719673,92.04697042998232,elbow,0,0,0
37.86524534199998,1787214013.5998204,361.8273112773895,4.687417390673201,0.0,91.94073234103226,92.07145157037179,elbow,0,0,0
37.8798438470003,1787214013.6144195,361.8418834209442,2.6682339402478945,0.0,91.9563283800071,92.04747613544767,elbow,0,0,0
37.89443316699999,1787214013.6290107,361.85648345947266,0.5661644589852132,0.0,91.96605104261741,92.0228730905276,elbow,0,0,0
37.90927733200033,1787214013.6438684,361.871089220047,-1.5911791971281828,0.0,91.96909390715729,91.98687728621704,elbow,0,0,0
37.923949539000205,1787214013.6585257,361.88599586486816,-3.673914147427785,0.0,91.96591831633833,91.94735924657627,elbow,0,0,0
37.93868231800025,1787214013.6732738,361.900607585907,-5.648820982828811,0.0,91.95938460758428,91.92119972688506,elbow,0,0,0
37.95342850399993,1787214013.6880114,361.91548466682434,-7.445435995278776,-1.0,91.95708892105596,91.94367226605853,elbow,0,1,0
37.968012398000155,1787214013.7025907,361.93007373809814,-8.988460263005617,-2.0,91.95970832127044,91.97501685252868,elbow,-1,2,0
37.9826901790002,1787214013.7172797,361.9446623325348,-10.257225316724915,-4.0,91.97062336768944,92.03441405090248,elbow,-2,4,0
37.9973979209999,1787214013.731987,361.9593861103058,-11.201905689331623,-5.0,91.98564175591818,92.07341355359024,elbow,-3,5,0
38.012073461,1787214013.746663,361.97407054901123,-11.788187518853755,-6.0,92.00170126289346,92.09555765916447,elbow,-4,6,0
38.02674777900029,1787214013.76134,361.9887447357178,-11.999456683580137,-7.0,92.01461736452467,92.090102792243,elbow,-5,7,0
38.04142407800009,1787214013.7760189,362.00341391563416,-11.828589949959083,-8.0,92.02175056954161,92.06343907951779,elbow,-6,8,0
38.056137691,1787214013.7907298,362.01810121536255,-11.278700937326851,-8.0,92.02269359450816,92.02820490473016,elbow,-6,8,0
38.070943282999906,1787214013.805535,362.0329022407532,-10.360171349547354,-8.0,92.01710579667639,91.98444909255792,elbow,-6,8,0
38.08564487700005,1787214013.8202398,362.04761266708374,-9.114604623073983,-8.0,92.00726174894133,91.9497302913098,elbow,-6,8,0
38.100599354000224,1787214013.8352036,362.0623700618744,-7.547625764145804,-8.0,91.99764283346288,91.94142711375042,elbow,-6,8,0
38.11553338700014,1787214013.850147,362.07733726501465,-5.73216125684306,-8.0,91.99359161244679,91.96991510695682,elbow,-6,8,0
38.13046488400005,1787214013.8650694,362.0922911167145,-3.726484583881737,-7.0,91.99870989035738,92.02862258447307,elbow,-5,7,0
38.145243976000074,1787214013.8798375,362.10720443725586,-1.6187022449514397,-7.0,92.01604289806453,92.1173420003616,elbow,-5,7,0
38.16020669399995,1787214013.894812,362.12193179130554,0.5693365912289439,-6.0,92.04396511797944,92.20715063426793,elbow,-4,6,0
38.175327240000115,1787214013.9099405,362.1371154785156,2.761735506839565,-5.0,92.0888983004632,92.35150079426347,elbow,-3,5,0
38.190290199000174,1787214013.9249017,362.15212321281433,4.839737354743954,-4.0,92.15696350579194,92.55475622093775,elbow,-3,4,0
38.20513734499991,1787214013.939736,362.16702818870544,6.742898232306727,-3.0,92.24321851446531,92.7473176930308,elbow,-2,3,0
38.219952492000175,1787214013.954558,362.1818332672119,8.421626608257235,-3.0,92.34008849603393,92.90622464148724,elbow,-2,3,0
38.238988398999936,1787214013.9736013,362.20080184936523,10.167645667033353,-2.0,92.44865494265602,93.0831486074727,elbow,-1,2,0
38.25404983599992,1787214013.9886596,362.21589851379395,11.163863270650278,-2.0,92.56227264862781,93.22628733173742,elbow,-1,2,0
38.26895642599993,1787214014.0035644,362.23078870773315,11.777353211789848,-2.0,92.6725943029949,93.31734590872506,elbow,-1,2,0
38.283708897999986,1787214014.0183,362.2456867694855,11.999109834635497,-1.0,92.77382131664818,93.36542121578549,elbow,-1,1,0
38.29834028100004,1787214014.0329235,362.26040387153625,11.832747721151836,-1.0,92.86322166803781,93.38570313771837,elbow,0,1,0
38.3130160149999,1787214014.047603,362.2750039100647,11.284370939067703,-1.0,92.93948577862821,93.38519526372289,elbow,0,1,0
38.32764480500009,1787214014.0622249,362.2896909713745,10.374676458300717,-1.0,93.00497197680293,93.38769222940016,elbow,0,1,0
38.34225524400017,1787214014.0768342,362.3042869567871,9.133100823000733,-1.0,93.05862839423803,93.37221199210447,elbow,0,1,0
38.35710814000004,1787214014.0917041,362.3189239501953,7.570503031349741,-1.0,93.0987360786496,93.33313696825586,elbow,0,1,0
38.37197640600016,1787214014.1065633,362.3338372707367,5.754277584833096,0.0,93.12567576989632,93.28311910492286,elbow,0,0,0
38.38697453900022,1787214014.1215794,362.34876775741577,3.7278250214661255,0.0,93.14516443905879,93.25906184939167,elbow,0,0,0
38.401815250000254,1787214014.1364043,362.36377215385437,1.5974031081810824,0.0,93.15844787873948,93.23608013609527,elbow,0,0,0
38.41655477800032,1787214014.1511445,362.37848949432373,-0.5718875951154683,0.0,93.16409948659923,93.19712911494763,elbow,0,0,0
38.43125839999993,1787214014.1658454,362.39323019981384,-2.7180645363112776,0.0,93.15969979003488,93.13398669281146,elbow,0,0,0
38.44597339200027,1787214014.18056,362.4079558849335,-4.777883523669196,0.0,93.14251386427097,93.04207435132307,elbow,0,0,0
38.460770697000044,1787214014.1953676,362.4226450920105,-6.6923196131469656,0.0,93.11641239845886,92.96386789492676,elbow,0,0,0
38.47561970400011,1787214014.2102177,362.437570810318,-8.391487785502132,-1.0,93.08836726670845,92.92446341815996,elbow,-1,1,0
38.49066474300025,1787214014.2252657,362.452481508255,-9.828142455691822,-3.0,93.05895891299346,92.88708800162615,elbow,-2,3,0
38.50578707600016,1787214014.2403884,362.4674069881439,-10.933422679256054,-4.0,93.02995282618683,92.86043287879467,elbow,-3,4,0
38.52070398900014,1787214014.2553074,362.48251509666443,-11.653295308219958,-5.0,92.99963430092173,92.82244408418512,elbow,-4,5,0
38.53556362500012,1787214014.2701652,362.4974226951599,-11.97998548558407,-6.0,92.96943561691242,92.79294578708127,elbow,-5,6,0
38.55037317000006,1787214014.2849638,362.5123600959778,-11.906541027334589,-7.0,92.93856097167848,92.75812062925314,elbow,-5,7,0
38.56518241899994,1787214014.2997885,362.5270531177521,-11.436752315229528,-8.0,92.90908568759218,92.73682361580738,elbow,-6,8,0
38.57998713100005,1787214014.314582,362.5419268608093,-10.586155860105922,-8.0,92.88099606764493,92.71683221722732,elbow,-6,8,0
38.595676597999955,1787214014.330295,362.5566670894623,-9.300293429764217,-8.0,92.85394426795956,92.69584573884399,elbow,-6,8,0
38.611525060000076,1787214014.3461466,362.57252645492554,-7.647675901299948,-8.0,92.82549242499309,92.65921163865187,elbow,-6,8,0
38.63053384900013,1787214014.3651526,362.59233140945435,-5.285460078493549,-8.0,92.7853543333457,92.55077573507256,elbow,-6,8,0
38.64562112800013,1787214014.3802383,362.60743594169617,-3.1960732887373933,-7.0,92.74029114765919,92.47692887760098,elbow,-5,7,0
38.66073146200006,1787214014.3953383,362.6224319934845,-0.9915903859999617,-6.0,92.69608140442116,92.43770689848068,elbow,-4,6,0
38.67561933800016,1787214014.410225,362.6375164985657,1.215387938999294,-5.0,92.65964247043105,92.4466828177137,elbow,-4,5,0
38.69033129300033,1787214014.4249043,362.65245962142944,3.3569480093704414,-4.0,92.63185748492998,92.4694740061852,elbow,-3,4,0
38.70491869600028,1787214014.4394984,362.66698145866394,5.371692310291306,-4.0,92.60130084106312,92.42271899045625,elbow,-2,4,0
38.7195559300003,1787214014.454139,362.68161821365356,7.218252621262792,-3.0,92.56582074598727,92.35846482476896,elbow,-2,3,0
38.734187647,1787214014.4687612,362.6962580680847,8.828230228832052,-3.0,92.52762076639358,92.30436905463138,elbow,-2,3,0
38.74899206200007,1787214014.48358,362.7109184265137,10.162999418406855,-2.0,92.48966926898864,92.26786975889172,elbow,-1,2,0
38.76433337200024,1787214014.4989738,362.7258493900299,11.18605287080271,-2.0,92.44762952303407,92.2019371078487,elbow,-1,2,0
38.77913213900001,1787214014.513734,362.74109077453613,11.7910515109153,-2.0,92.40603770604876,92.16296311710832,elbow,-1,2,0
38.793849149999915,1787214014.5284483,362.7558333873749,11.999889697361274,-1.0,92.36344027962778,92.11448861875512,elbow,-1,1,0
38.80862388100013,1787214014.5432208,362.7705411911011,11.808068453411892,-1.0,92.3098030580486,91.99633164630734,elbow,0,1,0
38.82331907700018,1787214014.5579123,362.7853055000305,11.224188402643069,-1.0,92.24991260609062,91.89989551026885,elbow,0,1,0
38.83806027199989,1787214014.5726602,362.79998779296875,10.263717564459283,-1.0,92.18287283545453,91.79107305676763,elbow,0,1,0
38.85282718799999,1787214014.5874224,362.81476974487305,8.957045476436459,-1.0,92.12504791023389,91.78710234912779,elbow,0,1,0
38.867537661999904,1787214014.6021342,362.829509973526,7.355701171973471,-1.0,92.07135081659212,91.75752949522783,elbow,0,1,0
38.88224304300002,1787214014.6168168,362.8442862033844,5.509094649301276,0.0,92.0292808695485,91.78341195047754,elbow,0,0,0
38.896836649000306,1787214014.6314104,362.8588888645172,3.4940247991013145,0.0,91.98558109409976,91.73018698718332,elbow,0,0,0
38.911456699000155,1787214014.6460385,362.8734681606293,1.359444820855343,0.0,91.94674939403579,91.71980572542323,elbow,0,0,0
38.926180580000164,1787214014.66077,362.88813066482544,-0.8362527123373593,0.0,91.91220295363772,91.710303579968,elbow,0,0,0
38.94082401800006,1787214014.6754024,362.9028539657593,-2.9930634170506325,0.0,91.88093305288655,91.69818272308049,elbow,0,0,0
38.9555472510001,1787214014.6901376,362.91746973991394,-5.062165106196369,0.0,91.86071604513863,91.74256201378998,elbow,0,0,0
38.97018892999995,1787214014.704771,362.9322283267975,-6.952183439119395,0.0,91.84314012100421,91.74042134495915,elbow,0,0,0
38.984945513000184,1787214014.7195442,362.9468364715576,-8.623931249758575,-1.0,91.83274410434677,91.77198678094068,elbow,-1,1,0
38.99967183800027,1787214014.734262,362.96166801452637,-10.002639520499734,-3.0,91.83331793616779,91.8366715750353,elbow,-2,3,0
39.015074126999934,1787214014.7496746,362.97634649276733,-11.084465205550963,-4.0,91.84182760416377,91.891560561271,elbow,-3,4,0
39.02987691299995,1787214014.764469,362.99181962013245,-11.740282475087453,-5.0,91.85093126672578,91.90413569960482,elbow,-4,5,0
39.044703199000196,1787214014.779295,363.00659561157227,-11.996729538911929,-6.0,91.85947159995173,91.90938377351813,elbow,-5,6,0
39.06340782899997,1787214014.7980075,363.02535104751587,-11.73575503145446,-7.0,91.85831130526908,91.85153020808511,elbow,-5,7,0
39.07843366399993,1787214014.8130364,363.0402970314026,-11.062177852385096,-8.0,91.85079104163574,91.80684044933433,elbow,-6,8,0
39.09313241600012,1787214014.8277504,363.0551574230194,-10.026480711046188,-8.0,91.8371527117361,91.75744637345898,elbow,-6,8,0
39.107892796000215,1787214014.8424857,363.0698437690735,-8.646400223785975,-8.0,91.82493797822426,91.75355154832971,elbow,-6,8,0
39.12264571300011,1787214014.8572302,363.08459544181824,-6.972954605956434,-8.0,91.80834632698738,91.71137992598416,elbow,-6,8,0
39.13726281800018,1787214014.8718483,363.0993068218231,-5.080542382642052,-8.0,91.79143160499981,91.69257708523646,elbow,-6,8,0
39.15191523800013,1787214014.8864968,363.1139407157898,-3.012789710942093,-7.0,91.7767929511844,91.69124043107975,elbow,-5,7,0
39.1666456920002,1787214014.9012396,363.12857580184937,-0.8315164503661753,-6.0,91.76150368296561,91.6721487844096,elbow,-4,6,0
39.1816965830003,1787214014.916293,363.14337372779846,1.426586688148418,-5.0,91.74854891632108,91.67283751909963,elbow,-4,5,0
39.19661129199994,1787214014.931212,363.1585087776184,3.615407400666622,-4.0,91.73862717569675,91.6806416583849,elbow,-3,4,0
39.21155981500033,1787214014.9461737,363.17334389686584,5.683531896062446,-4.0,91.73087250524354,91.68555197179704,elbow,-2,4,0
39.22637082300025,1787214014.9609666,363.188321352005,7.537253463995571,-3.0,91.72688371904196,91.70357210063732,elbow,-2,3,0
39.241087462999985,1787214014.975686,363.2030551433563,9.123072151171243,-3.0,91.72824961788037,91.73623232512294,elbow,-2,3,0
39.25582450999991,1787214014.9904208,363.2177815437317,10.40083699189386,-2.0,91.73443337077971,91.77057300840724,elbow,-1,2,0
39.270539910000025,1787214015.0051355,363.2325005531311,11.32315798905812,-2.0,91.74224407975899,91.78789211853409,elbow,-1,2,0
39.28520650400014,1787214015.0197885,363.247220993042,11.859260761038833,-2.0,91.75301585018114,91.81596918709474,elbow,-1,2,0
39.29982724799993,1787214015.0344095,363.2618772983551,11.994475449514606,-1.0,91.76855596478876,91.85937688207811,elbow,-1,1,0
39.314473287000055,1787214015.0490594,363.27648282051086,11.725305583591771,-1.0,91.78696658497826,91.8945635658046,elbow,0,1,0
39.329210973000045,1787214015.063805,363.291157245636,11.054463956700117,-1.0,91.8043316573771,91.90581815499186,elbow,0,1,0
39.344043563000014,1787214015.0786388,363.3059160709381,9.996988396251759,-1.0,91.81828373306024,91.89982369229648,elbow,0,1,0
39.35885298700032,1787214015.0934484,363.3207609653473,8.594645397211972,-1.0,91.83415817002401,91.92693296370504,elbow,0,1,0
39.37355684000022,1787214015.108138,363.33556509017944,6.9072996312033155,-1.0,91.8531026972043,91.9638199846613,elbow,0,1,0
39.38825150699995,1787214015.1228395,363.3502080440521,4.9847110032448,0.0,91.87467618206158,92.00075785734758,elbow,0,0,0
39.403364480000164,1787214015.137957,363.3652889728546,2.8298936193111293,0.0,91.89714344233941,92.0284485992789,elbow,0,0,0
39.41838152800028,1787214015.15297,363.38033533096313,0.5865497414508525,0.0,91.91965963244063,92.05125074939744,elbow,0,0,0
39.4333444670001,1787214015.1679366,363.39526200294495,-1.670431189531803,0.0,91.94082545602586,92.06452464111766,elbow,0,0,0
39.44810189200007,1787214015.1826818,363.4101405143738,-3.839525022172075,0.0,91.96240786481455,92.08854169413272,elbow,0,0,0
39.46295476000023,1787214015.1975513,363.42478823661804,-5.889406667610041,0.0,91.98337600757051,92.10591988881166,elbow,0,0,0
39.47766635300013,1787214015.2122478,363.4396810531616,-7.7175277564331,0.0,92.00263121335473,92.11516419628778,elbow,0,0,0
39.49231830000008,1787214015.2269511,363.4543368816376,-9.275373336425156,-1.0,92.01873097528058,92.11282263310703,elbow,-1,1,0
39.50701676400013,1787214015.2416017,363.469030380249,-10.520786924862964,-3.0,92.03278096231189,92.11489314374077,elbow,-2,3,0
39.52162093400011,1787214015.256199,363.48368287086487,-11.400808102622866,-4.0,92.04564035528115,92.12079436120327,elbow,-3,4,0
39.536362026000006,1787214015.2710006,363.49827575683594,-11.896986930953004,-5.0,92.058317482047,92.13240627164336,elbow,-4,5,0
39.55127416999994,1787214015.285869,363.513117313385,-11.980288474034028,-6.0,92.07234518925996,92.15432716099663,elbow,-5,6,0
39.56605255800014,1787214015.3006408,363.5280077457428,-11.6441173524302,-7.0,92.08692099892045,92.17210623963618,elbow,-5,7,0
39.58071293000012,1787214015.3152945,363.5427465438843,-10.909844489061504,-8.0,92.10258691202458,92.19414303205436,elbow,-6,8,0
39.5953138230002,1787214015.329895,363.5573585033417,-9.806399685346078,-8.0,92.11919159672723,92.21623416906812,elbow,-6,8,0
39.6098865859999,1787214015.3444664,363.57196259498596,-8.371832017861792,-8.0,92.13820964120188,92.24935658495671,elbow,-6,8,0
39.62449194100009,1787214015.3590739,363.5865252017975,-6.648571809177133,-8.0,92.16029468524789,92.28936606015591,elbow,-6,8,0
39.63905718600017,1787214015.3736405,363.6011335849762,-4.703557555011426,-8.0,92.18090839097383,92.30138083986064,elbow,-6,8,0
39.65367065300006,1787214015.3882499,363.6157195568085,-2.5910526359693975,-7.0,92.1968661720055,92.29012805248665,elbow,-5,7,0
39.66824058300017,1787214015.4028165,363.6303217411041,-0.39583875132627144,-6.0,92.20928506751831,92.28186467910237,elbow,-4,6,0
39.682901677000245,1787214015.4174807,363.6449644565582,1.8273072554406282,-5.0,92.21915142409209,92.27681326101924,elbow,-3,5,0
39.69770219400016,1787214015.4323044,363.65958428382874,4.008257928260912,-4.0,92.22486448400868,92.25825325592285,elbow,-3,4,0
39.71260178300008,1787214015.4472039,363.6744418144226,6.062124493479127,-3.0,92.22722254747895,92.24100375133773,elbow,-2,3,0
39.72728445100029,1787214015.461867,363.6893367767334,7.875753824529099,-3.0,92.22669961002322,92.22364341252317,elbow,-2,3,0
39.74216002200001,1787214015.4767632,363.70395064353943,9.435399686741386,-2.0,92.22560807537229,92.21922883166962,elbow,-1,2,0
39.756913020999946,1787214015.4914992,363.7188971042633,10.651318587580635,-2.0,92.22171579486651,92.19896818361606,elbow,-1,2,0
39.77178790700009,1787214015.5063884,363.73361134529114,11.4999816130406,-2.0,92.21619392136893,92.1839224980964,elbow,-1,2,0
39.78668023599994,1787214015.5212834,363.74858832359314,11.939534666936833,-1.0,92.20682151990565,92.15204649928374,elbow,-1,1,0
39.80592723400014,1787214015.5405512,363.7663793563843,11.875322859265351,-1.0,92.19576438561248,92.13114329983208,elbow,0,1,0
39.82094202300004,1787214015.555555,363.78276014328003,11.331930986092162,-1.0,92.18766456801144,92.1403268949648,elbow,0,1,0
39.835895703000006,1787214015.5705106,363.79771995544434,10.380772041820956,-1.0,92.17956521674502,92.13223026909255,elbow,0,1,0
39.850745460000326,1787214015.585356,363.81264328956604,9.064824829933215,-1.0,92.1740831160496,92.14204413651814,elbow,0,1,0
39.86556234599993,1787214015.600159,363.8274919986725,7.4293121676060885,-1.0,92.16867715152729,92.13708313377732,elbow,0,1,0
39.88027960599993,1787214015.6148736,363.84224462509155,5.542958339948623,-1.0,92.16261507878893,92.12718657515983,elbow,0,1,0
39.89498168099999,1787214015.62956,363.856981754303,3.4638617196800463,0.0,92.15584070488381,92.11624930754485,elbow,0,0,0
39.909627036000074,1787214015.6442106,363.8716368675232,1.2714107257769895,0.0,92.15028327727808,92.11780406553055,elbow,0,0,0
39.9242242979999,1787214015.6587982,363.88629031181335,-0.9586587470708727,0.0,92.14699327622915,92.12776556004494,elbow,0,0,0
39.938946317000045,1787214015.6735382,363.90089416503906,-3.1747854759645646,0.0,92.14721205805056,92.14849068219253,elbow,0,0,0
39.95382124000025,1787214015.6884146,363.915664434433,-5.301020444473513,0.0,92.15187910985249,92.1791547082886,elbow,0,0,0
39.9685434070002,1787214015.7031214,363.93053936958313,-7.218833168216711,0.0,92.15927117939975,92.20247256844353,elbow,0,0,0
39.98316598400015,1787214015.717744,363.9451937675476,-8.872748658411945,0.0,92.16860736454672,92.22317072655785,elbow,0,0,0
39.99784333700018,1787214015.7324266,363.95987153053284,-10.223066962835254,-2.0,92.17762889267931,92.23035330823488,elbow,-1,2,0
40.012459859000046,1787214015.7470386,363.9744975566864,-11.212094166306768,-3.0,92.18903273215776,92.25568006315912,elbow,-2,3,0
40.027037029999974,1787214015.7616136,363.9891092777252,-11.810253289422747,-4.0,92.20322078751255,92.28613988009393,elbow,-3,4,0
40.041597292999995,1787214015.7761714,364.0036723613739,-11.999606042546922,-6.0,92.21979711846609,92.31667398330939,elbow,-4,6,0
40.05614190899996,1787214015.7907152,364.0182275772095,-11.774571537311168,-7.0,92.2343122161055,92.31914263823819,elbow,-5,7,0
40.07071187700012,1787214015.8052914,364.03277039527893,-11.141472457622855,-7.0,92.24523458877266,92.30906808869558,elbow,-5,7,0
40.08554283700005,1787214015.8201404,364.04741406440735,-10.100276416812124,-8.0,92.24900393446403,92.27103307915914,elbow,-6,8,0
40.100328577000255,1787214015.8349729,364.0623047351837,-8.700441560767917,-8.0,92.24937370452757,92.25153474755754,elbow,-6,8,0
40.11520566600029,1787214015.8498127,364.0770707130432,-6.977636919163498,-8.0,92.24998261790601,92.25354128352569,elbow,-6,8,0
40.130047367000316,1787214015.8646584,364.09192991256714,-5.006448085211849,-7.0,92.24980888101251,92.24879351243686,elbow,-5,7,0
40.14498714000001,1787214015.8795874,364.1068329811096,-2.8393164757792255,-7.0,92.24910304472411,92.24497793363014,elbow,-5,7,0
40.15986574699991,1787214015.8944688,364.1217007637024,-0.5769774156761752,-6.0,92.24783418786843,92.2404186219958,elbow,-4,6,0
40.17478807599991,1787214015.9093976,364.13661313056946,1.7137578477153137,-5.0,92.24698364379307,92.24201281860489,elbow,-3,5,0
40.18968075700013,1787214015.9242787,364.1515610218048,3.9383545788042245,-4.0,92.24632165925289,92.24245283043861,elbow,-3,4,0
40.20520318199988,1787214015.9398046,364.1669588088989,6.104002525908863,-3.0,92.24448704992018,92.23376506319927,elbow,-2,3,0
40.21999403300015,1787214015.9545877,364.18194365501404,7.9446445535779375,-3.0,92.23964655774954,92.21135732371431,elbow,-2,3,0
40.238095781000084,1787214015.9726927,364.2000381946564,9.803240431972114,-2.0,92.23189607816524,92.18660003736684,elbow,-1,2,0
40.25304796099999,1787214015.9876437,364.2149577140808,10.944427818051029,-2.0,92.22366000468581,92.1755260129393,elbow,-1,2,0
40.267703167000036,1787214016.0022843,364.2297568321228,11.672446189504077,-2.0,92.21614773896786,92.17224388879352,elbow,-1,2,0
40.28237891800018,1787214016.0169659,364.24435544013977,11.987600118834044,-1.0,92.21116252019111,92.18202746207697,elbow,-1,1,0
40.29709770399995,1787214016.0316856,364.2591116428375,11.876013632988043,-1.0,92.20939483520738,92.19906397370765,elbow,0,1,0
40.31176421500004,1787214016.0463517,364.2737693786621,11.342329369288084,-1.0,92.2114718449037,92.22361048934754,elbow,0,1,0
40.32638385600012,1787214016.0609648,364.288437128067,10.409044218572324,-1.0,92.21951988704727,92.26655496936922,elbow,0,1,0
40.34096255400027,1787214016.0755403,364.3030321598053,9.111799213760843,-1.0,92.22737874366125,92.27330817111715,elbow,0,1,0
40.355717265000294,1787214016.090311,364.3176164627075,7.472488087804871,-1.0,92.23571042001021,92.2844031425336,elbow,0,1,0
40.37038062800002,1787214016.1049583,364.33242440223694,5.575860376826867,-1.0,92.24299886944718,92.285594672644,elbow,0,1,0
40.38570480699991,1787214016.1203039,364.3474385738373,3.3820288691303455,0.0,92.24988480224086,92.2901281819395,elbow,0,0,0
40.400658940000085,1787214016.1352563,364.36256432533264,1.1128401475176208,0.0,92.25690479184286,92.29793163824091,elbow,0,0,0
40.41538398600005,1787214016.1499777,364.3773558139801,-1.1631174512811444,0.0,92.26417478944298,92.30666275477695,elbow,0,0,0
40.430075274000046,1787214016.1646624,364.39206194877625,-3.3929782486614286,0.0,92.27197786775467,92.31758131070494,elbow,0,0,0
40.444957334000264,1787214016.1795645,364.40674448013306,-5.52820838247764,0.0,92.27972869717847,92.3250267825399,elbow,0,0,0
40.45977380400018,1787214016.1943655,364.4217038154602,-7.452712092238125,0.0,92.28977020189768,92.34845565516436,elbow,0,0,0
40.47450594200018,1787214016.2090988,364.43645691871643,-9.097230402258385,0.0,92.29845973837534,92.34924389883024,elbow,0,0,0
40.489337763000094,1787214016.2239218,364.45126128196716,-10.421343309251123,-2.0,92.30575722028753,92.34840581187787,elbow,-1,2,0
40.503917665000245,1787214016.2384944,364.46599221229553,-11.351459513543695,-3.0,92.31076142919699,92.34000747113038,elbow,-2,3,0
40.518601564000164,1787214016.2531893,364.4805631637573,-11.881936327393078,-4.0,92.31635329435868,92.34903376912774,elbow,-3,4,0
40.5333852560002,1787214016.2679832,364.49527168273926,-11.984492567990536,-6.0,92.32173442472867,92.35318330452118,elbow,-4,6,0
40.548088099000324,1787214016.2826672,364.5101251602173,-11.652912925750673,-7.0,92.3265283902451,92.35454570907758,elbow,-5,7,0
40.562869884000065,1787214016.2974641,364.52475905418396,-10.895339677454619,-7.0,92.33106435219668,92.35757382369248,elbow,-5,7,0
40.57769616900032,1787214016.3122926,364.53961086273193,-9.735574078545554,-8.0,92.33714490856588,92.37268143587109,elbow,-6,8,0
40.59261324699992,1787214016.3272138,364.55447721481323,-8.20719521638007,-8.0,92.3444964672076,92.38746109882113,elbow,-6,8,0
40.60765459999993,1787214016.3422697,364.56931138038635,-6.356261746563251,-7.0,92.35247090522046,92.39907582374778,elbow,-5,7,0
40.6235598950002,1787214016.3581734,364.58540534973145,-4.137948946589212,-7.0,92.35899767705925,92.39714201642252,elbow,-5,7,0
40.64269935099992,1787214016.3773081,364.60449028015137,-1.2440164024787912,-6.0,92.36330291959317,92.38846400018726,elbow,-4,6,0
40.6578038130001,1787214016.3924134,364.61962032318115,1.1036362784270688,-5.0,92.36578081230114,92.38026233282818,elbow,-3,5,0
40.67276331700032,1787214016.4073746,364.6345672607422,3.3881897489562554,-4.0,92.36638376142682,92.369907570231,elbow,-3,4,0
40.688361156000155,1787214016.4230042,364.65023016929626,5.6341735010938425,-3.0,92.3649035012635,92.35625243341401,elbow,-2,3,0
40.70305751700016,1787214016.4376345,364.66515946388245,7.5418179655994315,-3.0,92.36464454695917,92.36313114322637,elbow,-2,3,0
40.71769141699997,1787214016.4522707,364.67975521087646,9.169785175013402,-2.0,92.36564406934117,92.37148556677391,elbow,-1,2,0
40.73254257100007,1787214016.4671235,364.6945872306824,10.484221849461353,-2.0,92.36780831205844,92.380456771467,elbow,-1,2,0
40.74724730300022,1787214016.4818327,364.7092273235321,11.402468979344352,-2.0,92.37060702897851,92.38696353884554,elbow,-1,2,0
40.76204240300012,1787214016.496632,364.7240090370178,11.907132313422723,-1.0,92.375157190407,92.40174964774623,elbow,-1,1,0
40.776913593000245,1787214016.5115085,364.7387981414795,11.971465320986328,-1.0,92.38128930674559,92.41712716540088,elbow,0,1,0
40.79163860200015,1787214016.5262213,364.75368547439575,11.594805402452476,-1.0,92.39055578090769,92.44471173179281,elbow,0,1,0
40.80593015900013,1787214016.5404584,364.76832342147827,10.822738590833922,-1.0,92.40060881572673,92.45936165422634,elbow,0,1,0
40.820059220000076,1787214016.554587,364.7824671268463,9.691672124228797,-1.0,92.40707253689868,92.44484838995776,elbow,0,1,0
40.834164781000254,1787214016.5686922,364.7965612411499,8.235557484571121,-1.0,92.40888201839041,92.41945715075249,elbow,0,1,0
40.84827341600021,1787214016.5828385,364.81068897247314,6.5011357560797105,-1.0,92.40674380061844,92.39424743850546,elbow,0,1,0
40.862450697999975,1787214016.5969775,364.824844121933,4.536967857346809,0.0,92.4029946184517,92.3810833152171,elbow,0,0,0
40.876575887999934,1787214016.6111,364.838978767395,2.425550695959245,0.0,92.40259722559883,92.40027474701142,elbow,0,0,0
40.89076404000025,1787214016.6252933,364.85311245918274,0.2214939391576623,0.0,92.4052038805079,92.42043792452084,elbow,0,0,0
40.90489276700009,1787214016.6394188,364.8672959804535,-1.9816731831859125,0.0,92.41067458425324,92.44264695671743,elbow,0,0,0
40.91913347300033,1787214016.653673,364.8814251422882,-4.134833751502012,-1.0,92.41709530046171,92.45461982009567,elbow,0,1,0
40.933502508999936,1787214016.668043,364.89572262763977,-6.163438655155332,-2.0,92.42452988797157,92.46797976426669,elbow,-1,2,0
40.94781941700012,1787214016.6823597,364.9100852012634,-7.970177478169019,-3.0,92.431426064175,92.47172930931818,elbow,-2,3,0
40.96201129100018,1787214016.6965392,364.92441487312317,-9.487482005808412,-4.0,92.43688414334149,92.46878273412123,elbow,-2,4,0
40.97636843800001,1787214016.7109392,364.93855118751526,-10.691637634182293,-5.0,92.44239138078056,92.47457726670069,elbow,-3,5,0
40.99069214200017,1787214016.7252285,364.95301938056946,-11.519158090693486,-6.0,92.4472809032114,92.47585668424561,elbow,-4,6,0
41.00486573900025,1787214016.7393937,364.9672610759735,-11.941632048871401,-7.0,92.45180536670017,92.47824763785891,elbow,-5,7,0
41.01899970700015,1787214016.7535298,364.9814043045044,-11.955397617054226,-8.0,92.45498557791613,92.47357165061254,elbow,-6,8,0
41.03331424399994,1787214016.7678876,364.9955632686615,-11.553696909607638,-8.0,92.45541743995258,92.45794136640248,elbow,-6,8,0
41.047851849999915,1787214016.782396,365.00997138023376,-10.731716606493217,-9.0,92.45209699539399,92.43269135854801,elbow,-6,9,0
41.06208772299988,1787214016.7966206,365.02446579933167,-9.550492771989864,-9.0,92.44480419082433,92.40218293497448,elbow,-7,9,0
41.07626509700003,1787214016.8108013,365.03860807418823,-8.044549707605697,-9.0,92.43544413140577,92.38074124125724,elbow,-6,9,0
41.090532932000315,1787214016.8250663,365.05288648605347,-6.249132355796082,-8.0,92.42696556909236,92.37741440257643,elbow,-6,8,0
41.10468710300029,1787214016.8392148,365.06707096099854,-4.251911252609684,-8.0,92.42181645250035,92.39172352822506,elbow,-6,8,0
41.11902858500025,1787214016.8535626,365.08136463165283,-2.0789759737042517,-7.0,92.421945694349,92.42270102103372,elbow,-5,7,0
41.1331870150002,1787214016.8677146,365.0955843925476,0.13920638471709662,-6.0,92.42596847977595,92.44947879947162,elbow,-4,6,0
41.14734881499999,1787214016.8818765,365.1097538471222,2.3538374387469956,-5.0,92.43239606308049,92.46996071600694,elbow,-3,5,0
41.16163283500009,1787214016.896175,365.12389850616455,4.505944930285985,-4.0,92.44161753098591,92.49551045231054,elbow,-3,4,0
41.17605361100004,1787214016.910597,365.1382429599762,6.518837486773041,-4.0,92.45504643610653,92.53352883549941,elbow,-2,4,0
41.19033737100017,1787214016.9248767,365.1526312828064,8.283622882633333,-3.0,92.47198810876223,92.57100013601276,elbow,-2,3,0
41.204531708000104,1787214016.9390624,365.1669020652771,9.749889952245084,-3.0,92.4886900649906,92.58630112021685,elbow,-2,3,0
41.218671046000054,1787214016.9532,365.18107175827026,10.874639020262848,-2.0,92.50408022674922,92.59402477628703,elbow,-1,2,0
41.2327942740003,1787214016.9673207,365.1952030658722,11.62442944210612,-2.0,92.51860390046205,92.60348444364432,elbow,-1,2,0
41.24696246300027,1787214016.9814937,365.20932483673096,11.975045323922497,-2.0,92.53023488948172,92.59820974799591,elbow,-1,2,0
41.26110446800021,1787214016.9956307,365.22351145744324,11.911449630920549,-1.0,92.53863301362743,92.58771407626315,elbow,-1,1,0
41.27518781100025,1787214017.0097132,365.23760533332825,11.439263990667783,-1.0,92.54580541896964,92.58772302696654,elbow,0,1,0
41.28929886200012,1787214017.0238276,365.2517056465149,10.572799287701415,-1.0,92.550647213595,92.57894405955176,elbow,0,1,0
41.30340646800005,1787214017.0379307,365.26582860946655,9.342377117423498,-1.0,92.55686439208583,92.59319937852227,elbow,0,1,0
41.31770306999988,1787214017.0522447,365.27995014190674,7.767095732221405,-1.0,92.56441793226483,92.6085630023084,elbow,0,1,0
41.33205913300026,1787214017.0665996,365.29432463645935,5.908279784741876,-1.0,92.57231422540116,92.61846244270421,elbow,0,1,0
41.34622620100026,1787214017.0807528,365.3086175918579,3.8662353657383806,0.0,92.58181132883162,92.6373151437599,elbow,0,0,0
41.360522914000285,1787214017.0950618,365.3227696418762,1.668693903489943,0.0,92.59161483001783,92.64890932190934,elbow,0,0,0
41.374707425999986,1787214017.109232,365.33710384368896,-0.5709833071367383,0.0,92.60064192387382,92.65339886712411,elbow,0,0,0
41.38884518000032,1787214017.1233742,365.35123777389526,-2.78423919916522,0.0,92.60840343448942,92.65376394382015,elbow,0,0,0
41.403088819999994,1787214017.1376324,365.36539816856384,-4.9168494020191975,0.0,92.61342337525002,92.6427613586644,elbow,0,0,0
41.41777535600022,1787214017.1523173,365.38006615638733,-6.934174770687088,0.0,92.61580970733719,92.62975612115629,elbow,0,0,0
41.432326099999955,1787214017.1668746,365.39450454711914,-8.677234926158903,0.0,92.61739034759356,92.62662806569355,elbow,0,0,0
41.446743403000255,1787214017.1812897,365.4090185165405,-10.089730952672912,-2.0,92.6167971443026,92.61333029297079,elbow,-1,2,0
41.46105907800029,1787214017.1955976,365.42333698272705,-11.13146152645816,-3.0,92.61444850548838,92.60072238204113,elbow,-2,3,0
41.47524681200002,1787214017.2097754,365.4376232624054,-11.772069181426692,-4.0,92.61040039847498,92.58674209211584,elbow,-3,4,0
41.489408121,1787214017.223941,365.45176577568054,-11.999623735022503,-5.0,92.6046651730049,92.57114685919541,elbow,-4,5,0
41.503525968000304,1787214017.23805,365.4659330844879,-11.808557516971392,-6.0,92.60046771512262,92.57593655915767,elbow,-5,6,0
41.51765914799989,1787214017.2521896,365.48002672195435,-11.205581522362948,-7.0,92.59899774251922,92.59040679814062,elbow,-5,7,0
41.531797605000065,1787214017.2663257,365.49418020248413,-10.21088202334565,-8.0,92.599944741296,92.60547927561261,elbow,-6,8,0
41.54591554400031,1787214017.2804418,365.5083224773407,-8.86119355509372,-8.0,92.60216806667766,92.61516182223828,elbow,-6,8,0
41.560162481000134,1787214017.294702,365.522433757782,-7.185655531909248,-8.0,92.60098540965863,92.59407362052328,elbow,-6,8,0
41.57433543700017,1787214017.3088622,365.53672981262207,-5.264826424803072,-7.0,92.59323636323222,92.54794869822238,elbow,-5,7,0
41.58847222800023,1787214017.3230023,365.5508460998535,-3.1636697179494155,-7.0,92.58218123544111,92.51757187623812,elbow,-5,7,0
41.60260098200024,1787214017.3371253,365.564989566803,-0.9522848220762763,-6.0,92.56975015655053,92.49709934178853,elbow,-4,6,0
41.61691186100006,1787214017.3514504,365.5791029930115,1.3219736672354143,-5.0,92.55974354927139,92.50126204672185,elbow,-3,5,0
41.63110081800005,1787214017.3656285,365.5934827327728,3.5308981491898623,-4.0,92.55154820786933,92.5036522661451,elbow,-3,4,0
41.6452660519999,1787214017.3797936,365.6076683998108,5.612341047283408,-4.0,92.54563008713562,92.51104288059072,elbow,-2,4,0
41.659348751999914,1787214017.3938735,365.6217713356018,7.486260449775583,-3.0,92.54139608968852,92.5166513859553,elbow,-2,3,0
41.67341530300018,1787214017.4079385,365.63584423065186,9.097991040294419,-3.0,92.53981160955993,92.53055145013784,elbow,-2,3,0
41.68751133600017,1787214017.4220388,365.64990758895874,10.39578399999612,-2.0,92.54161254897733,92.55213775899024,elbow,-1,2,0
41.701619331000074,1787214017.436144,365.6640281677246,11.330881204962946,-2.0,92.54465899352451,92.56246329518069,elbow,-1,2,0
41.715853768000215,1787214017.4503915,365.6781394481659,11.871851689985558,-2.0,92.54856123639217,92.57136707056239,elbow,-1,2,0
41.73014477700008,1787214017.4646823,365.69242906570435,11.98850027820217,-1.0,92.55241590532712,92.57494370369656,elbow,-1,1,0
41.74448110000003,1787214017.4790194,365.7067093849182,11.67155458536239,-1.0,92.55928311601467,92.59941707831862,elbow,0,1,0
41.75879697900018,1787214017.4933376,365.72106170654297,10.932380716451444,-1.0,92.56717059965014,92.61326733168622,elbow,0,1,0
41.77296247300001,1787214017.5074902,365.73536562919617,9.811038882409534,-1.0,92.57288888055871,92.60630816545766,elbow,0,1,0
41.78749475399991,1787214017.5220373,365.74947118759155,8.299086135890274,-1.0,92.57706981206773,92.60150438313501,elbow,0,1,0
41.801818707000166,1787214017.5363564,365.7641513347626,6.504673081438489,-1.0,92.58253276661304,92.61445985051444,elbow,0,1,0
41.816118031000315,1787214017.5506582,365.7783784866333,4.477121218825703,0.0,92.58915835129164,92.62788018142496,elbow,0,0,0
41.83045600200012,1787214017.5649972,365.79269766807556,2.280713617749004,0.0,92.59456187289244,92.6261416135036,elbow,0,0,0
41.84467043900031,1787214017.5791974,365.8070273399353,0.020273756652158734,0.0,92.59706647758063,92.61170411063367,elbow,0,0,0
41.858836711000095,1787214017.5933726,365.8211874961853,-2.23404040169269,0.0,92.59891148305657,92.60969422784062,elbow,0,0,0
41.873132998000074,1787214017.6076698,365.8354034423828,-4.428866903569534,-1.0,92.60112452270099,92.61405816544288,elbow,0,1,0
41.887344380000286,1787214017.6218722,365.8496963977814,-6.452202236924519,-2.0,92.6047046323924,92.62562782725814,elbow,-1,2,0
41.901540947000285,1787214017.6360705,365.86392164230347,-8.242909952997142,-3.0,92.60995599308856,92.64064646143359,elbow,-2,3,0
41.91569986700006,1787214017.6502292,365.87806272506714,-9.735274849709654,-4.0,92.61494380094526,92.6440939903902,elbow,-2,4,0
41.92981802800023,1787214017.664343,365.89222502708435,-10.878110010784077,-5.0,92.61815974483001,92.63695464956139,elbow,-3,5,0
41.9440456870002,1787214017.6785834,365.90632581710815,-11.639558897721363,-6.0,92.62012894289414,92.63163750502665,elbow,-4,6,0
41.95836947399994,1787214017.6929104,365.9206051826477,-11.98235829410756,-7.0,92.62127375128948,92.6279643421384,elbow,-5,7,0
41.97259018800014,1787214017.7071207,365.9349443912506,-11.889295262242229,-8.0,92.62149179803123,92.6227661261554,elbow,-6,8,0
41.98670138700027,1787214017.721228,365.9491090774536,-11.37294284573314,-8.0,92.6202991709776,92.61332911408101,elbow,-6,8,0
42.00083551099988,1787214017.7353597,365.9632501602173,-10.450381020344196,-8.0,92.61785336990623,92.60355940217056,elbow,-6,8,0
42.01490298899989,1787214017.749426,365.97733187675476,-9.161557208380696,-8.0,92.61702248598208,92.61216656039484,elbow,-6,8,0
42.02899885500028,1787214017.7635238,365.9913966655731,-7.544739738635763,-8.0,92.61775422727095,92.62203073466826,elbow,-6,8,0
42.04309518400032,1787214017.7776206,366.00550293922424,-5.6592460054473,-8.0,92.62020818904378,92.63454985027528,elbow,-6,8,0
42.05718366100018,1787214017.7917066,366.01959896087646,-3.5731213799491295,-7.0,92.62464568167196,92.65057967000678,elbow,-5,7,0
42.07128904499996,1787214017.8058167,366.0336797237396,-1.356637665571797,-6.0,92.62864396009094,92.65201105375523,elbow,-5,6,0
42.08554337000032,1787214017.8200803,366.04780864715576,0.9328063358713345,-6.0,92.63173694444764,92.64981323819,elbow,-4,6,0
42.099920655000005,1787214017.8344595,366.0621826648712,3.2080755155689924,-5.0,92.637024324075,92.66792529745513,elbow,-3,5,0
42.11414061000005,1787214017.8486714,366.0764925479889,5.342442874560874,-4.0,92.643910837972,92.68415761380624,elbow,-3,4,0
42.128323530000216,1787214017.8628585,366.0906732082367,7.278813752224277,-3.0,92.65153747470781,92.69610974213751,elbow,-2,3,0
42.14259426200033,1787214017.8771307,366.10491585731506,8.962190434299192,-3.0,92.65765983329003,92.6934406647994,elbow,-2,3,0
42.15670697900032,1787214017.8912315,366.1191210746765,10.30500394087369,-2.0,92.66272192333604,92.69230623934577,elbow,-1,2,0
42.17084975099988,1787214017.9053798,366.1332046985626,11.28071313247796,-2.0,92.6665652009256,92.68902642498314,elbow,-1,2,0
42.18507287300008,1787214017.919611,366.14737462997437,11.852648773551216,-2.0,92.66774315916055,92.67462748724486,elbow,-1,2,0
42.199398363,1787214017.933939,366.16168689727783,11.99236048738381,-1.0,92.66934843092693,92.67873010268438,elbow,-1,1,0
42.213711094000246,1787214017.9482508,366.1759774684906,11.689085925721363,-1.0,92.67060939862853,92.67797885800655,elbow,-1,1,0
42.227897569000106,1787214017.9624262,366.19027757644653,10.96222938881359,-1.0,92.67366273339049,92.69150730345149,elbow,0,1,0
42.242103098999905,1787214017.9766371,366.2044162750244,9.835275647176628,-1.0,92.67977227145315,92.71547817614403,elbow,0,1,0
42.256359516999964,1787214017.9909182,366.21866106987,8.343694599470926,-1.0,92.68641252742793,92.72522010085275,elbow,0,1,0
42.27051549299995,1787214018.0050433,366.23292326927185,6.5588485072493,-1.0,92.69338715475776,92.73414889093794,elbow,0,1,0
42.28462688500031,1787214018.0191534,366.2470190525055,4.54248387059278,-1.0,92.69935916764688,92.73426133551034,elbow,0,1,0
42.29872731500018,1787214018.03325,366.2611472606659,2.363577503780295,0.0,92.70708608562673,92.75224442560479,elbow,0,0,0
42.31289368700027,1787214018.047423,366.2752249240875,0.08825060770355872,0.0,92.714298079248,92.75644705257972,elbow,0,0,0
42.32717585299997,1787214018.061715,366.28944420814514,-2.209418674072513,0.0,92.71727126193863,92.7346474001494,elbow,0,0,0
42.34134839200033,1787214018.075875,366.3037419319153,-4.40963803059295,-1.0,92.71394951798591,92.69453628710544,elbow,0,1,0
42.35560737300011,1787214018.0901458,366.3178803920746,-6.46170359275405,-2.0,92.7084041951466,92.67599572714953,elbow,-1,2,0
42.36977948599997,1787214018.1043065,366.3321740627289,-8.265801517308743,-3.0,92.70319113664245,92.67272451736805,elbow,-2,3,0
42.383893378000266,1787214018.1184185,366.346289396286,-9.76349587586115,-4.0,92.70102670182806,92.68837711974841,elbow,-2,4,0
42.39798640000026,1787214018.1325107,366.3604018688202,-10.906818566353738,-5.0,92.70251679012627,92.7112252964342,elbow,-3,5,0
42.41205905200013,1787214018.14658,366.37448239326477,-11.655809935453401,-6.0,92.70631522739609,92.7285143916765,elbow,-4,6,0
42.42612409399999,1787214018.1606476,366.3885474205017,-11.98496652257067,-7.0,92.7101312214613,92.73243299272383,elbow,-5,7,0
42.44019620900008,1787214018.1747217,366.40261793136597,-11.882391191721393,-8.0,92.7138859221366,92.73582947712877,elbow,-6,8,0
42.45428806400014,1787214018.188811,366.4166932106018,-11.350064983568503,-8.0,92.718732209307,92.74705531099436,elbow,-6,8,0
42.46837705000007,1787214018.2029202,366.4307849407196,-10.406923898096764,-8.0,92.72337706346983,92.75052293249293,elbow,-6,8,0
42.482483053000124,1787214018.217007,366.44489908218384,-9.084860642811481,-8.0,92.72881415562783,92.7605900922695,elbow,-6,8,0
42.49657996399992,1787214018.2311044,366.4589891433716,-7.433589815605738,-8.0,92.73466458972203,92.76885621599972,elbow,-6,8,0
42.51081366800008,1787214018.2453518,366.4730932712555,-5.492249375276488,-8.0,92.73875393293002,92.76265323551812,elbow,-6,8,0
42.52511649999997,1787214018.2596555,366.48739528656006,-3.3361591954686567,-7.0,92.74189933364033,92.76028196368947,elbow,-5,7,0
42.539281872000174,1787214018.2738082,366.50167989730835,-1.0768453589895746,-6.0,92.74482863359383,92.76194830841669,elbow,-4,6,0
42.55349900300007,1787214018.2880342,366.5157959461212,1.2310890943064365,-5.0,92.74908497810564,92.77396028453825,elbow,-4,5,0
42.56764776399996,1787214018.3021736,366.5300545692444,3.4835472214248844,-4.0,92.75519802941437,92.79092446652976,elbow,-3,4,0
42.58189176399992,1787214018.3164346,366.544148683548,5.622635609380305,-4.0,92.76204083411102,92.8020321607565,elbow,-3,4,0
42.596349593000014,1787214018.3309383,366.5585262775421,7.580272786911051,-3.0,92.76857042876058,92.80673126544515,elbow,-2,3,0
42.61072870099997,1787214018.345267,366.5730097293854,9.23971778061183,-3.0,92.77627721186091,92.82131787778879,elbow,-2,3,0
42.62498277500026,1787214018.3595235,366.5872848033905,10.539306944928367,-2.0,92.78259348994419,92.81950764301594,elbow,-1,2,0
42.639321162000215,1787214018.3738594,366.6016254425049,11.450096488944078,-2.0,92.78790848084485,92.8189708224794,elbow,-1,2,0
42.65353003300015,1787214018.3880587,366.6159212589264,11.926206560530487,-2.0,92.79112083114116,92.80989473390387,elbow,-1,2,0
42.667737386000226,1787214018.4022722,366.6300461292267,11.95964650402341,-1.0,92.79339471279211,92.80668393378956,elbow,-1,1,0
42.681893387999935,1787214018.4164193,366.6442837715149,11.551100730006407,-1.0,92.79377307484617,92.79598433194978,elbow,0,1,0
42.69605644500007,1787214018.4305832,366.65845918655396,10.715635627060747,-1.0,92.79273824260063,92.78669038412899,elbow,0,1,0
42.710206263000146,1787214018.4447396,366.6725594997406,9.48514783200715,-1.0,92.79005575395294,92.77437851567302,elbow,0,1,0
42.72434908000014,1787214018.4588764,366.68674087524414,7.904966184613967,-1.0,92.78607302181615,92.76279678511429,elbow,0,1,0
42.73860411700025,1787214018.47314,366.7008864879608,6.016715367765499,-1.0,92.77883681544371,92.73654633580222,elbow,0,1,0
42.75287091300015,1787214018.4874094,366.7151548862457,3.9003410352267682,-1.0,92.76867347435763,92.70927597418023,elbow,0,1,0
42.767154893000225,1787214018.50169,366.7294354438782,1.6338668740587838,0.0,92.75807475678799,92.69613279071694,elbow,0,0,0
42.78133948699997,1787214018.5158677,366.7437148094177,-0.678722959504655,0.0,92.7475278878525,92.68588894017172,elbow,0,0,0
42.79551810000021,1787214018.5300424,366.7579219341278,-2.9658280198411875,0.0,92.73870153257263,92.6871177635285,elbow,0,0,0
42.80959716000007,1787214018.5441196,366.77202010154724,-5.128577641214406,0.0,92.73050500059377,92.68260210079488,elbow,0,0,0
42.82367047900016,1787214018.558194,366.7860884666443,-7.1029581232845125,0.0,92.7241448117286,92.68697403136743,elbow,0,0,0
42.83788447899997,1787214018.5724206,366.80017471313477,-8.832832880608112,0.0,92.7188439100341,92.68786390978883,elbow,0,0,0
42.85201705600002,1787214018.5865407,366.81442189216614,-10.225362150610009,0.0,92.71536491854252,92.69503268763656,elbow,0,0,0
42.866094559999965,1787214018.6006215,366.828515291214,-11.236199847982354,-2.0,92.71223618445339,92.69395095895123,elbow,-1,2,0
42.880202397000176,1787214018.6147273,366.84259486198425,-11.834720511333,-3.0,92.71128058053264,92.70569575526989,elbow,-2,3,0
42.894430156,1787214018.6289668,366.8567113876343,-11.995268073544537,-5.0,92.71081953768932,92.70812507017752,elbow,-3,5,0
42.90864152800032,1787214018.6431713,366.87099528312683,-11.705063908177014,-6.0,92.71042359684766,92.70810960423307,elbow,-4,6,0
42.92288491699992,1787214018.6574223,366.8851888179779,-10.972905908212034,-6.0,92.70907168335968,92.70117071054358,elbow,-5,6,0
42.9370089009999,1787214018.6715338,366.8994183540344,-9.837398659670809,-7.0,92.7070517411798,92.69524661578141,elbow,-5,7,0
42.951239272000294,1787214018.6857748,366.9135308265686,-8.323459144951698,-7.0,92.7047851586061,92.69153859552388,elbow,-5,7,0
42.96538833000022,1787214018.6999128,366.9277939796448,-6.506139715826899,-7.0,92.7018250857169,92.68452556497151,elbow,-5,7,0
42.97950357400032,1787214018.714029,366.9418911933899,-4.450510007283136,-7.0,92.69816517944425,92.6767756303149,elbow,-5,7,0
42.99361400299995,1787214018.7281382,366.95600986480713,-2.2295519159202435,-6.0,92.6943914794454,92.67233688691992,elbow,-4,6,0
43.00785785500011,1787214018.742402,366.97012209892273,0.09689971360736643,-5.0,92.69174125685116,92.67625259070505,elbow,-4,5,0
43.02221979700016,1787214018.7567642,366.98447275161743,2.4394071207997152,-4.0,92.68995015543057,92.67948244151185,elbow,-3,4,0
43.03702582100004,1787214018.7715695,366.99926948547363,4.755696016628392,-4.0,92.68891853038734,92.68288941573212,elbow,-2,4,0
43.05133956000009,1787214018.7858818,367.0136139392853,6.811265270595221,-3.0,92.68801847309311,92.68275827835589,elbow,-2,3,0
43.065552542000205,1787214018.8000827,367.0279133319855,8.594700878045762,-3.0,92.68730717860608,92.68315016822315,elbow,-2,3,0
43.07974871000033,1787214018.8142822,367.04206895828247,10.051969079710027,-2.0,92.68556230386226,92.67536475199145,elbow,-1,2,0
43.093906137999966,1787214018.8284376,367.0562722682953,11.127611132568825,-2.0,92.68293674555181,92.66759222460256,elbow,-1,2,0
43.108036918999915,1787214018.8425636,367.0704302787781,11.784457891427085,-2.0,92.67603056849556,92.63566887548056,elbow,-1,2,0
43.1222114760003,1787214018.8567455,367.0845489501953,11.999868551196633,-1.0,92.6629928014156,92.58679632568138,elbow,-1,1,0
43.136346423000305,1787214018.8708723,367.0987477302551,11.763891149588579,-1.0,92.64651572992939,92.55021896607636,elbow,0,1,0
43.1506375150002,1787214018.885178,367.11290550231934,11.076319493145673,-1.0,92.63024057278783,92.5351238546717,elbow,0,1,0
43.16498569700025,1787214018.89953,367.1272015571594,9.957974155537924,-1.0,92.61680622519778,92.53829201844191,elbow,0,1,0
43.17935043500029,1787214018.9138918,367.14160227775574,8.45167728700936,-1.0,92.60585385533712,92.5418450431531,elbow,0,1,0
43.193534678000105,1787214018.9280624,367.15592432022095,6.641438430395617,-1.0,92.60008892634374,92.56639701656665,elbow,0,1,0
43.20765938400018,1787214018.9421868,367.17004919052124,4.588010882075932,-1.0,92.59757963953317,92.5829146428048,elbow,0,1,0
43.22174337000024,1787214018.9562647,367.1841685771942,2.368001316205579,0.0,92.59565768861486,92.58442525244615,elbow,0,0,0
43.23585457600029,1787214018.9703782,367.19823479652405,0.05422020407516347,0.0,92.59582540482542,92.59680558679136,elbow,0,0,0
43.25002546699989,1787214018.9845495,367.21243262290955,-2.2719899537417727,0.0,92.59627483289263,92.59890142029886,elbow,0,0,0
43.26410161900003,1787214018.9986243,367.2265257835388,-4.498252324412729,-1.0,92.59732793525095,92.6034825695375,elbow,0,1,0
43.27816399600033,1787214019.0126853,367.24059677124023,-6.5548674204287725,-2.0,92.59961672976108,92.61299310581401,elbow,-1,2,0
43.29224928600024,1787214019.0267723,367.25465393066406,-8.369727268125022,-3.0,92.60050083666877,92.60566781274106,elbow,-2,3,0
43.30648366500009,1787214019.0410228,367.2687437534332,-9.884968673635523,-4.0,92.59992461967487,92.59655704116815,elbow,-3,4,0
43.320830152000326,1787214019.0553691,367.2830572128296,-11.028841215624444,-5.0,92.59998743708618,92.6003545601777,elbow,-3,5,0
43.33502436500021,1787214019.0695515,367.29740166664124,-11.737884699196252,-6.0,92.60517611950277,92.63550027788226,elbow,-4,6,0
43.349145320999924,1787214019.0836728,367.3115429878235,-11.998711352858617,-7.0,92.6138540806584,92.66457059158866,elbow,-5,7,0
43.36340790200029,1787214019.0979488,367.325679063797,-11.801591160046947,-8.0,92.62297498617198,92.67628019183925,elbow,-6,8,0
43.37758015300005,1787214019.1121066,367.33997440338135,-11.154332534354417,-8.0,92.63095140795585,92.6775679202139,elbow,-6,8,0
43.39181017999999,1787214019.126349,367.3540859222412,-10.076220354926999,-8.0,92.63914855137416,92.68705502460176,elbow,-6,8,0
43.40598663400033,1787214019.1405144,367.3683726787567,-8.616247848322494,-9.0,92.64876087723732,92.70493808533516,elbow,-6,9,0
43.42027277100033,1787214019.1548135,367.38253259658813,-6.811610982156948,-8.0,92.6595405841315,92.72254030407952,elbow,-6,8,0
43.43463277699993,1787214019.1691775,367.3968880176544,-4.7306709460745955,-8.0,92.67005798016402,92.7315246796888,elbow,-6,8,0
43.44898513399994,1787214019.1835291,367.41122174263,-2.4646216094528075,-7.0,92.68204113691485,92.75207416534552,elbow,-5,7,0
43.463195995000206,1787214019.1977277,367.42556500434875,-0.12463753871397217,-6.0,92.69354078102444,92.76074802195573,elbow,-4,6,0
43.47741267099991,1787214019.2119465,367.43973994255066,2.221813917218474,-5.0,92.70378506331714,92.76365560727942,elbow,-3,5,0
43.491673234000245,1787214019.2262118,367.45396161079407,4.4900958189386975,-4.0,92.71325029054093,92.76856781171254,elbow,-3,4,0
43.50587868799994,1787214019.2404099,367.4682331085205,6.577156196620827,-4.0,92.72060057094181,92.76355773214668,elbow,-2,4,0
43.52004121600021,1787214019.2545724,367.4824023246765,8.40630515794642,-3.0,92.7251901698096,92.7520131109324,elbow,-2,3,0
43.534145579000324,1787214019.268672,367.49655842781067,9.908358438112753,-3.0,92.7302410527476,92.75975987118193,elbow,-2,3,0
43.54825020199996,1787214019.2827773,367.51066160202026,11.033979007059552,-2.0,92.73346342558294,92.752295902958,elbow,-1,2,0
43.56250687700003,1787214019.2970462,367.5247747898102,11.745151992719965,-2.0,92.73524135714378,92.74563210259899,elbow,-1,2,0
43.5768553820003,1787214019.3113961,367.53910541534424,11.999654187840903,-2.0,92.73576928993471,92.73885468161619,elbow,-1,2,0
43.59106348400019,1787214019.3255916,367.5534327030182,11.785425791011013,-1.0,92.7362695776901,92.73919340380081,elbow,-1,1,0
43.60516286600023,1787214019.3396873,367.5675802230835,11.121897630871521,-1.0,92.73682173990224,92.740048735318,elbow,0,1,0
43.61924245199998,1787214019.3537662,367.5816640853882,10.035888196823247,-1.0,92.73852077127832,92.74845040126979,elbow,0,1,0
43.633622994000234,1787214019.3681684,367.5957384109497,8.532537867809863,-1.0,92.74102644181724,92.75567030400977,elbow,0,1,0
43.64789868700018,1787214019.3824284,367.61026263237,6.704380095880114,-1.0,92.74388528477736,92.76059318858503,elbow,0,1,0
43.662002049999955,1787214019.39653,367.62441205978394,4.639613306271343,-1.0,92.74656593946885,92.76223245957918,elbow,0,1,0
43.67608804300016,1787214019.410615,367.6385042667389,2.3996041077318253,-1.0,92.7488886914551,92.76246352480435,elbow,0,1,0
43.69020042500006,1787214019.4247262,367.65259075164795,0.06290488197830818,0.0,92.75090265245059,92.76267282208023,elbow,0,0,0
43.70449321000024,1787214019.439032,367.6667528152466,-2.306456855258596,0.0,92.75247331082207,92.7616526919044,elbow,0,0,0
43.718865456,1787214019.4534073,367.68106150627136,-4.598038009153868,-1.0,92.7551608821286,92.77086782493461,elbow,0,1,0
43.73308250199989,1787214019.467613,367.6954462528229,-6.685771334662956,-2.0,92.75796551103906,92.77435657228503,elbow,-1,2,0
43.74742982199996,1787214019.4819686,367.7096836566925,-8.528817731997641,-3.0,92.7616505672531,92.78318709990243,elbow,-2,3,0
43.761612054000125,1787214019.496139,367.72400307655334,-10.018477931712008,-4.0,92.7652535571092,92.78631047026445,elbow,-3,4,0
43.77596435600026,1787214019.5105069,367.7381520271301,-11.130101238434117,-5.0,92.76904061441874,92.7911732709251,elbow,-4,5,0
43.79056515299999,1787214019.525101,367.7528762817383,-11.80656931081644,-6.0,92.77464870944405,92.8074240362228,elbow,-4,6,0
43.80485010400025,1787214019.5393927,367.7671241760254,-11.997791882753493,-7.0,92.77987640440617,92.81042856336741,elbow,-5,7,0
43.819162444000085,1787214019.5537047,367.78143286705017,-11.714412042998262,-8.0,92.78528538351006,92.81689701934533,elbow,-6,8,0
43.83345467400022,1787214019.5679922,367.79573822021484,-10.967771225755488,-8.0,92.79101197744791,92.82447984609053,elbow,-6,8,0
43.84771694100027,1787214019.5822515,367.81005573272705,-9.789818618131614,-9.0,92.79704079521824,92.83227494721109,elbow,-6,9,0
43.861877303000256,1787214019.5964065,367.82425928115845,-8.237922063262658,-8.0,92.79862445201809,92.80787979966938,elbow,-6,8,0
43.87598009200019,1787214019.6105075,367.83839440345764,-6.373330704525518,-8.0,92.79592562960781,92.78015293210254,elbow,-6,8,0
43.89009882500022,1787214019.6246257,367.85248589515686,-4.259658637115744,-7.0,92.79156368931098,92.76607125061778,elbow,-5,7,0
43.904189966000104,1787214019.6387148,367.86661076545715,-1.9850042816993017,-7.0,92.78901557635733,92.77412366843703,elbow,-5,7,0
43.918331107000085,1787214019.6528618,367.88069105148315,0.37530522239275405,-6.0,92.78818013131718,92.7832975492509,elbow,-4,6,0
43.932636483999886,1787214019.6671777,367.89487409591675,2.748546396677714,-5.0,92.79056068472636,92.80447332628258,elbow,-3,5,0
43.94685158499988,1787214019.6813807,367.90924406051636,4.999331243708464,-4.0,92.79567691551594,92.8255776456654,elbow,-3,4,0
43.960944003999884,1787214019.6954691,367.92336344718933,7.037483512723013,-3.0,92.80258195006985,92.84293696597123,elbow,-2,3,0
43.97532489800005,1787214019.7098672,367.93749833106995,8.836812511530105,-3.0,92.81045620850159,92.85647564862808,elbow,-2,3,0
43.989517647999946,1787214019.7240462,367.95190477371216,10.264186956394488,-2.0,92.8191827193196,92.8701829684965,elbow,-1,2,0
44.003611512000134,1787214019.7381365,367.9660322666168,11.283108273624018,-2.0,92.82768455794633,92.87737175795874,elbow,-1,2,0
44.01773322700001,1787214019.7522607,367.9801094532013,11.86563005288747,-2.0,92.83620633745137,92.88601007771503,elbow,-1,2,0
44.03182929400009,1787214019.766354,367.9942445755005,11.986448864882288,-2.0,92.84369705580491,92.88747497695941,elbow,-1,2,0
44.04597428600027,1787214019.7805,368.0083703994751,11.639923187762431,-1.0,92.84959107143531,92.88403740079559,elbow,-1,1,0
44.06008172300017,1787214019.7946057,368.0224804878235,10.840659961153731,-1.0,92.85412621768923,92.88063092201226,elbow,0,1,0
44.074326657000256,1787214019.8088646,368.0366005897522,9.605223404944226,-1.0,92.85757960682504,92.87776221017073,elbow,0,1,0
44.08863953400032,1787214019.8231785,368.0509021282196,7.979353742326708,-1.0,92.86311782479542,92.89548476988683,elbow,0,1,0
44.10330947700004,1787214019.8378496,368.06545662879944,5.980812396146689,-1.0,92.86996236410641,92.90996382833895,elbow,0,1,0
44.11754459700023,1787214019.852076,368.07989048957825,3.7989246656644777,-1.0,92.87654836488163,92.91503885525293,elbow,0,1,0
44.132010340000306,1787214019.866549,368.0941138267517,1.426857434618652,0.0,92.88135858655593,92.90947091106933,elbow,0,0,0
44.148022327000035,1787214019.8825626,368.11032032966614,-1.2637808890735625,0.0,92.88335357114646,92.89501283718566,elbow,0,0,0
44.16247247799993,1787214019.8970084,368.1247646808624,-3.6419305274074705,0.0,92.8854843363066,92.89793714320406,elbow,0,0,0
44.17682040999989,1787214019.911363,368.1390402317047,-5.856372595709862,0.0,92.88656096173436,92.89285307163154,elbow,0,0,0
44.19105051099996,1787214019.9255848,368.1533999443054,-7.819406261255544,0.0,92.88738278992618,92.89218579119867,elbow,0,0,0
44.205232484000135,1787214019.9397635,368.16758370399475,-9.466539124751037,0.0,92.88714460571397,92.88575258839732,elbow,0,0,0
44.21933818100024,1787214019.9538634,368.181752204895,-10.733602760140366,0.0,92.88515947206191,92.87355777775184,elbow,0,0,0
44.233600299000045,1787214019.9681416,368.1958587169647,-11.587238756173047,-2.0,92.88414378087592,92.87820778828362,elbow,-1,2,0
44.24780467900018,1787214019.9823318,368.2102048397064,-11.975983851239311,-3.0,92.88315480525297,92.87737494612573,elbow,-2,3,0
44.26189050600033,1787214019.996414,368.2243084907532,-11.891007484872564,-5.0,92.88290806168892,92.88146602104842,elbow,-3,5,0
44.27616423900008,1787214020.0107017,368.23840618133545,-11.329981190497996,-6.0,92.88207575496591,92.8772115141312,elbow,-4,6,0
44.29055308500028,1787214020.0250995,368.25272727012634,-10.303031536798212,-6.0,92.8819046215237,92.88090446826918,elbow,-5,6,0
44.30489278499999,1787214020.0394297,368.2671627998352,-8.859937978430175,-7.0,92.88210369266191,92.88326712187941,elbow,-5,7,0
44.31907013599994,1787214020.0535984,368.28143787384033,-7.078420617398078,-7.0,92.88206785614808,92.88185841721273,elbow,-5,7,0
44.33318808100012,1787214020.0677128,368.29558992385864,-5.024032850676633,-6.0,92.88189567657052,92.88088940939895,elbow,-5,6,0
44.3472723230002,1787214020.0817952,368.3096981048584,-2.7763503292961236,-6.0,92.88131333124709,92.87790993701293,elbow,-4,6,0
44.361347195000235,1787214020.095872,368.3237669467926,-0.4204922856430619,-5.0,92.88218120282315,92.88725329492911,elbow,-4,5,0
44.37543636300006,1787214020.10996,368.33784437179565,1.9549678218878237,-4.0,92.88395598919432,92.89432835325292,elbow,-3,4,0
44.38952728999993,1787214020.124053,368.3519365787506,4.254457501440317,-4.0,92.88772376360876,92.90974372530778,elbow,-2,4,0
44.40364332700028,1787214020.1381662,368.3660624027252,6.39060947486487,-3.0,92.89273133273656,92.92199701275628,elbow,-2,3,0
44.4181174119999,1787214020.1526587,368.3801395893097,8.318387452442328,-3.0,92.89862110070494,92.93304260550181,elbow,-2,3,0
44.43249901800027,1787214020.1670403,368.39468598365784,9.89171960531913,-2.0,92.9050299376794,92.94248503163941,elbow,-1,2,0
44.44687914299993,1787214020.181419,368.4091520309448,11.058760659057974,-2.0,92.9103610094541,92.94151733236032,elbow,-1,2,0
44.46117351000021,1787214020.1957128,368.42342257499695,11.768483069910143,-2.0,92.9154722663566,92.94534392767356,elbow,-1,2,0
44.47535393499993,1787214020.209881,368.4377410411835,11.999919721815623,-1.0,92.91916225310325,92.94072760120899,elbow,-1,1,0
44.48967889400001,1787214020.2242193,368.45188546180725,11.745862958740883,-1.0,92.92155894678493,92.93556591675441,elbow,0,1,0
44.503940502000205,1787214020.2384765,368.46627044677734,11.015705211885525,-1.0,92.92366992327787,92.93600707948978,elbow,0,1,0
44.51812679700015,1787214020.2526596,368.4804792404175,9.84589472494497,-1.0,92.92706747872711,92.9469237738853,elbow,0,1,0
44.53238912799998,1787214020.2669554,368.494686126709,8.271029384015037,-1.0,92.93278510667923,92.96620057551216,elbow,0,1,0
44.54695674799996,1787214020.281498,368.50921154022217,6.315771717180251,-1.0,92.93926870286546,92.97716071124727,elbow,0,1,0
44.56126598500032,1787214020.2958062,368.523549079895,4.133457291242001,-1.0,92.94478863432457,92.9770487077634,elbow,0,1,0
44.575467149999895,1787214020.309997,368.53781723976135,1.7994808257752641,0.0,92.95027530733384,92.98234100878786,elbow,0,0,0
44.58962611300012,1787214020.3241568,368.5519905090332,-0.6006152093143996,0.0,92.95766647385022,93.00086258532076,elbow,0,0,0
44.6037290029999,1787214020.3382535,368.56614565849304,-2.9680917370554614,0.0,92.96548308289712,93.01116560337117,elbow,0,0,0
44.61782468899992,1787214020.3523502,368.580224275589,-5.216950500216313,0.0,92.96901746403846,92.98967340805243,elbow,0,0,0
44.63191000500001,1787214020.3664339,368.59432792663574,-7.257367792350825,0.0,92.96617254756559,92.94954603417095,elbow,0,0,0
44.64599732100032,1787214020.380521,368.608416557312,-9.00992476838022,0.0,92.95853399737517,92.91389210427647,elbow,0,0,0
44.66033176100018,1787214020.3948677,368.622576713562,-10.425183147650356,0.0,92.95026707839128,92.90195281660935,elbow,0,0,0
44.674529408000126,1787214020.4090583,368.63692712783813,-11.403660601706772,-2.0,92.94492222012192,92.91368532495993,elbow,-1,2,0
44.68874972100002,1787214020.4232907,368.65104508399963,-11.92116614271446,-3.0,92.9427052413777,92.92974857739893,elbow,-2,3,0
44.70289327699993,1787214020.4374185,368.66529417037964,-11.955468980762571,-5.0,92.94134448175544,92.93339180957608,elbow,-3,5,0
44.717038481000145,1787214020.4515688,368.679399728775,-11.508741351605527,-6.0,92.94236417730156,92.94832357253075,elbow,-4,6,0
44.731183221000265,1787214020.4657087,368.69356751441956,-10.598541289822233,-6.0,92.94535309770407,92.96282121164755,elbow,-5,6,0
44.74547231099996,1787214020.480009,368.7077558040619,-9.245431753375208,-7.0,92.94745861143046,92.95976384165712,elbow,-5,7,0
44.75963373600007,1787214020.4941604,368.7220346927643,-7.528597904367338,-7.0,92.94849974510096,92.95458443091977,elbow,-5,7,0
44.773726589000034,1787214020.5082517,368.7361376285553,-5.517280839194119,-7.0,92.95030108506822,92.96082863601023,elbow,-5,7,0
44.7878505890003,1787214020.5223734,368.7502689361572,-3.279211696517392,-6.0,92.95317874974563,92.96999665310427,elbow,-5,6,0
44.80194062800001,1787214020.5364642,368.76434803009033,-0.9142270294520385,-5.0,92.95818564001037,92.98744735255829,elbow,-4,5,0
44.81600657400031,1787214020.5505285,368.7784357070923,1.4840304003681677,-5.0,92.96493114915567,93.00435385250302,elbow,-3,5,0
44.83024351599988,1787214020.5647833,368.792521238327,3.8513530318699187,-4.0,92.97024468839686,93.00129854611423,elbow,-3,4,0
44.84471465700017,1787214020.5792553,368.8068103790283,6.096070270643414,-3.0,92.97275495986031,92.98742571118433,elbow,-2,3,0
44.858889897000154,1787214020.5934162,368.8212921619415,8.045750416871897,-3.0,92.97559972813507,92.99222537541712,elbow,-2,3,0
44.87314202400012,1787214020.6076813,368.83540630340576,9.676508688893403,-2.0,92.98127924990318,93.01447201519284,elbow,-1,2,0
44.88729169099997,1787214020.621819,368.8496859073639,10.902309252836677,-2.0,92.98673672714513,93.01863180010398,elbow,-1,2,0
44.9015305769999,1787214020.6360707,368.86381912231445,11.689508141007032,-2.0,92.99172858761915,93.02090246173002,elbow,-1,2,0
44.915861962000236,1787214020.6504047,368.87812304496765,11.996681664366735,-1.0,92.99545132765383,93.01720809543296,elbow,-1,1,0
44.930386417000136,1787214020.6649306,368.8924562931061,11.797964451438542,-1.0,93.00021933557454,93.02808495072196,elbow,-1,1,0
44.944671765000294,1787214020.679209,368.90696954727173,11.109433174347153,-1.0,93.00719158638138,93.04793943347498,elbow,0,1,0
44.958815117000086,1787214020.6933413,368.9212176799774,9.973638075814456,-1.0,93.01394990735302,93.05344748671321,elbow,0,1,0
44.97298778300001,1787214020.7075236,368.93532371520996,8.428320379755222,-1.0,93.01959790672714,93.05260644604351,elbow,0,1,0
44.98712430200021,1787214020.7216525,368.94951915740967,6.543351997283564,-1.0,93.0242936248574,93.05173675759421,elbow,0,1,0
45.00123572800021,1787214020.7357635,368.96364283561707,4.395661707752566,-1.0,93.02896410176061,93.05625971747759,elbow,0,1,0
45.01533771100003,1787214020.7498593,368.977742433548,2.0706522742144164,0.0,93.03357049622416,93.0604915956587,elbow,0,0,0
45.029406564000055,1787214020.763927,368.9918301105499,-0.3332799530846615,0.0,93.03687439715569,93.0561833482678,elbow,0,0,0
45.043653932000325,1787214020.7781932,369.00591802597046,-2.7543084529838637,0.0,93.03792498959704,93.04406495520418,elbow,0,0,0
45.057827246000215,1787214020.792355,369.02022075653076,-5.05045534640261,-1.0,93.0380245639351,93.03860650512078,elbow,0,1,0
45.07208133599988,1787214020.8066204,369.03435945510864,-7.151304441622509,-2.0,93.03750101149356,93.03444121983891,elbow,-1,2,0
45.086265280000134,1787214020.8207943,369.04863452911377,-8.94794620957683,-3.0,93.03765070354392,93.03852554711284,elbow,-2,3,0
45.10045025999989,1787214020.834977,369.0628352165222,-10.377250046824754,-4.0,93.0378063447929,93.0387159571965,elbow,-3,4,0
45.11461501900021,1787214020.849147,369.0769591331482,-11.378819389278817,-5.0,93.03886774554132,93.04507087801602,elbow,-4,5,0
45.12874011200029,1787214020.8632662,369.09114241600037,-11.912643329996037,-6.0,93.0393173613419,93.0419450459161,elbow,-4,6,0
45.14285253900016,1787214020.8773801,369.1052420139313,-11.960097542562012,-7.0,93.04022633261118,93.04553862319271,elbow,-5,7,0
45.15696866899998,1787214020.8914952,369.11936259269714,-11.519325612094867,-8.0,93.04129489315233,93.04753986952322,elbow,-6,8,0
45.17109998400019,1787214020.9056308,369.13347029685974,-10.606600313159358,-8.0,93.04261790148965,93.0503499442584,elbow,-6,8,0
45.18533826000021,1787214020.919877,369.1476230621338,-9.247376026029364,-8.0,93.04567161515915,93.06351839966531,elbow,-6,8,0
45.199611257000015,1787214020.9341486,369.1618995666504,-7.498290479280319,-8.0,93.04837181934967,93.06415259237764,elbow,-6,8,0
45.213746405000165,1787214020.948271,369.1761567592621,-5.456135017687683,-8.0,93.0501114098531,93.06027807909707,elbow,-6,8,0
45.22799643999997,1787214020.962535,369.1902701854706,-3.170247868776649,-7.0,93.05026967394579,93.05119461500541,elbow,-5,7,0
45.24220140100033,1787214020.9767323,369.2045714855194,-0.7590666026215898,-6.0,93.04729310305075,93.0298971631951,elbow,-4,6,0
45.25648949100014,1787214020.991028,369.21874356269836,1.698535893864351,-5.0,93.04243541229451,93.0140456647586,elbow,-4,5,0
45.27065719500024,1787214021.0051847,369.2330548763275,4.065951445383199,-4.0,93.03730070959608,93.00729202427722,elbow,-3,4,0
45.28490209000029,1787214021.0194423,369.24719285964966,6.277299909555245,-4.0,93.03344943710115,93.01094148850801,elbow,-2,4,0
45.29922250100026,1787214021.0337617,369.26150727272034,8.23624650787989,-3.0,93.03142267550061,93.01957769543857,elbow,-2,3,0
45.315814197000236,1787214021.050358,369.27805280685425,10.066276644683386,-3.0,93.0328534749604,93.04121548017575,elbow,-2,3,0
45.330256309000106,1787214021.0647988,369.2925453186035,11.197613911537786,-2.0,93.03702097354659,93.06137703873371,elbow,-1,2,0
45.344456204999915,1787214021.078989,369.3068006038666,11.840295619574318,-2.0,93.04205349398214,93.07146499664954,elbow,-1,2,0
45.35864973000025,1787214021.0931833,369.3209900856018,11.98988035991915,-2.0,93.05015765775374,93.09752073107619,elbow,-1,2,0
45.372797534000256,1787214021.1073272,369.3351893424988,11.642012407391002,-1.0,93.06026794598557,93.11935538996254,elbow,-1,1,0
45.386977707999904,1787214021.1215045,369.34937739372253,10.809508436682805,-1.0,93.07017025369049,93.1280421994097,elbow,0,1,0
45.40110149400016,1787214021.135629,369.3634874820709,9.532746397730122,-1.0,93.07741263980384,93.11973923563566,elbow,0,1,0
45.41519661400025,1787214021.149722,369.37760400772095,7.8654657061595845,-1.0,93.07880292092318,93.08692812525645,elbow,0,1,0
45.42949435900027,1787214021.1640375,369.3917031288147,5.843209874724742,-1.0,93.07282219994813,93.0378691395158,elbow,0,1,0
45.44370327300021,1787214021.1782331,369.4060802459717,3.5873358903941193,-1.0,93.06486092652844,93.01833294568499,elbow,0,1,0
45.45797192700002,1787214021.192511,369.42023730278015,1.1702170425747664,-1.0,93.05977827834631,93.03007381465255,elbow,0,1,0
45.47215354500031,1787214021.206686,369.4345381259918,-1.2820900334457574,-1.0,93.05732857689362,93.04301181420324,elbow,0,1,0
45.486268350000046,1787214021.2207932,369.4486722946167,-3.670527918576135,-1.0,93.05693287021124,93.05462024609106,elbow,0,1,0
45.50037750599995,1787214021.234925,369.46278285980225,-5.906797241281167,-2.0,93.05775839780317,93.06258301943816,elbow,-1,2,0
45.51453432900007,1787214021.2490618,369.47690749168396,-7.90536111223938,-3.0,93.0604671695498,93.07629801384968,elbow,-2,3,0
45.52865006000002,1787214021.2631748,369.49105310440063,-9.570475986092294,-4.0,93.06438616037231,93.08728987442697,elbow,-3,4,0
45.54273047600009,1787214021.2772563,369.5051462650299,-10.836328490948373,-5.0,93.06802655981248,93.08930210537984,elbow,-3,5,0
45.55681692999997,1787214021.29134,369.51923274993896,-11.655131342264365,-6.0,93.0698173998783,93.0802835863643,elbow,-4,6,0
45.57088601300029,1787214021.3054082,369.5333125591278,-11.991872037090097,-7.0,93.06963771327244,93.06858757285961,elbow,-5,7,0
45.585136315,1787214021.319676,369.5473792552948,-11.828251471577481,-8.0,93.07077262156974,93.07740535338695,elbow,-6,8,0
45.59949970700018,1787214021.3340402,369.56175923347473,-11.15600362166206,-8.0,93.07161199055912,93.07651750531781,elbow,-6,8,0
45.61369828800025,1787214021.3482256,369.5760762691498,-10.018688476056447,-8.0,93.07189920276956,93.07357775386573,elbow,-6,8,0
45.62778222299994,1787214021.3623042,369.5902056694031,-8.473069165149207,-8.0,93.07314520001619,93.08042716773242,elbow,-6,8,0
45.64199663699992,1787214021.376534,369.6042754650116,-6.556550620168972,-8.0,93.07572135653794,93.09077715916834,elbow,-6,8,0
45.65615671900014,1787214021.390683,369.6185636520386,-4.371097751114201,-8.0,93.08050940422812,93.10849213757513,elbow,-6,8,0
45.67024265400005,1787214021.4047666,369.63265895843506,-2.0142351049695497,-7.0,93.08401158511158,93.10447934152006,elbow,-5,7,0
45.684476085999904,1787214021.4190147,369.64674735069275,0.45268607908324876,-6.0,93.08655121588652,93.10139355150493,elbow,-4,6,0
45.69877792300031,1787214021.433319,369.66104674339294,2.9126632189142247,-5.0,93.08680462684124,93.08828563363825,elbow,-3,5,0
45.71312307500011,1787214021.4476674,369.6753647327423,5.255207889998216,-4.0,93.08789427241177,93.09426247578311,elbow,-3,4,0
45.72732443299992,1787214021.461855,369.68970561027527,7.351742891214722,-3.0,93.08951613414087,93.09899476243102,elbow,-2,3,0
45.74157904999993,1787214021.4761248,369.7038416862488,9.143577283065191,-3.0,93.09071687049389,93.09773432047787,elbow,-2,3,0
45.755842091999966,1787214021.490377,369.7181661128998,10.546300952501586,-3.0,93.0918521726208,93.09848720609197,elbow,-2,3,0
45.76997926700005,1787214021.504506,369.732385635376,11.492121416919,-2.0,93.09275221786643,93.09801234218816,elbow,-1,2,0
45.78408220200026,1787214021.518608,369.74648904800415,11.954554288254563,-2.0,93.09181331636216,93.08632610484442,elbow,-1,2,0
45.79857722099996,1787214021.5331616,369.7606077194214,11.908423932730487,-2.0,93.0908274894238,93.08506603211852,elbow,-1,2,0
45.8131718300001,1787214021.5477512,369.77524161338806,11.32971785001834,-1.0,93.08717913987373,93.06585713156841,elbow,-1,1,0
45.827920361999986,1787214021.5625174,369.7898299694061,10.228374617173063,-1.0,93.08126747320655,93.04671798609029,elbow,0,1,0
45.84273828100004,1787214021.577334,369.80465745925903,8.649305359822952,-1.0,93.07307721682523,93.02521099343056,elbow,0,1,0
45.8573961850002,1787214021.5919797,369.81945276260376,6.692403964592524,-1.0,93.06339103653976,93.00678220187102,elbow,0,1,0
45.87200431200017,1787214021.606587,369.83404541015625,4.439502846881509,-1.0,93.05283816757155,92.991164153967,elbow,0,1,0
45.88669517900007,1787214021.6212764,369.8487493991852,1.9715771440992103,-1.0,93.04324170109498,92.98715717983217,elbow,0,1,0
45.90129962099991,1787214021.6358893,369.8633522987366,-0.5719209739790594,-1.0,93.03458208391514,92.9839727804765,elbow,0,1,0
45.91594743299993,1787214021.6505277,369.8779616355896,-3.0977148260880103,-1.0,93.02772603529186,92.98765730731475,elbow,0,1,0
45.93052598700024,1787214021.6651008,369.8926076889038,-5.472863525007752,-2.0,93.02211101724137,92.98929523030432,elbow,-1,2,0
45.945189131999996,1787214021.6797657,369.90725326538086,-7.613905551502851,-3.0,93.01786930488974,92.99307951302656,elbow,-2,3,0
45.95973685300032,1787214021.694311,369.92182517051697,-9.39625121485037,-4.0,93.01413693413988,92.99232388168019,elbow,-2,4,0
45.974402572000145,1787214021.7089965,369.9363625049591,-10.766731617488471,-5.0,93.01008721196041,92.98641946610435,elbow,-3,5,0
45.989204769000025,1787214021.7237885,369.95112895965576,-11.652205260542546,-6.0,93.0047278201256,92.97340598661016,elbow,-4,6,0
46.00404687299988,1787214021.7386491,369.96589183807373,-11.99634043650118,-7.0,92.99953151560346,92.96916281143815,elbow,-5,7,0
46.01883205200011,1787214021.753426,369.98076915740967,-11.781352194693369,-8.0,92.99322202018585,92.95634750697091,elbow,-6,8,0
46.03370174800011,1787214021.7683089,369.9955258369446,-11.013219899280106,-8.0,92.98707261692267,92.95113372848807,elbow,-6,8,0
46.04861775800009,1787214021.7832139,370.0105438232422,-9.72240817315532,-8.0,92.98274146962392,92.95742899410361,elbow,-6,8,0
46.06331708700009,1787214021.7979083,370.025306224823,-7.999437182832794,-8.0,92.98150364706991,92.974269454618,elbow,-6,8,0
46.0785756260002,1787214021.813202,370.0399897098541,-5.822410035235415,-8.0,92.98225405770611,92.9866396741603,elbow,-6,8,0
46.093612207000206,1787214021.8282254,370.0553915500641,-3.3934234280785285,-7.0,92.98418733158698,92.99548594241868,elbow,-5,7,0
46.10860230800017,1787214021.8432176,370.070392370224,-0.8083303377460073,-6.0,92.98744250648734,93.00646668860263,elbow,-4,6,0
46.12359050100031,1787214021.858205,370.08536863327026,1.815954678035645,-5.0,92.99351132794385,93.02897927303059,elbow,-4,5,0
46.1390176660002,1787214021.873626,370.10088419914246,4.425771717699451,-4.0,93.00146864263948,93.0479734875563,elbow,-3,4,0
46.1538778070003,1787214021.8884835,370.11575841903687,6.729298016506647,-4.0,93.00783142505809,93.04501736289454,elbow,-2,4,0
46.16869378199999,1787214021.9032898,370.1306128501892,8.710697940743,-3.0,93.00860032392451,93.01309399093496,elbow,-2,3,0
46.18359964299998,1787214021.918211,370.14540100097656,10.292044261382488,-3.0,93.00438216846572,92.97973004988684,elbow,-2,3,0
46.198345360000076,1787214021.9329324,370.1603536605835,11.375778573435651,-2.0,92.99852509303477,92.96429465286732,elbow,-1,2,0
46.212945433000186,1787214021.9475272,370.1750068664551,11.927578991685102,-2.0,92.99530924070146,92.97651487102316,elbow,-1,2,0
46.22750917200028,1787214021.9620883,370.18958950042725,11.935591694928831,-2.0,92.99597965020047,92.99989771690694,elbow,-1,2,0
46.24225442600027,1787214021.9768472,370.2041685581207,11.390987660004413,-1.0,92.9985971947735,93.01389488112721,elbow,-1,1,0
46.25732904300003,1787214021.9919248,370.21893763542175,10.285348444468575,-1.0,93.00267178989178,93.02648490038473,elbow,0,1,0
46.272134021000056,1787214022.00673,370.23405838012695,8.710661821714627,-1.0,93.00981943127482,93.05159231154333,elbow,0,1,0
46.286821303000124,1787214022.0214038,370.2488739490509,6.742738749861852,-1.0,93.02010758721146,93.08023454141828,elbow,0,1,0
46.30152712200015,1787214022.0361207,370.2634963989258,4.4586936638040395,-1.0,93.03289219377285,93.1076091263314,elbow,0,1,0
46.316340308000235,1787214022.0510013,370.27821373939514,1.9479978858125795,-1.0,93.04616253432235,93.12371823657287,elbow,0,1,0
46.33117977200027,1787214022.0657778,370.29312205314636,-0.6600248556710722,-1.0,93.05769402724742,93.12508740185336,elbow,0,1,0
46.34591222000017,1787214022.0804977,370.3078908920288,-3.219367903440274,-1.0,93.0689123083182,93.13447518240143,elbow,0,1,0
46.36065437100024,1787214022.0952468,370.32257866859436,-5.630503441300815,-2.0,93.07973797289593,93.14300628281772,elbow,-1,2,0
46.37537187499993,1787214022.1099665,370.33734703063965,-7.775349438450368,-3.0,93.08992062153008,93.1494309605938,elbow,-2,3,0
46.39021224699991,1787214022.1248145,370.3520884513855,-9.570784044182417,-4.0,93.10061751462507,93.16313324681643,elbow,-3,4,0
46.40515606000008,1787214022.1397607,370.36701488494873,-10.919591361368703,-5.0,93.11102701439006,93.1718631369702,elbow,-3,5,0
46.419883045000006,1787214022.154469,370.3818736076355,-11.734451655738066,-6.0,93.12143378693959,93.18225397088506,elbow,-4,6,0
46.434731083000315,1787214022.1693358,370.39654994010925,-11.999624442749717,-7.0,93.12858152935108,93.170355000059,elbow,-5,7,0
46.4497180809999,1787214022.1843157,370.4116795063019,-11.687533750565581,-8.0,93.1329652514777,93.15858498947405,elbow,-6,8,0
46.46473674500021,1787214022.1993475,370.4264090061188,-10.805206634149965,-8.0,93.13651433368388,93.15725619496601,elbow,-6,8,0
46.480474357000276,1787214022.215085,370.44227957725525,-9.315568294070506,-8.0,93.13979599256412,93.15897495470557,elbow,-6,8,0
46.49926844099991,1787214022.2338662,370.4611930847168,-6.890332940286234,-8.0,93.14068175305728,93.14585839316054,elbow,-6,8,0
46.51584010900024,1787214022.2504456,370.4760036468506,-4.307520230026251,-7.0,93.14194707755628,93.14934199931653,elbow,-5,7,0
46.530800663000264,1787214022.2654014,370.4926438331604,-1.7503247918348297,-7.0,93.14454283621217,93.15971319937496,elbow,-5,7,0
46.54564259000017,1787214022.280234,370.5076127052307,0.8716889314321832,-6.0,93.1491974108682,93.17640008926058,elbow,-4,6,0
46.56032726100011,1787214022.294949,370.52237915992737,3.426098868341668,-5.0,93.15284722775347,93.17417781158944,elbow,-3,5,0
46.574990136,1787214022.3095708,370.5370657444,5.817365302639046,-4.0,93.15433079137574,93.16300116559331,elbow,-3,4,0
46.58961575300009,1787214022.3241982,370.55167961120605,7.932465071002397,-3.0,93.15475721626075,93.15724936642751,elbow,-2,3,0
46.604370589000155,1787214022.3389995,370.56635570526123,9.692589634811071,-3.0,93.15545182649387,93.15951132927903,elbow,-2,3,0
46.619387308000114,1787214022.3540027,370.58115434646606,11.012491311074374,-2.0,93.15705175137612,93.16640217439858,elbow,-1,2,0
46.634321954999905,1787214022.36892,370.59622526168823,11.789305258975116,-2.0,93.15856537238308,93.16741141063649,elbow,-1,2,0
46.64935247099993,1787214022.3839664,370.6111421585083,11.992785821669191,-2.0,93.15953913475448,93.16523008324651,elbow,-1,2,0
46.66419386100006,1787214022.3987892,370.62615990638733,11.614103808704472,-1.0,93.16220264919106,93.17776899670211,elbow,-1,1,0
46.67899104800017,1787214022.4135842,370.64097237586975,10.680734234202205,-1.0,93.16712099779446,93.19586524730529,elbow,0,1,0
46.69372718100021,1787214022.428323,370.6557149887085,9.243441090643888,-1.0,93.17249903548188,93.20392984074431,elbow,0,1,0
46.70852322000019,1787214022.4431021,370.6705267429352,7.358811737844979,-1.0,93.17735105609074,93.20570766564803,elbow,0,1,0
46.72326172300018,1787214022.4578485,370.685271024704,5.130729177825391,-1.0,93.1832210518434,93.21752700210195,elbow,0,1,0
46.73793795000029,1787214022.4725218,370.69998002052307,2.669015796589135,-1.0,93.18860746685617,93.22008723162703,elbow,0,1,0
46.752725673999976,1787214022.487319,370.7146563529968,0.06091764643174864,-1.0,93.19262380404965,93.21609643840691,elbow,0,1,0
46.76745078900012,1787214022.502032,370.72947883605957,-2.539985887668872,-1.0,93.19502750977156,93.2090754601291,elbow,0,1,0
46.782151311000234,1787214022.516731,370.7441477775574,-5.017006669401333,-2.0,93.1978794137013,93.21454676381158,elbow,-1,2,0
46.797059681000064,1787214022.5316532,370.7589359283447,-7.286490564378982,-2.0,93.20170772782812,93.22408150108835,elbow,-1,2,0
46.812345321000066,1787214022.5470247,370.77387714385986,-9.244396350228184,-3.0,93.20669419286013,93.23583653444977,elbow,-2,3,0
46.82724659800033,1787214022.5618398,370.78920817375183,-10.698041774832578,-5.0,93.2130244626181,93.25002038707703,elbow,-3,5,0
46.842172783000024,1787214022.5767784,370.804007768631,-11.631483787364399,-6.0,93.21972850044547,93.2589088334352,elbow,-4,6,0
46.85702472799994,1787214022.591618,370.81898307800293,-11.995353823982146,-7.0,93.22639799802404,93.26537646782553,elbow,-5,7,0
46.87278700600018,1787214022.607402,370.83461356163025,-11.745279332483543,-8.0,93.23227143828889,93.26659751927139,elbow,-6,8,0
46.88782931700007,1787214022.6224458,370.84966254234314,-10.907505933450462,-8.0,93.23925389809743,93.28006140954506,elbow,-6,8,0
46.90785395000012,1787214022.6424773,370.8696291446686,-8.959717638418233,-8.0,93.23976107670155,93.24272517492213,elbow,-6,8,0
46.922750375000305,1787214022.6573436,370.88470673561096,-6.986124883698777,-8.0,93.23565756366597,93.2116754485136,elbow,-6,8,0
46.937586394999926,1787214022.67218,370.8995177745819,-4.6800667397633315,-8.0,93.22785858837908,93.18227912469068,elbow,-6,8,0
46.95243837699991,1787214022.6870332,370.91438341140747,-2.1432430686699013,-7.0,93.22073757288707,93.17912030201458,elbow,-5,7,0
46.967116067000006,1787214022.701698,370.92916989326477,0.4675821786232506,-6.0,93.2166488021823,93.19275284546838,elbow,-4,6,0
46.98176231300022,1787214022.7163417,370.94381380081177,3.0514877326242695,-5.0,93.2171355507486,93.21998024992848,elbow,-3,5,0
46.99660285100026,1787214022.7311883,370.9585814476013,5.5223257522721445,-4.0,93.2207563114601,93.24191708262599,elbow,-3,4,0
47.01130037300027,1787214022.7458951,370.97329807281494,7.705325140642234,-3.0,93.22787266365161,93.2694626808495,elbow,-2,3,0
47.02625905700006,1787214022.7608724,370.98806405067444,9.548978350618828,-3.0,93.23776853437738,93.29560286053164,elbow,-2,3,0
47.0411544640001,1787214022.7757509,371.0030879974365,10.915398705479207,-2.0,93.24712719539758,93.30182191290231,elbow,-1,2,0
47.05611259300031,1787214022.7907238,371.0179326534271,11.747962084624525,-2.0,93.25262407216385,93.2847494073203,elbow,-1,2,0
47.07101631400019,1787214022.8056107,371.0329484939575,11.998253281403889,-2.0,93.2556417051801,93.27327762392953,elbow,-1,2,0
47.085789298000236,1787214022.8203893,371.0477304458618,11.662993369412867,-1.0,93.25845650194212,93.27490698704884,elbow,-1,1,0
47.100645817999975,1787214022.835243,371.06257915496826,10.75602452265763,-1.0,93.25985969471603,93.26806035848703,elbow,0,1,0
47.11549511500016,1787214022.8500843,371.07744455337524,9.322352732188572,-1.0,93.25768096389561,93.24494783182854,elbow,0,1,0
47.13017304499999,1787214022.8647542,371.092218875885,7.455551235856722,-1.0,93.25592528600717,93.24566459743967,elbow,0,1,0
47.14482954999994,1787214022.879409,371.1068687438965,5.234469006580525,-1.0,93.25669636718648,93.26120278826365,elbow,0,1,0
47.15944355600004,1787214022.89402,371.12152123451233,2.7699551301689134,-1.0,93.25962993656618,93.27677456314865,elbow,0,1,0
47.17421646599996,1787214022.9088125,371.1361756324768,0.1444939258673134,-1.0,93.26389367492239,93.28881219311675,elbow,0,1,0
47.18912929899989,1787214022.9237227,371.15106439590454,-2.5133325711836996,-1.0,93.27001788775533,93.30580955604132,elbow,0,1,0
47.20398679900018,1787214022.9385808,371.16590332984924,-5.0383565548310205,-2.0,93.2774036453547,93.32056814555226,elbow,-1,2,0
47.21873080200021,1787214022.9533098,371.18074584007263,-7.299917689847311,-2.0,93.28790453631747,93.3492747754486,elbow,-1,2,0
47.23352808200025,1787214022.9681232,371.1953980922699,-9.21413596302095,-3.0,93.29876132294491,93.36221151911236,elbow,-2,3,0
47.24825591900026,1787214022.982837,371.2103114128113,-10.672718199839338,-5.0,93.30961931157671,93.37307653260477,elbow,-3,5,0
47.26303845800021,1787214022.9976318,371.2249994277954,-11.616941740952521,-6.0,93.31839976941082,93.36971530052816,elbow,-4,6,0
47.27773398599993,1787214023.0123127,371.2398028373718,-11.99340510409325,-7.0,93.32574177905636,93.36865060357869,elbow,-5,7,0
47.292695788999936,1787214023.0272956,371.25456953048706,-11.781559611846284,-8.0,93.3318780256021,93.3677400223807,elbow,-6,8,0
47.30779268200013,1787214023.042389,371.26970648765564,-10.96955370772034,-8.0,93.3364792440805,93.3633700935631,elbow,-6,8,0
47.32282972400026,1787214023.0574298,371.28474140167236,-9.603915984987209,-8.0,93.3395424460586,93.35744468298019,elbow,-6,8,0
47.33801631799997,1787214023.072613,371.29996967315674,-7.730708881658078,-8.0,93.34278217905234,93.36171611420616,elbow,-6,8,0
47.35297884400006,1787214023.0875728,371.31495690345764,-5.493126711682629,-8.0,93.34562913697847,93.36226758121553,elbow,-6,8,0
47.3676389860002,1787214023.1022203,371.32971715927124,-3.031713743106982,-7.0,93.34703405144033,93.35524477725292,elbow,-5,7,0
47.38230346199998,1787214023.1168835,371.34433674812317,-0.4225087020045917,-6.0,93.34722029994181,93.34830878996748,elbow,-4,6,0
47.39768668200031,1787214023.1322691,371.3595607280731,2.3350926181608846,-5.0,93.34792078843279,93.35201464545425,elbow,-4,5,0
47.41230554799995,1787214023.1469097,371.374386548996,4.84358616837036,-4.0,93.35037974940869,93.36475062742655,elbow,-3,4,0
47.42708091000031,1787214023.1616704,371.3890335559845,7.1426782828652104,-4.0,93.35334031273575,93.3706426997417,elbow,-2,4,0
47.44186766100029,1787214023.176455,371.4038472175598,9.092865484235626,-3.0,93.35710342747711,93.37909615670114,elbow,-2,3,0
47.45657791400026,1787214023.1911557,371.41862416267395,10.589451415575772,-3.0,93.35958986335544,93.37412131263702,elbow,-2,3,0
47.471163927999896,1787214023.205736,371.43327617645264,11.564187728498592,-2.0,93.36115580452898,93.37030761694434,elbow,-1,2,0
47.48569133299998,1787214023.220261,371.44783544540405,11.983941845863034,-2.0,93.36116133113782,93.36119363023585,elbow,-1,2,0
47.50022305199991,1787214023.2347932,371.4623713493347,11.833089780561375,-2.0,93.36009658049436,93.35387387026563,elbow,-1,2,0
47.51496328600024,1787214023.2495425,371.4769504070282,11.103884479033773,-1.0,93.35987606026823,93.35858727638706,elbow,-1,1,0
47.52959689199997,1787214023.2641783,371.49165773391724,9.840631211757206,-1.0,93.35959063055043,93.35792249685598,elbow,0,1,0
47.54421349800032,1787214023.2787936,371.5062770843506,8.103043837549544,-1.0,93.35922109702817,93.3570614364138,elbow,0,1,0
47.55887388200017,1787214023.293453,371.52093291282654,5.9666172716052355,-1.0,93.36074588563818,93.36965719058861,elbow,0,1,0
47.5734641920003,1787214023.3080423,371.5355598926544,3.5515337063040127,-1.0,93.36245454347574,93.37244043328789,elbow,0,1,0
47.58804944700023,1787214023.3226283,371.5501403808594,0.9654983716680197,-1.0,93.36524056932406,93.38152290890297,elbow,0,1,0
47.60279955100032,1787214023.337379,371.5648818016052,-1.6973568655281883,-1.0,93.36828937411053,93.38610746968669,elbow,0,1,0
47.61755998800027,1787214023.3521497,371.5794622898102,-4.279041528523514,-1.0,93.37097818192707,93.38669235125457,elbow,-1,1,0
47.63253036500009,1787214023.3671386,371.59428119659424,-6.6816809279947265,-2.0,93.37429305165462,93.39366610757806,elbow,-1,2,0
47.647650998000245,1787214023.3822622,371.60946798324585,-8.763900860282329,-3.0,93.37740083546743,93.39556362150489,elbow,-2,3,0
47.66250972900025,1787214023.3971033,371.6244525909424,-10.368072697476059,-4.0,93.37690024115652,93.37397462344684,elbow,-3,4,0
47.67726070300023,1787214023.4118521,371.6392493247986,-11.44685095340962,-5.0,93.369429245631,93.32576659037878,elbow,-4,5,0
47.69260307200011,1787214023.4272144,371.6543354988098,-11.968047470560158,-6.0,93.35957349262848,93.30197362603376,elbow,-5,6,0
47.70807653100019,1787214023.4426925,371.66944646835327,-11.845042533341815,-7.0,93.35290621612073,93.31394072689844,elbow,-5,7,0
47.72398614800022,1787214023.4585845,371.68590545654297,-11.046096714557528,-8.0,93.34917686713318,93.32738147472497,elbow,-6,8,0
47.742574117000004,1787214023.4771774,371.70444345474243,-9.311618579596718,-8.0,93.34653462108615,93.33109257218531,elbow,-6,8,0
47.75762217800002,1787214023.4922194,371.71955275535583,-7.362901567879785,-8.0,93.34532256314337,93.33823894651954,elbow,-6,8,0
47.77232485600007,1787214023.5069659,371.7343783378601,-5.090319579481012,-7.0,93.34664261240965,93.35435736151273,elbow,-5,7,0
47.787155255000016,1787214023.5217445,371.7491238117218,-2.5433089145799976,-7.0,93.34884023234052,93.36168375782376,elbow,-5,7,0
47.80197298700023,1787214023.536555,371.7639353275299,0.12985711331484723,-6.0,93.3517336439163,93.36864357669634,elbow,-4,6,0
47.81689101300026,1787214023.5514774,371.77880573272705,2.8150181168732304,-5.0,93.35349229628845,93.36377036859774,elbow,-3,5,0
47.831638486999964,1787214023.5662298,371.7936189174652,5.330004114287984,-4.0,93.35553973132866,93.36750553294198,elbow,-3,4,0
47.84653681000009,1787214023.5811307,371.80849599838257,7.6018284333710575,-3.0,93.3569844795268,93.36542800519696,elbow,-2,3,0
47.86139189300002,1787214023.5959904,371.82329058647156,9.483369978593855,-3.0,93.35804252150464,93.36422602435412,elbow,-2,3,0
47.876589949999925,1787214023.6111894,371.838219165802,10.91237299337547,-2.0,93.36038785580584,93.3740946667247,elbow,-1,2,0
47.89138023800024,1787214023.625968,371.85338163375854,11.749530291149249,-2.0,93.36336594201055,93.38077073777346,elbow,-1,2,0
47.90603365900006,1787214023.640614,371.8681013584137,11.998123249039262,-2.0,93.36816736096726,93.39622823985714,elbow,-1,2,0
47.920804391000274,1787214023.65539,371.88274598121643,11.650640012366013,-1.0,93.3734289995284,93.40417953468422,elbow,-1,1,0
47.93552886599991,1787214023.6701117,371.8975467681885,10.723380825236838,-1.0,93.37769486071944,93.40262578537356,elbow,0,1,0
47.95021700799998,1787214023.6847992,371.91227412223816,9.266070095614419,-1.0,93.38268962982387,93.41188050281077,elbow,0,1,0
47.964882002000195,1787214023.6994615,371.92690205574036,7.352248171172466,-1.0,93.38763290306427,93.41652281935131,elbow,0,1,0
47.97951546000013,1787214023.7140946,371.94157218933105,5.079481269031118,-1.0,93.39196510407461,93.41728373778976,elbow,0,1,0
47.99413721500014,1787214023.7287173,371.9562101364136,2.557870552541673,-1.0,93.39475819849372,93.41108184884142,elbow,0,1,0
48.00876928400021,1787214023.7433455,371.9708275794983,-0.09225075615089542,-1.0,93.39371512361728,93.38761909283045,elbow,0,1,0
48.02439894300005,1787214023.7590597,371.9855077266693,-2.9155667817537023,-1.0,93.38903128914485,93.36165760793601,elbow,0,1,0
48.03947561399991,1787214023.7740915,372.00124502182007,-5.486052915131863,-2.0,93.37999075372875,93.32715525411955,elbow,-1,2,0
48.054415751000306,1787214023.7890146,372.01631689071655,-7.750732150919152,-3.0,93.3655246499136,93.2809805618378,elbow,-2,3,0
48.06936238800017,1787214023.8039665,372.03119349479675,-9.617597685298533,-4.0,93.34333804252017,93.2136731020814,elbow,-3,4,0
48.08426435899992,1787214023.8188632,372.0461492538452,-10.985667142609886,-5.0,93.31452087645204,93.14610503641033,elbow,-3,5,0
48.099364788,1787214023.8339748,372.06112790107727,-11.797241947920908,-6.0,93.28165513320234,93.08957823900306,elbow,-4,6,0
48.11788414800003,1787214023.852496,372.07962703704834,-11.94228709582963,-7.0,93.24815144562902,93.05234622058316,elbow,-5,7,0
48.133168407000085,1787214023.8678138,372.09497594833374,-11.348226075500362,-8.0,93.2144910458304,93.01776994928608,elbow,-6,8,0
48.14866160700012,1787214023.8832679,372.1101441383362,-10.119992345596705,-8.0,93.18076697708986,92.98367378086327,elbow,-6,8,0
48.163412877000155,1787214023.8979993,372.12542843818665,-8.42619136644978,-8.0,93.14777084723983,92.95493193609637,elbow,-6,8,0
48.178280589000224,1787214023.9128807,372.14014863967896,-6.288799535683791,-8.0,93.11366023296611,92.91430795302081,elbow,-6,8,0
48.19306593300007,1787214023.9276516,372.15507650375366,-3.8427275678452957,-7.0,93.07960906384027,92.88060419850505,elbow,-5,7,0
48.20773970500022,1787214023.9423184,372.169796705246,-1.2213670108549095,-6.0,93.04925625416091,92.87186566940711,elbow,-4,6,0
48.22238479199996,1787214023.9569628,372.1844367980957,1.4565883285520829,-5.0,93.02027232652276,92.8508818837101,elbow,-4,5,0
48.237042768000265,1787214023.9716244,372.1991105079651,4.064954786334893,-4.0,92.99111131538572,92.82068594546917,elbow,-3,4,0
48.25248357999999,1787214023.9870853,372.2143220901489,6.591477287864187,-4.0,92.95602526624693,92.75097226327354,elbow,-2,4,0
48.267441383000005,1787214024.0020437,372.2292859554291,8.692546122597548,-3.0,92.92081059688084,92.71500590015745,elbow,-2,3,0
48.282205845000135,1787214024.0168362,372.24423122406006,10.323633930953505,-3.0,92.8829857184347,92.6619262060968,elbow,-2,3,0
48.296947253000326,1787214024.031531,372.2589933872223,11.429872352487742,-2.0,92.84148925943236,92.59897197008097,elbow,-1,2,0
48.311696456999925,1787214024.0462787,372.2737121582031,11.957830130497783,-2.0,92.79789201016715,92.54309709587372,elbow,-1,2,0
48.326438366000275,1787214024.0610244,372.2884409427643,11.879687226426629,-2.0,92.75485079879881,92.50330553054202,elbow,-1,2,0
48.341092072000265,1787214024.0756712,372.3031556606293,11.205095028762154,-1.0,92.71426606374642,92.47707715243723,elbow,-1,1,0
48.35590105300025,1787214024.0904946,372.31779074668884,9.952783562532654,-1.0,92.6801402881717,92.48069940120514,elbow,0,1,0
48.370836883000266,1787214024.1054227,372.3328423500061,8.173326167073487,-1.0,92.65085987078022,92.47973665623168,elbow,0,1,0
48.38546670100004,1787214024.12007,372.3474967479706,6.016085601060439,-1.0,92.61825831831595,92.42772543135715,elbow,0,1,0
48.40069522900012,1787214024.1352887,372.3626103401184,3.451831363757221,-1.0,92.57818548181555,92.3439882534652,elbow,0,1,0
48.415593597000225,1787214024.1501884,372.37747621536255,0.7602191348681013,-1.0,92.52877927901352,92.24003516279811,elbow,0,1,0
48.43031920900012,1787214024.1649017,372.392374753952,-1.940302859093478,-1.0,92.4632458883263,92.08024982905818,elbow,0,1,0
48.44514328200012,1787214024.1797347,372.40707540512085,-4.559820167200613,-1.0,92.37674980798289,91.87124173696343,elbow,-1,1,0
48.45982406200028,1787214024.1944017,372.4218831062317,-6.923729862883583,-2.0,92.26046732491075,91.58087891491837,elbow,-1,2,0
48.47451078599988,1787214024.2090964,372.43651056289673,-8.939104972871624,-3.0,92.16651817594581,91.61745221967784,elbow,-2,3,0
48.48957329900031,1787214024.2241676,372.45129346847534,-10.535945246933181,-5.0,92.0870919715247,91.62290229696478,elbow,-3,5,0
48.504287430000204,1787214024.2388663,372.46634912490845,-11.554998604592523,-6.0,91.9985583021267,91.48114197227711,elbow,-4,6,0
48.51934116600023,1787214024.253938,372.48104763031006,-11.989443650472854,-7.0,91.907595413799,91.37598202703826,elbow,-5,7,0
48.53424708900002,1787214024.2688468,372.4961624145508,-11.790605604232248,-8.0,91.82781206507683,91.36153513608892,elbow,-6,8,0
48.54917797500002,1787214024.283778,372.51110887527466,-10.973782992396321,-8.0,91.76330174832769,91.38628482858708,elbow,-6,8,0
48.564018066000244,1787214024.2986138,372.52596259117126,-9.591164413941994,-8.0,91.72211051170667,91.48137703009077,elbow,-6,8,0
48.57874121600025,1787214024.3133302,372.54074573516846,-7.727346614011852,-8.0,91.70904874808893,91.63271202965839,elbow,-6,8,0
48.5934344770003,1787214024.3280175,372.55548429489136,-5.473259671491256,-8.0,91.72841513287716,91.84159787801488,elbow,-6,8,0
48.6080619610002,1787214024.3426394,372.5701401233673,-2.9517460283455934,-7.0,91.77601488710586,92.05420159621006,elbow,-5,7,0
48.62271761200009,1787214024.357295,372.58474111557007,-0.27533738921048057,-6.0,91.83645533479876,92.18968676451776,elbow,-4,6,0
48.637640850000025,1787214024.3722346,372.5995223522186,2.4642034780777298,-5.0,91.89782749338032,92.25650411058295,elbow,-4,5,0
48.65237522100006,1787214024.387024,372.61437702178955,5.043300905282167,-4.0,91.95499042449546,92.28906710088488,elbow,-3,4,0
48.66729960700013,1787214024.401894,372.6292419433594,7.392133938134734,-4.0,92.00786569747586,92.31688406157777,elbow,-2,4,0
48.68217430899995,1787214024.4168274,372.64407539367676,9.346660120242152,-3.0,92.05050707406419,92.29971559240622,elbow,-2,3,0
48.696979678999924,1787214024.4315658,372.6590270996094,10.807012577131465,-3.0,92.07876064403591,92.24388266574041,elbow,-2,3,0
48.71164660700015,1787214024.446229,372.6736834049225,11.701446919749136,-2.0,92.0988122346237,92.215999520321,elbow,-1,2,0
48.726356942000166,1787214024.4609454,372.68836283683777,11.99993245557042,-2.0,92.11662042921239,92.22069666086506,elbow,-1,2,0
48.74106899900016,1787214024.4756546,372.7030818462372,11.683080431133465,-2.0,92.13713805474028,92.25704898320454,elbow,-1,2,0
48.75582675800024,1787214024.4904203,372.7177679538727,10.762810417651927,-1.0,92.15515862946566,92.26047607196622,elbow,-1,1,0
48.7705248530001,1787214024.5051062,372.7325801849365,9.293173347641188,-1.0,92.17197895410033,92.27028178847425,elbow,0,1,0
48.78516035600023,1787214024.5197394,372.7472200393677,7.355703761549971,-1.0,92.18262079314057,92.24481477353802,elbow,0,1,0
48.799885264000295,1787214024.534465,372.76197504997253,5.028396614346008,-1.0,92.18697383111635,92.21241424207457,elbow,0,1,0
48.814506489999985,1787214024.5490854,372.7765669822693,2.4601405644427974,-1.0,92.18478494069441,92.1719924329823,elbow,0,1,0
48.82946367100021,1787214024.5640671,372.7912082672119,-0.2962089071419316,-1.0,92.17808988204395,92.13896202595704,elbow,0,1,0
48.844383761000245,1787214024.5790374,372.8062505722046,-3.03093099096688,-1.0,92.1666924832694,92.10008279360153,elbow,0,1,0
48.85923181499993,1787214024.593822,372.8211898803711,-5.594006368075574,-2.0,92.14974616791774,92.05070700741135,elbow,-1,2,0
48.87413481300018,1787214024.6087399,372.8359754085541,-7.871763169266558,-3.0,92.12978808616282,92.01314729308731,elbow,-2,3,0
48.88898860800009,1787214024.623583,372.850919008255,-9.728168487869972,-4.0,92.10778324698319,91.97918061247506,elbow,-3,4,0
48.90398080700015,1787214024.6385899,372.86580514907837,-11.08314953221492,-5.0,92.08679017180728,91.96410057830423,elbow,-3,5,0
48.91903456099999,1787214024.6536386,372.8807883262634,-11.846008081897864,-6.0,92.06671792349916,91.94940990811882,elbow,-4,6,0
48.93908912200004,1787214024.6736848,372.90103030204773,-11.864861266234941,-7.0,92.04753467258871,91.93542221471644,elbow,-5,7,0
48.954049192000184,1787214024.6886458,372.915992975235,-11.1350907521293,-8.0,92.03118442901061,91.93562888407669,elbow,-6,8,0
48.96886819200017,1787214024.7034621,372.9307825565338,-9.824450863743778,-8.0,92.01770551432847,91.93893084461682,elbow,-6,8,0
48.983698728000036,1787214024.718291,372.9455986022949,-7.995734800434467,-8.0,92.00797484813586,91.95110602497962,elbow,-6,8,0
48.99843313600013,1787214024.7330172,372.96047735214233,-5.761266253553998,-8.0,91.99963123957548,91.95086878176286,elbow,-6,8,0
49.013077565,1787214024.747656,372.97514271736145,-3.2427265664649694,-7.0,91.994808133241,91.96662050705277,elbow,-5,7,0
49.027709531000255,1787214024.7622883,372.98976945877075,-0.559133078649116,-6.0,91.99430209283143,91.99134464654851,elbow,-4,6,0
49.04241184700004,1787214024.777003,373.00439071655273,2.16680993533038,-5.0,91.99695689210661,92.01247230569774,elbow,-4,5,0
49.05733390000023,1787214024.7919483,373.01915287971497,4.818674747168396,-4.0,92.00058383896263,92.02178076374342,elbow,-3,4,0
49.07219650900015,1787214024.8067954,373.03416776657104,7.204902889542026,-4.0,91.99940351705568,91.99250537498972,elbow,-2,4,0
49.0870304529999,1787214024.8216345,373.0489490032196,9.206137249365176,-3.0,91.99438330950694,91.96504376690564,elbow,-2,3,0
49.102458809999916,1787214024.8370707,373.0640015602112,10.770448380014326,-3.0,91.98743235144164,91.9468089452783,elbow,-2,3,0
49.117657431000225,1787214024.8522606,373.07929396629333,11.709666895827615,-2.0,91.97459170251855,91.89954724221492,elbow,-1,2,0
49.13262803899988,1787214024.8672132,373.09444284439087,11.999088217188024,-2.0,91.96777881088146,91.92796230479398,elbow,-1,2,0
49.147296447999906,1787214024.881875,373.10936093330383,11.654790333927004,-2.0,91.96433998381275,91.9442424853924,elbow,-1,2,0
49.16191400700018,1787214024.896492,373.12398195266724,10.710570176049487,-1.0,91.96501466844246,91.96895772024737,elbow,-1,1,0
49.17678826500014,1787214024.9113858,373.1385989189148,9.183646968279069,-1.0,91.96038659967819,91.93333882937125,elbow,0,1,0
49.19150787700028,1787214024.9260914,373.1535532474518,7.189461367477158,-1.0,91.94682098207959,91.86753959548696,elbow,0,1,0
49.206151695000244,1787214024.9407332,373.1682162284851,4.831784479873916,-1.0,91.92941018927023,91.82765648837376,elbow,0,1,0
49.22097069400024,1787214024.9555647,373.1828570365906,2.1910760526438473,-1.0,91.9096106371639,91.79389633713332,elbow,0,1,0
49.23594806000028,1787214024.9705586,373.1977581977844,-0.5961937899518097,-1.0,91.88989308207735,91.77465799630876,elbow,0,1,0
49.251160421999884,1787214024.985776,373.21273708343506,-3.3941166378707077,-1.0,91.87016621989672,91.75487674078265,elbow,0,1,0
49.26598031000003,1787214025.0005736,373.2279305458069,-5.93924279957629,-2.0,91.8504525604269,91.73524024176741,elbow,-1,2,0
49.2807818350002,1787214025.0154138,373.2426664829254,-8.166906302574404,-3.0,91.8303445873996,91.71282778644415,elbow,-2,3,0
49.29628805099992,1787214025.0309384,373.2580909729004,-10.034894760611621,-4.0,91.80911715274291,91.6850578947582,elbow,-3,4,0
49.31124550000004,1787214025.0458596,373.2730875015259,-11.284565866712331,-5.0,91.78644785259026,91.65396191627927,elbow,-4,5,0
49.326220838000154,1787214025.0608332,373.2880039215088,-11.922997137387382,-6.0,91.7618416165263,91.6180356674202,elbow,-4,6,0
49.341007790000276,1787214025.0756004,373.3029730319977,-11.917283319093336,-7.0,91.7355954793285,91.58220547444164,elbow,-5,7,0
49.355886444000134,1787214025.0904853,373.31774044036865,-11.273257214907046,-8.0,91.70734369393375,91.54223210181244,elbow,-6,8,0
49.37057462100029,1787214025.1051571,373.33262181282043,-10.042623324841268,-8.0,91.67792017731279,91.50596064954433,elbow,-6,8,0
49.38519176199998,1787214025.119775,373.3472261428833,-8.294790995259376,-8.0,91.64770409620319,91.47111259269411,elbow,-6,8,0
49.39979566200009,1787214025.1343772,373.36185574531555,-6.11768789375509,-8.0,91.62093004344159,91.46445474755362,elbow,-6,8,0
49.41435785900012,1787214025.1489344,373.37644124031067,-3.630012244874174,-7.0,91.60155453628815,91.48831847741386,elbow,-5,7,0
49.42896887100005,1787214025.163553,373.3909912109375,-0.9451289413356041,-6.0,91.59022703767083,91.52402586470693,elbow,-4,6,0
49.44380187800016,1787214025.178409,373.40566539764404,1.8308421543587525,-5.0,91.58337801361142,91.54335033921406,elbow,-4,5,0
49.45858629300028,1787214025.1931827,373.42052388191223,4.500988078985869,-4.0,91.57797084090541,91.54636976218097,elbow,-3,4,0
49.47348711399991,1787214025.208097,373.435289144516,6.949855073454222,-4.0,91.57527688340245,91.55953261782051,elbow,-2,4,0
49.488301695000246,1787214025.2229328,373.4502549171448,9.012307854357534,-3.0,91.57593209655225,91.57976135140572,elbow,-2,3,0
49.50308151800027,1787214025.2376785,373.46502327919006,10.589478433052882,-3.0,91.58334725849485,91.62668360616541,elbow,-2,3,0
49.51787721100027,1787214025.2524805,373.4797716140747,11.60289663532533,-2.0,91.59497705137731,91.66294491932027,elbow,-1,2,0
49.532673884999895,1787214025.267268,373.4945983886719,11.99590195015854,-2.0,91.60930194096804,91.69302073233779,elbow,-1,2,0
49.54754739200007,1787214025.282141,373.5094885826111,11.743877930024563,-2.0,91.62010407594495,91.68323487208502,elbow,-1,2,0
49.56224975300029,1787214025.2968442,373.52422618865967,10.869896180647233,-1.0,91.62271934729604,91.63800374828426,elbow,-1,1,0
49.57695678100026,1787214025.3115473,373.5389201641083,9.419932237343877,-1.0,91.61982316556596,91.6028970432043,elbow,0,1,0
49.59179865800024,1787214025.3264065,373.55362486839294,7.450613207835027,-1.0,91.61321039746574,91.57456347111746,elbow,0,1,0
49.60666112800027,1787214025.341261,373.56854796409607,5.075024136947423,-1.0,91.6049913521667,91.55695687802363,elbow,0,1,0
49.62153183800001,1787214025.3561392,373.58339166641235,2.422368202239517,-1.0,91.59622166513682,91.54496908170968,elbow,0,1,0
49.636192088999906,1787214025.3707728,373.5982301235199,-0.32281866110853336,-1.0,91.58769430831968,91.53785797263356,elbow,0,1,0
49.651000189000115,1787214025.3855917,373.6129286289215,-3.0786788313041464,-1.0,91.58009370520472,91.53567358577303,elbow,0,1,0
49.66564457000004,1787214025.400222,373.62770438194275,-5.642271457373646,-2.0,91.57531808503747,91.54740798172315,elbow,-1,2,0
49.68035276499995,1787214025.414989,373.6422905921936,-7.918213854082014,-3.0,91.57494264396328,91.57274845790951,elbow,-2,3,0
49.695109440000124,1787214025.4296896,373.657155752182,-9.778850271578131,-4.0,91.58139706646591,91.61911857541627,elbow,-3,4,0
49.71038986400026,1787214025.4449859,373.67235922813416,-11.15291150251847,-5.0,91.59620081852707,91.68271822045526,elbow,-3,5,0
49.72555447600007,1787214025.460151,373.6874403953552,-11.88343947852303,-6.0,91.62127157104895,91.76779228847367,elbow,-4,6,0
49.74047672200004,1787214025.4750888,373.7023038864136,-11.945596756136029,-7.0,91.65894603966905,91.87912651354969,elbow,-5,7,0
49.75542230100018,1787214025.4900334,373.7172198295593,-11.350782070345335,-8.0,91.71063478460769,92.01271873619959,elbow,-6,8,0
49.77026184400029,1787214025.5048628,373.73216700553894,-10.141304689492683,-8.0,91.77746914998359,92.168068481015,elbow,-6,8,0
49.785009557000194,1787214025.5196037,373.74697732925415,-8.392849981194843,-8.0,91.85691142259576,92.32119500430419,elbow,-6,8,0
49.7998426930003,1787214025.534439,373.76176738739014,-6.179374779252898,-8.0,91.9407781225272,92.43091933513242,elbow,-6,8,0
49.814535574000274,1787214025.5491223,373.7765326499939,-3.654684325901123,-7.0,92.02781953169148,92.5365146618148,elbow,-5,7,0
49.82920212099998,1787214025.5637872,373.7912037372589,-0.9392296682187292,-6.0,92.10855327361496,92.58038457491661,elbow,-4,6,0
49.84401185100023,1787214025.5786133,373.8058702945709,1.8537163028260952,-5.0,92.18554313138247,92.63549409255438,elbow,-4,5,0
49.858987483999954,1787214025.593597,373.8207423686981,4.575875900976184,-4.0,92.25918684994191,92.68958200731646,elbow,-3,4,0
49.87377808500014,1787214025.6083689,373.8357412815094,7.016358194202159,-4.0,92.34550988424705,92.85000662424827,elbow,-2,4,0
49.888595759000054,1787214025.6231947,373.8504583835602,9.080618798666789,-3.0,92.45983848874357,93.12800786811805,elbow,-2,3,0
49.90344517299991,1787214025.63804,373.8653862476349,10.65401934556042,-3.0,92.5937932904453,93.37666383374847,elbow,-2,3,0
49.918178830000215,1787214025.6527767,373.88012290000916,11.639904865392863,-2.0,92.73073165179024,93.53103897921144,elbow,-1,2,0
49.93296520800004,1787214025.6675587,373.8948884010315,11.999118639735574,-2.0,92.84239380533931,93.49497967538532,elbow,-1,2,0
49.94775764199994,1787214025.682348,373.90974402427673,11.706775026924046,-2.0,92.9242266931657,93.40248172052455,elbow,-1,2,0
49.962429949000125,1787214025.6970215,373.9244270324707,10.787931631678234,-1.0,92.99151356250105,93.38475745734124,elbow,-1,1,0
49.97711640300031,1787214025.7117062,373.93910574913025,9.289793499769297,-1.0,93.04613500666476,93.3653584994041,elbow,0,1,0
49.99179061699988,1787214025.7263813,373.95378971099854,7.294683753115398,-1.0,93.08389492720418,93.30457480677734,elbow,0,1,0
50.0066252900001,1787214025.7412276,373.96848225593567,4.880285875386869,-1.0,93.10472243898349,93.22644443218695,elbow,0,1,0
50.02152424099995,1787214025.756132,373.98337173461914,2.1857980781055084,-1.0,93.1122621538491,93.15632642476889,elbow,0,1,0
50.03646861600009,1787214025.771078,373.99826979637146,-0.6389357435076601,-1.0,93.10897973287021,93.08979631680411,elbow,0,1,0
50.05128338200029,1787214025.7858741,374.0132169723511,-3.405297310176631,-1.0,93.09960115278845,93.04479002253593,elbow,0,1,0
50.06597924400012,1787214025.8005695,374.0279583930969,-5.96642592870038,-2.0,93.08495124786984,92.99933297306916,elbow,-1,2,0
50.081097819000206,1787214025.815712,374.04270219802856,-8.2650912352271,-3.0,93.06459509283037,92.94562784452825,elbow,-2,3,0
50.09660773900032,1787214025.8312283,374.0583140850067,-10.132811376562982,-4.0,93.03960813299949,92.89357712425779,elbow,-3,4,0
50.11164079800028,1787214025.8462543,374.0734338760376,-11.36349791250936,-5.0,93.01338131055616,92.86010418667186,elbow,-4,5,0
50.12687916699997,1787214025.8614933,374.08862709999084,-11.956010725378222,-6.0,92.98697292931948,92.83263472341815,elbow,-4,6,0
50.14153012199995,1787214025.8761036,374.1036319732666,-11.87125091415865,-7.0,92.9614276815415,92.81213387682003,elbow,-5,7,0
50.15609011600009,1787214025.890668,374.1181640625,-11.155033185125703,-8.0,92.93970939998933,92.81278149100544,elbow,-6,8,0
50.17060353700026,1787214025.9051738,374.13272857666016,-9.851396564887795,-8.0,92.92402998235576,92.8323949379563,elbow,-6,8,0
50.185273177,1787214025.9198573,374.14724111557007,-8.005235898668033,-8.0,92.91502957620946,92.86242860364118,elbow,-6,8,0
50.19991041000003,1787214025.9344826,374.16197085380554,-5.732066486168092,-8.0,92.9154218454732,92.91771438032623,elbow,-6,8,0
50.21441431199992,1787214025.9489827,374.17654609680176,-3.174690577967543,-7.0,92.92771001799139,92.99952564664599,elbow,-5,7,0
50.22907460000033,1787214025.963658,374.1910479068756,-0.4191871317511728,-6.0,92.95134221838214,93.08945562174146,elbow,-4,6,0
50.243815220000215,1787214025.9784102,374.2057592868805,2.374714754631703,-5.0,92.97735411384862,93.12937514241565,elbow,-4,5,0
50.25872550300028,1787214025.9933357,374.22054052352905,5.069079348273302,-4.0,92.99014297807274,93.06488479364168,elbow,-3,4,0
50.273529142999905,1787214026.008126,374.2354898452759,7.4649821586227105,-4.0,92.99303080781938,93.009908118778,elbow,-2,4,0
50.288293604000046,1787214026.0229328,374.25027418136597,9.445428423675034,-3.0,92.996038118968,93.0136137137425,elbow,-2,3,0
50.30305241699989,1787214026.037643,374.26502680778503,10.907736515061918,-3.0,93.0001190012274,93.02396885558862,elbow,-2,3,0
50.317775471000004,1787214026.0523753,374.27972531318665,11.770774408366934,-2.0,93.0015061223256,93.00961285858273,elbow,-1,2,0
50.33257104199993,1787214026.0671668,374.2944929599762,11.990569855352906,-2.0,92.99997125795537,92.99100106735263,elbow,-1,2,0
50.347277559000304,1787214026.0818563,374.30932354927063,11.553280712907402,-2.0,92.99382763883267,92.95792255458535,elbow,-1,2,0
50.36184289399989,1787214026.096419,374.323921918869,10.498607448276875,-1.0,92.98806080074183,92.95435773364785,elbow,-1,1,0
50.37718054800007,1787214026.1117747,374.33847165107727,8.781487116485525,-1.0,92.98425355631308,92.96200292045258,elbow,0,1,0
50.39201428500019,1787214026.1266093,374.3538956642151,6.622909115169078,-1.0,92.98581343275482,92.99492980112628,elbow,0,1,0
50.40667672900008,1787214026.1412559,374.36873745918274,4.126281491824898,-1.0,92.99247561311181,93.03141131895738,elbow,0,1,0
50.421495189000325,1787214026.1560912,374.38332295417786,1.3750290305925772,-1.0,93.00133249915777,93.05309469881537,elbow,0,1,0
50.43629651900028,1787214026.17094,374.3982515335083,-1.450110740561598,-1.0,93.01300115036007,93.08119611754537,elbow,0,1,0
50.451698061000116,1787214026.1863203,374.4131121635437,-4.303057681891035,-1.0,93.02321951172955,93.08293856633135,elbow,0,1,0
50.467479521000314,1787214026.202115,374.4293417930603,-6.957811916772199,-2.0,93.03009298757355,93.07026356526103,elbow,-1,2,0
50.482444792000024,1787214026.217058,374.44428420066833,-9.072974390617114,-3.0,93.03171951309375,93.04122539792593,elbow,-2,3,0
50.49875513100005,1787214026.2333655,374.4605770111084,-10.788862091587404,-5.0,93.03003898129758,93.02021746819321,elbow,-3,5,0
50.5137351620001,1787214026.2483437,374.47552585601807,-11.726337341962473,-6.0,93.02698722275952,93.00915186460605,elbow,-4,6,0
50.52868541599992,1787214026.2632911,374.49051117897034,-11.996311125356085,-7.0,93.02296955373986,92.9994891358058,elbow,-5,7,0
50.543381452000176,1787214026.277968,374.5054221153259,-11.597998663053843,-8.0,93.01870103301712,92.99375456529175,elbow,-6,8,0
50.55799628600016,1787214026.2925773,374.52004194259644,-10.57034526241589,-8.0,93.01717027356507,93.00822407328955,elbow,-6,8,0
50.57260300899998,1787214026.3071826,374.5346486568451,-8.969288559348833,-8.0,93.01875728039822,93.0280322066115,elbow,-6,8,0
50.587169213999914,1787214026.321748,374.5492436885834,-6.887242225315196,-8.0,93.0217050011968,93.03893233275778,elbow,-6,8,0
50.60214246700025,1787214026.3367343,374.56399512290955,-4.359896286293897,-7.0,93.02764822842546,93.0623821645768,elbow,-5,7,0
50.61683609600004,1787214026.3514147,374.5788562297821,-1.6361109978694897,-7.0,93.03738373069886,93.09428081730775,elbow,-5,7,0
50.63158879699995,1787214026.3661792,374.5935082435608,1.1897359406843604,-6.0,93.05294084938424,93.14386114341423,elbow,-4,6,0
50.64637005400027,1787214026.3809538,374.60838532447815,3.9555124107699124,-5.0,93.07202359238876,93.18354865303517,elbow,-3,5,0
50.660970611000266,1787214026.395551,374.6230251789093,6.472349340573196,-4.0,93.09236841815081,93.21126945488419,elbow,-3,4,0
50.67553285300028,1787214026.410111,374.63761591911316,8.63250869753633,-3.0,93.11069895151455,93.21782788180451,elbow,-2,3,0
50.69010878000017,1787214026.4246874,374.65216970443726,10.326977391419538,-3.0,93.12305747522132,93.19528425653736,elbow,-2,3,0
50.70469961500021,1787214026.439278,374.66674852371216,11.461994626660044,-2.0,93.12984116947253,93.16948703760555,elbow,-1,2,0
50.719333947999985,1787214026.4539175,374.6813316345215,11.973870970531275,-2.0,93.1362287034994,93.1735592968821,elbow,-1,2,0
50.73396606000006,1787214026.468545,374.69600892066956,11.829850487039169,-2.0,93.14653268584324,93.20675213414391,elbow,-1,2,0
50.748905553999975,1787214026.483515,374.71063208580017,11.01406090517721,-1.0,93.16283133645042,93.25808535716381,elbow,-1,1,0
50.7638465670002,1787214026.4984536,374.72565817832947,9.568340129760013,-1.0,93.18395659629722,93.30741871518791,elbow,0,1,0
50.77862302800031,1787214026.5132143,374.7405993938446,7.599456718014141,-1.0,93.20547267829843,93.33121887471734,elbow,0,1,0
50.793528467000215,1787214026.5281348,374.7553164958954,5.182182068402133,-1.0,93.22606071968704,93.34638317877541,elbow,0,1,0
50.80830381700025,1787214026.5429294,374.77027106285095,2.4934146088459705,-1.0,93.2438240693839,93.3476382145389,elbow,0,1,0
50.823268848000225,1787214026.5578809,374.7850546836853,-0.37236328711208894,-1.0,93.2589153223145,93.34711296234536,elbow,0,1,0
50.83901512300008,1787214026.5736074,374.80091762542725,-3.362378532485459,-1.0,93.26954389514998,93.33166034401592,elbow,0,1,0
50.857034743999975,1787214026.5916324,374.8189878463745,-6.511709186710316,-2.0,93.2781989683954,93.3287817157691,elbow,-1,2,0
50.87197086900005,1787214026.606563,374.83390951156616,-8.721846391310766,-3.0,93.28862971055256,93.34958997980672,elbow,-2,3,0
50.886785347000114,1787214026.621377,374.848690032959,-10.420370432717341,-4.0,93.30366808120868,93.39155666195673,elbow,-3,4,0
50.90153256700023,1787214026.6361191,374.86350893974304,-11.526996225337161,-5.0,93.32400333282587,93.44284841549188,elbow,-4,5,0
50.91617038200002,1787214026.650749,374.87821316719055,-11.987195001039677,-6.0,93.34934268164787,93.4974331534131,elbow,-5,6,0
50.93087875099991,1787214026.6654613,374.8928642272949,-11.782909886519892,-7.0,93.37524833290512,93.52664843963316,elbow,-5,7,0
50.94556330600017,1787214026.680146,374.90759778022766,-10.923098815476996,-8.0,93.40364164957317,93.56958039132574,elbow,-6,8,0
50.96013760400001,1787214026.6947167,374.92221093177795,-9.468380124554423,-8.0,93.43359673310464,93.60866289139871,elbow,-6,8,0
50.9749393420002,1787214026.7095337,374.9367935657501,-7.459606595484536,-8.0,93.46048949919268,93.61765859004127,elbow,-6,8,0
50.989594359999955,1787214026.724174,374.9516513347626,-5.053878426386965,-7.0,93.48149589536136,93.60426334059291,elbow,-5,7,0
51.00445031900017,1787214026.739056,374.96624279022217,-2.3288404973998835,-7.0,93.49881942901392,93.60006316220021,elbow,-5,7,0
51.01922733500032,1787214026.753814,374.98120188713074,0.514589482770365,-6.0,93.51323068764376,93.59745424461886,elbow,-4,6,0
51.033818133000295,1787214026.7683978,374.99589371681213,3.295086357976484,-5.0,93.52625941349712,93.60240304969223,elbow,-3,5,0
51.048534002,1787214026.7831175,375.0105495452881,5.915787968911943,-4.0,93.53629802922556,93.59496659839593,elbow,-3,4,0
51.06310107700028,1787214026.797679,375.02518796920776,8.184313575012636,-3.0,93.54300438793452,93.58219828482638,elbow,-2,3,0
51.07768119000002,1787214026.8122602,375.0397379398346,10.004700101135137,-3.0,93.54624805777571,93.56520500100294,elbow,-2,3,0
51.09230846800028,1787214026.8269203,375.05433082580566,11.277154381864968,-2.0,93.54419129212161,93.53217095970636,elbow,-1,2,0
51.106929931000195,1787214026.8415098,375.06899404525757,11.92377412975962,-2.0,93.53649258131428,93.49149909219777,elbow,-1,2,0
51.12158865299989,1787214026.8561726,375.0835988521576,11.90789052356391,-2.0,93.52423793137018,93.45261821831889,elbow,-1,2,0
51.13630913399993,1787214026.870937,375.0982608795166,11.22314280905659,-1.0,93.50840799168371,93.41589325294075,elbow,-1,1,0
51.1513185900003,1787214026.885922,375.1131556034088,9.87444892142858,-1.0,93.4913332703455,93.39154366817394,elbow,0,1,0
51.16609455000025,1787214026.9006894,375.12806391716003,7.9809317044447745,-1.0,93.47708990138601,93.3938475401258,elbow,0,1,0
51.18106645099988,1787214026.9156797,375.1427946090698,5.599975890292813,-1.0,93.46748015964268,93.4113180538874,elbow,0,1,0
51.19605477799996,1787214026.9306479,375.1579830646515,2.888553142934627,-1.0,93.46276840033211,93.43523151830533,elbow,0,1,0
51.21097251399988,1787214026.9455912,375.172739982605,0.021100763857353745,-1.0,93.4625175985971,93.46105184083366,elbow,0,1,0
51.225967267000215,1787214026.960568,375.18785333633423,-2.862891024570555,-1.0,93.46516421211972,93.4806317858091,elbow,0,1,0
51.24088513200013,1787214026.975495,375.2026858329773,-5.566632804251869,-2.0,93.46952243388914,93.4949931404343,elbow,-1,2,0
51.255964420000055,1787214026.9905753,375.21761322021484,-7.971428493093914,-3.0,93.47182768363473,93.48530022883544,elbow,-2,3,0
51.27077658500002,1787214027.0053632,375.2327482700348,-9.874422130508878,-4.0,93.47748000615431,93.51051381118123,elbow,-3,4,0
51.28554986800009,1787214027.020136,375.2474398612976,-11.209417442488611,-5.0,93.48881484926143,93.55505894554469,elbow,-4,5,0
51.30025237500013,1787214027.0348303,375.2623083591461,-11.903725045191571,-6.0,93.50412878834102,93.59362787053173,elbow,-4,6,0
51.31488006800009,1787214027.0494585,375.27692556381226,-11.927005245326736,-7.0,93.52233813770113,93.62875883367946,elbow,-5,7,0
51.329509169000175,1787214027.0640945,375.2915313243866,-11.282503342162805,-8.0,93.53990475923817,93.64256916821786,elbow,-6,8,0
51.344133992000025,1787214027.0787158,375.306174993515,-10.006207498735678,-8.0,93.55300773697722,93.62958532263406,elbow,-6,8,0
51.35896001500032,1787214027.0935674,375.32078886032104,-8.140271835314586,-8.0,93.56019641009104,93.60220909164296,elbow,-6,8,0
51.37384757400014,1787214027.1084547,375.33572363853455,-5.794477796212191,-8.0,93.56117824571031,93.56691637659422,elbow,-6,8,0
51.38878318800016,1787214027.1233878,375.35056495666504,-3.102303996762272,-7.0,93.55644927524655,93.52881180627051,elbow,-5,7,0
51.403574156000104,1787214027.1381679,375.3655297756195,-0.2560490790156397,-6.0,93.54518635115093,93.47936257033898,elbow,-4,6,0
51.418259385000056,1787214027.15285,375.38025665283203,2.585558075268663,-5.0,93.52604345547576,93.41416684525176,elbow,-3,5,0
51.4330266500001,1787214027.1676278,375.39493346214294,5.295845827457709,-4.0,93.50065311219166,93.35226461406423,elbow,-3,4,0
51.44779339700017,1787214027.1823862,375.40975618362427,7.703328892252953,-4.0,93.47442846723216,93.3211640691922,elbow,-2,4,0
51.46248345899994,1787214027.1970737,375.4244747161865,9.660971831773075,-3.0,93.450948217033,93.31372285447202,elbow,-2,3,0
51.477178058999925,1787214027.2117689,375.4391531944275,11.071038927591063,-3.0,93.42898303753323,93.30061218564676,elbow,-2,3,0
51.49186241799998,1787214027.2264507,375.4538586139679,11.851949848976727,-2.0,93.40961753366967,93.29643993691012,elbow,-1,2,0
51.50651275900009,1787214027.2410984,375.46853017807007,11.96057153094037,-2.0,93.39052933750129,93.27897240699052,elbow,-1,2,0
51.52135087400029,1787214027.255956,375.4831840991974,11.3812046150478,-2.0,93.37201435404945,93.26380744418098,elbow,-1,2,0
51.5363141910002,1787214027.2709727,375.4981200695038,10.12801322987382,-1.0,93.35384382863414,93.24765003100035,elbow,-1,1,0
51.55139456100005,1787214027.2860022,375.51318192481995,8.259821844901767,-1.0,93.33766480051544,93.24310988816816,elbow,0,1,0
51.56616458600001,1787214027.3007581,375.52814197540283,5.948215049281352,-1.0,93.32176074131813,93.22881282675031,elbow,0,1,0
51.58087427700002,1787214027.3154657,375.5428476333618,3.3046650618804816,-1.0,93.30658046044913,93.21786251543752,elbow,0,1,0
51.595688579000125,1787214027.3302813,375.5576524734497,0.4510297245281448,-1.0,93.29304963312529,93.2139715709448,elbow,0,1,0
51.61052306400006,1787214027.3451273,375.5723834037781,-2.4334109318096813,-1.0,93.28300099853917,93.22427387627134,elbow,0,1,0
51.6253031440001,1787214027.3598948,375.58726716041565,-5.1673917655758554,-2.0,93.27788374178621,93.2479770156106,elbow,-1,2,0
51.640161758999966,1787214027.374766,375.6020016670227,-7.615259292243497,-3.0,93.27918198273363,93.28676927772366,elbow,-2,3,0
51.65513626100028,1787214027.3897324,375.6170394420624,-9.632172868606288,-4.0,93.28572184539031,93.32394269127352,elbow,-2,4,0
51.66995813599988,1787214027.4045517,375.6318678855896,-11.065948712052045,-5.0,93.29880477213055,93.37526517396022,elbow,-3,5,0
51.68470212300008,1787214027.419288,375.6466746330261,-11.853327835866963,-6.0,93.32009406532872,93.44451484249278,elbow,-4,6,0
51.699453518000155,1787214027.4340403,375.6614308357239,-11.957356483693943,-7.0,93.34599405024944,93.49736104127064,elbow,-5,7,0
51.71410306300004,1787214027.4486897,375.67614221572876,-11.377271185766405,-8.0,93.37251466223292,93.52750877702736,elbow,-6,8,0
51.728801403000034,1787214027.4633899,375.69076561927795,-10.143563508298982,-8.0,93.39617693496943,93.53446608980143,elbow,-6,8,0
51.7434408930003,1787214027.478025,375.70547556877136,-8.335621943426666,-8.0,93.4169849931593,93.53859329396859,elbow,-6,8,0
51.7581340290003,1787214027.4927266,375.72010469436646,-6.04321839463476,-8.0,93.43473180520671,93.53844929956261,elbow,-6,8,0
51.77279148100024,1787214027.5073702,375.7348153591156,-3.409920821435992,-7.0,93.44807257422279,93.5260398807696,elbow,-5,7,0
51.787493025,1787214027.5220826,375.7494418621063,-0.572322756928833,-6.0,93.45970378950585,93.52767997036871,elbow,-4,6,0
51.80249874900028,1787214027.537093,375.7642993927002,2.3575521123363576,-5.0,93.47078257204512,93.53553017642716,elbow,-4,5,0
51.81717042299988,1787214027.5517523,375.7792115211487,5.08749976172739,-4.0,93.48034935789363,93.53626041699522,elbow,-3,4,0
51.831773135000276,1787214027.5663536,375.79382061958313,7.51571594010124,-4.0,93.48905208926708,93.5399133645032,elbow,-2,4,0
51.84647132700002,1787214027.5810516,375.8085401058197,9.52855862225266,-3.0,93.49363477482558,93.52041731257259,elbow,-2,3,0
51.86106994700003,1787214027.5956473,375.82314133644104,10.984794380920402,-3.0,93.49378940085498,93.4946930800222,elbow,-2,3,0
51.875630364000244,1787214027.6102073,375.8377163410187,11.81505110116696,-2.0,93.49044116550017,93.47087311121597,elbow,-1,2,0
51.89018687299995,1787214027.6247642,375.8522617816925,11.976416346347175,-2.0,93.485371392914,93.45574217792107,elbow,-1,2,0
51.90484669600028,1787214027.6394227,375.86688923835754,11.4534774539852,-2.0,93.48025314227087,93.45034060751397,elbow,-1,2,0
51.91958938700009,1787214027.6541831,375.8815050125122,10.263725700645749,-1.0,93.47458832860859,93.44148152173668,elbow,-1,1,0
51.93444439099994,1787214027.669038,375.89630579948425,8.461156173552117,-1.0,93.47125540938998,93.45177686702861,elbow,0,1,0
51.94923113699997,1787214027.6838124,375.9112865924835,6.169847701225728,-1.0,93.46904020781481,93.45609393012529,elbow,0,1,0
51.963943866000136,1787214027.6985347,375.9258852005005,3.530545803763042,-1.0,93.46702197863704,93.45522686451757,elbow,0,1,0
51.97862824399999,1787214027.7132094,375.94063901901245,0.6913065895075466,-1.0,93.46436276009106,93.44882151900522,elbow,0,1,0
51.99343626700011,1787214027.7280324,375.95530366897583,-2.2126068533098544,-1.0,93.45848836565251,93.42415670820343,elbow,0,1,0
52.008225993999986,1787214027.7428124,375.9702317714691,-4.983865498698727,-2.0,93.45059861895214,93.40448866091121,elbow,-1,2,0
52.02302012900009,1787214027.7576141,375.9849474430084,-7.463936879249871,-2.0,93.44221483248077,93.3932175633542,elbow,-1,2,0
52.03777624600025,1787214027.7723694,375.99972105026245,-9.501377877363511,-4.0,93.43316652352304,93.38028559309181,elbow,-2,4,0
52.052857468000184,1787214027.787456,376.01449608802795,-11.009110158398885,-5.0,93.4205791541134,93.34701493242599,elbow,-3,5,0
52.06772884200018,1787214027.8023186,376.0295948982239,-11.837467404411033,-6.0,93.40444514004582,93.31015330281204,elbow,-4,6,0
52.08240757200019,1787214027.8169923,376.04442620277405,-11.964823569075277,-7.0,93.38540414610834,93.2741230790656,elbow,-5,7,0
52.09715967000011,1787214027.8317375,376.0592167377472,-11.393766761374,-7.0,93.36388363527276,93.23811155546686,elbow,-5,7,0
52.111713106000025,1787214027.84629,376.0738022327423,-10.175659799309837,-8.0,93.34524326280878,93.2363035433447,elbow,-6,8,0
52.126434446000076,1787214027.8610215,376.0884099006653,-8.352667681080366,-8.0,93.33341415030375,93.26428140092888,elbow,-6,8,0
52.14120770999989,1787214027.8758092,376.1031184196472,-6.032313067688583,-8.0,93.33077167436541,93.31532828191332,elbow,-6,8,0
52.15597062300003,1787214027.8905575,376.11794686317444,-3.3581883314968257,-7.0,93.33691012749907,93.37278502021469,elbow,-5,7,0
52.1707309440003,1787214027.9053214,376.1326541900635,-0.48633842832551855,-6.0,93.3501171496498,93.42730280089349,elbow,-4,6,0
52.18549437599995,1787214027.920084,376.14743733406067,2.4154913047107334,-5.0,93.36643121803732,93.46177534471111,elbow,-3,5,0
52.20283170399989,1787214027.937414,376.1621882915497,5.63032821652547,-4.0,93.38515497584768,93.49458202335522,elbow,-3,4,0
52.21750991499994,1787214027.9520996,376.1794857978821,8.005402188813266,-3.0,93.40362032987156,93.51153719103155,elbow,-2,3,0
52.232127237999975,1787214027.966711,376.19417810440063,9.907757615643288,-3.0,93.42204455745627,93.5297210638297,elbow,-2,3,0
52.24679941300019,1787214027.9813824,376.20884799957275,11.241444910836327,-2.0,93.44004683931757,93.54525737303796,elbow,-1,2,0
52.261408569000196,1787214027.9959917,376.2234477996826,11.918723053262594,-2.0,93.4591989642866,93.57112951316897,elbow,-1,2,0
52.27566153299995,1787214028.0101888,376.2380516529083,11.915499851331154,-2.0,93.4796991413788,93.59950809614635,elbow,-1,2,0
52.28974592900022,1787214028.0242717,376.2521665096283,11.267448837566892,-1.0,93.5017497199927,93.63061966896286,elbow,-1,1,0
52.30398898900012,1787214028.0385277,376.26626563072205,9.995425549908408,-1.0,93.52438586411068,93.65667802698056,elbow,-1,1,0
52.31830591700009,1787214028.0528464,376.2805724143982,8.161946668393323,-1.0,93.54650301556416,93.67576203543302,elbow,0,1,0
52.3325734580003,1787214028.0671074,376.29487466812134,5.882198913090312,-1.0,93.5658241083713,93.67874215409262,elbow,0,1,0
52.346831833000124,1787214028.081373,376.3091082572937,3.2782577067108143,-1.0,93.58496662775786,93.69684103884258,elbow,0,1,0
52.36109698500013,1787214028.0956311,376.32342553138733,0.49111458909204847,-1.0,93.60422465353011,93.71677411728757,elbow,0,1,0
52.37520934300028,1787214028.1097322,376.33762431144714,-2.294180163569812,-1.0,93.6226244532743,93.73015819629367,elbow,0,1,0
52.389301165000234,1787214028.1238275,376.3517098426819,-4.952115782979519,-1.0,93.63956237442405,93.73855247679045,elbow,-1,1,0
52.403394006000326,1787214028.1379175,376.36581563949585,-7.34309665691209,-2.0,93.65477516285533,93.74368309144808,elbow,-1,2,0
52.417686027999935,1787214028.1522284,376.3799204826355,-9.362130158619209,-3.0,93.66755164138841,93.74222107140233,elbow,-2,3,0
52.432018123000034,1787214028.1665606,376.3942883014679,-10.86383990485697,-4.0,93.67905113048808,93.74625746549657,elbow,-3,4,0
52.44649271600019,1787214028.1810334,376.4086399078369,-11.76303638736674,-6.0,93.68884530288298,93.74608527462416,elbow,-4,6,0
52.460684221000065,1787214028.1952128,376.4230692386627,-11.992258968117442,-7.0,93.69800588026173,93.75154293976512,elbow,-5,7,0
52.47478445000024,1787214028.2093086,376.43719601631165,-11.567008366650594,-7.0,93.7040290652919,93.73923029792469,elbow,-5,7,0
52.48896247399989,1787214028.2234986,376.45129442214966,-10.505986361981233,-8.0,93.70877718230305,93.73652654923104,elbow,-6,8,0
52.503093461999924,1787214028.2376184,376.4655029773712,-8.873835599234507,-8.0,93.71094625831263,93.72362296487721,elbow,-6,8,0
52.51719302399988,1787214028.25172,376.4795951843262,-6.7619063347196215,-8.0,93.71121686920016,93.7127983973712,elbow,-6,8,0
52.531339233999915,1787214028.2658691,376.4937014579773,-4.272999734742297,-7.0,93.7119879947241,93.71649467496408,elbow,-5,7,0
52.54545185200004,1787214028.2799783,376.50786089897156,-1.5560338005951113,-7.0,93.71272263901226,93.7170161123756,elbow,-5,7,0
52.559743985000296,1787214028.2942827,376.5219750404358,1.282034152789027,-6.0,93.71062611944991,93.69837345371512,elbow,-4,6,0
52.57412819000001,1787214028.3086727,376.5363116264343,4.06633743393812,-5.0,93.70903575377946,93.69974119755105,elbow,-3,5,0
52.58836573200006,1787214028.3229103,376.55070757865906,6.5963584221955625,-4.0,93.70716737184152,93.6962480082631,elbow,-3,4,0
52.602486794000015,1787214028.337012,376.5648958683014,8.744410158849949,-3.0,93.70669241164045,93.70391660707098,elbow,-2,3,0
52.61657861599997,1787214028.3511019,376.57898449897766,10.411585668590762,-3.0,93.70694439233694,93.70841704029176,elbow,-2,3,0
52.630646105000324,1787214028.365169,376.59307503700256,11.510108913946194,-2.0,93.7075873300761,93.71134484388503,elbow,-1,2,0
52.64474946300015,1787214028.3792758,376.6071481704712,11.983520431371499,-2.0,93.70802279757888,93.71056779541523,elbow,-1,2,0
52.65882554500013,1787214028.393349,376.62125396728516,11.802883460517702,-2.0,93.70948792492042,93.7180505521896,elbow,-1,2,0
52.67289144100005,1787214028.4074154,376.63531827926636,10.979898100247157,-2.0,93.7119505727086,93.72634299752211,elbow,-1,2,0
52.686960911999904,1787214028.4214828,376.64938831329346,9.558550337076138,-1.0,93.71344910383417,93.72220695246315,elbow,-1,1,0
52.7010487890002,1787214028.4355721,376.66346168518066,7.613126657598917,-1.0,93.710925174505,93.69617460266969,elbow,0,1,0
52.715271979000136,1787214028.4498122,376.6775450706482,5.22674779343206,-1.0,93.70543732517389,93.67336474895545,elbow,0,1,0
52.729537687000175,1787214028.4640732,376.6918566226959,2.5401112386912414,-1.0,93.69880819011424,93.66006561052883,elbow,0,1,0
52.743875707999905,1787214028.4784184,376.7061083316803,-0.3041616362909697,-1.0,93.69239894081339,93.65494143709891,elbow,0,1,0
52.758153526000115,1787214028.4926884,376.72046875953674,-3.120304770723858,-1.0,93.68799990305558,93.66229065608782,elbow,0,1,0
52.77243562300009,1787214028.506973,376.73470091819763,-5.762378517413832,-2.0,93.68601054134666,93.67438413705132,elbow,-1,2,0
52.78657509200002,1787214028.521101,376.74897718429565,-8.059489528512167,-3.0,93.68938253982408,93.70908947265883,elbow,-2,3,0
52.80098722299999,1787214028.5355341,376.7631149291992,-9.942653383376848,-4.0,93.69578472899393,93.7332009712641,elbow,-3,4,0
52.815776439000274,1787214028.5503166,376.77809405326843,-11.281477735912867,-5.0,93.70403802019011,93.75227263724538,elbow,-3,5,0
52.83007399799999,1787214028.5646179,376.7923336029053,-11.928176211980338,-6.0,93.71358527670017,93.76938220070838,elbow,-4,6,0
52.84445370399999,1787214028.5789979,376.8066792488098,-11.898264823315161,-7.0,93.72594423906098,93.79817358399787,elbow,-5,7,0
52.85869317100014,1787214028.5932288,376.82103514671326,-11.197438145141966,-8.0,93.74077758387381,93.82746793438831,elbow,-6,8,0
52.87282265900012,1787214028.6073515,376.8352289199829,-9.880087346212534,-8.0,93.75759641374475,93.85589051228783,elbow,-6,8,0
52.88699320200021,1787214028.621528,376.84933280944824,-8.009626425129092,-8.0,93.77409530669526,93.87051960148705,elbow,-6,8,0
52.9011398560001,1787214028.63567,376.8635311126709,-5.69694252951388,-8.0,93.78833039777177,93.87152438069339,elbow,-6,8,0
52.91523149300019,1787214028.6497567,376.87765669822693,-3.078036929575485,-7.0,93.79918533059873,93.86262469262086,elbow,-5,7,0
52.92938070199989,1787214028.6639118,376.8917317390442,-0.27727819611733545,-6.0,93.8071823876242,93.85391949819294,elbow,-4,6,0
52.943505578999975,1787214028.6780317,376.90591073036194,2.534835696006268,-5.0,93.81431377137092,93.85599163731804,elbow,-4,5,0
52.957775157000015,1787214028.6923168,376.9200327396393,5.233267423185252,-4.0,93.8212837232788,93.86201813494301,elbow,-3,4,0
52.972149270000045,1787214028.706692,376.93437600135803,7.652343772221684,-4.0,93.82860880747808,93.87141871480485,elbow,-2,4,0
52.986375255999974,1787214028.7209053,376.94873094558716,9.61459276643335,-3.0,93.83587613281618,93.8783484806792,elbow,-2,3,0
53.000526188000094,1787214028.7350535,376.96290826797485,11.029970220276935,-3.0,93.84342689881741,93.88755575576504,elbow,-2,3,0
53.014617842999996,1787214028.749142,376.97703075408936,11.828747661739424,-2.0,93.85221272687755,93.90355964314654,elbow,-1,2,0
53.028740497999934,1787214028.7632675,376.9911153316498,11.972970605975767,-2.0,93.860355879728,93.90794681648612,elbow,-1,2,0
53.042843690000154,1787214028.7773693,377.0052556991577,11.452836747887378,-2.0,93.86713190153563,93.90673292969274,elbow,-1,2,0
53.05693786400025,1787214028.7914627,377.0193455219269,10.298277247932479,-1.0,93.87120670088362,93.89502100495396,elbow,-1,1,0
53.071022833999905,1787214028.8055482,377.0334441661835,8.573970433526844,-1.0,93.87567799538165,93.90180953160485,elbow,0,1,0
53.085138970000116,1787214028.819668,377.04751801490784,6.369112257759468,-1.0,93.88092298164419,93.91157619595829,elbow,0,1,0
53.0994568430001,1787214028.833996,377.0617392063141,3.7707718703098356,-1.0,93.88638697516791,93.91832013115918,elbow,0,1,0
53.11362231200019,1787214028.8481495,377.0760235786438,0.9863478837397919,-1.0,93.88883342776805,93.9031312032259,elbow,0,1,0
53.12778891000016,1787214028.8623223,377.09013295173645,-1.854332228786491,-1.0,93.89024098237893,93.89846713798474,elbow,0,1,0
53.14204089600025,1787214028.8765788,377.10433411598206,-4.60750519653357,-2.0,93.88934667932598,93.88412011403645,elbow,-1,2,0
53.15617621699994,1787214028.8907013,377.1185882091522,-7.08054867806824,-2.0,93.8866076597102,93.87060003812819,elbow,-1,2,0
53.17048435000015,1787214028.9050238,377.13267493247986,-9.1805364040572,-3.0,93.88349489276843,93.8653029838863,elbow,-2,3,0
53.184767039000235,1787214028.9193044,377.1470582485199,-10.752336454011026,-5.0,93.8798392508854,93.8584746240804,elbow,-3,5,0
53.19926239000006,1787214028.933803,377.16136741638184,-11.719106778328815,-6.0,93.87737789859875,93.86299304507031,elbow,-4,6,0
53.21397384900001,1787214028.9485104,377.17630887031555,-11.99454247547502,-7.0,93.87560795326473,93.86526388162524,elbow,-5,7,0
53.22826111199993,1787214028.9628015,377.19052958488464,-11.565070055221376,-7.0,93.87526521569673,93.87326215837693,elbow,-5,7,0
53.24259072599989,1787214028.9771535,377.204870223999,-10.46867970065523,-8.0,93.8777493949637,93.8922676559569,elbow,-6,8,0
53.25682639700017,1787214028.9913602,377.21917247772217,-8.781255815575008,-8.0,93.88127148099113,93.90185556880903,elbow,-6,8,0
53.271019941000304,1787214029.0055568,377.2333617210388,-6.600463317135935,-8.0,93.88707687651946,93.92100528441233,elbow,-6,8,0
53.28517400999999,1787214029.0197015,377.24756622314453,-4.052781552184765,-7.0,93.89162119254803,93.9181794876822,elbow,-5,7,0
53.29929339399996,1787214029.03382,377.2616956233978,-1.2830309888273872,-6.0,93.89387000497241,93.90701271417059,elbow,-5,6,0
53.31342079700016,1787214029.0479512,377.2758014202118,1.5610048623512596,-5.0,93.89765899116682,93.91980292063337,elbow,-4,5,0
53.32758003200024,1787214029.062112,377.28993463516235,4.324020237243348,-5.0,93.90376561136026,93.93945446318081,elbow,-3,5,0
53.341702676000295,1787214029.0762293,377.3041090965271,6.837435126546197,-4.0,93.90794180449168,93.93234868311197,elbow,-3,4,0
53.356023131000256,1787214029.090566,377.318231344223,8.993587603969656,-3.0,93.90735631264037,93.90393452918873,elbow,-2,3,0
53.37040173300011,1787214029.1049428,377.33260703086853,10.63566126061437,-3.0,93.89941647870467,93.85301379639675,elbow,-2,3,0
53.384615189000215,1787214029.1191432,377.34698033332825,11.649867310242012,-2.0,93.88640596253579,93.81036874899524,elbow,-1,2,0
53.398782740000115,1787214029.1333096,377.3611876964569,11.999924802536995,-2.0,93.87549116225841,93.81170191756813,elbow,-1,2,0
53.412921605000065,1787214029.1474493,377.3752899169922,11.671129149914162,-2.0,93.86800917591404,93.82428228714264,elbow,-1,2,0
53.427030637999906,1787214029.1615572,377.38944005966187,10.685676817959564,-1.0,93.86393010085754,93.84009080831196,elbow,-1,1,0
53.441185855000185,1787214029.1757178,377.40354204177856,9.092461536586558,-1.0,93.86211019229958,93.85147412115143,elbow,0,1,0
53.4552936099999,1787214029.1898186,377.4177076816559,6.991301928542028,-1.0,93.86024513514846,93.84934520258433,elbow,0,1,0
53.46940916099993,1787214029.2039373,377.4317932128906,4.4943354969396605,-1.0,93.8601049055881,93.85928536354325,elbow,0,1,0
53.48357974800001,1787214029.2181115,377.44592475891113,1.7321492197271566,-1.0,93.8609939738143,93.86618994526465,elbow,0,1,0
53.4979117580001,1787214029.232451,377.46017956733704,-1.1618057412286198,-1.0,93.86422279835678,93.88309298137138,elbow,0,1,0
53.51224045400022,1787214029.2467778,377.4745123386383,-3.9882247590272075,-1.0,93.86814003171239,93.8910334746229,elbow,-1,1,0
53.52650968700027,1787214029.2610416,377.4888472557068,-6.573094677288345,-2.0,93.87172228542195,93.89265801054889,elbow,-1,2,0
53.54080516100021,1787214029.2753446,377.50304317474365,-8.782526134800491,-3.0,93.87522540086375,93.8956986191011,elbow,-2,3,0
53.55499210000016,1787214029.2895195,377.517377614975,-10.47232251386281,-4.0,93.87810653843151,93.89494473836417,elbow,-3,4,0
53.569206168000164,1787214029.303743,377.53151297569275,-11.565360963986654,-5.0,93.88113135731541,93.89880927235055,elbow,-4,5,0
53.58357386300031,1787214029.318118,377.54583072662354,-11.99557136273859,-6.0,93.88415826656143,93.90184839827639,elbow,-5,6,0
53.59790352100026,1787214029.332445,377.56016874313354,-11.723595525971952,-7.0,93.88859681757002,93.91453699138563,elbow,-5,7,0
53.61248762000014,1787214029.3470263,377.5747539997101,-10.743940066543875,-8.0,93.89263469815015,93.91623323828014,elbow,-6,8,0
53.62683305600012,1787214029.3613734,377.58907866477966,-9.145265615483297,-8.0,93.89726666113448,93.9243371903879,elbow,-6,8,0
53.641119530000196,1787214029.3756576,377.60342144966125,-7.020047281459231,-8.0,93.90287785918115,93.93567132091275,elbow,-6,8,0
53.65525537700023,1787214029.389781,377.61766266822815,-4.5144717152332445,-7.0,93.90896946933273,93.94457059813419,elbow,-5,7,0
53.669342854000206,1787214029.4038672,377.631756067276,-1.7608495047096242,-7.0,93.91610501501361,93.95780720450577,elbow,-5,7,0
53.68346042400026,1787214029.417988,377.6458432674408,1.0992095070869026,-6.0,93.92254117431045,93.96015594781231,elbow,-4,6,0
53.69764671400026,1787214029.432175,377.66003012657166,3.910672560759348,-5.0,93.92758884032352,93.95708885811958,elbow,-3,5,0
53.71194122499992,1787214029.4464824,377.674179315567,6.516645469948163,-4.0,93.93140113557584,93.95368128990775,elbow,-3,4,0
53.72617153400006,1787214029.4607048,377.6885163784027,8.73403321580491,-3.0,93.93292513354287,93.94183181774739,elbow,-2,3,0
53.740320566000264,1787214029.4748478,377.7027063369751,10.438427464733472,-3.0,93.93437115375879,93.94282211346827,elbow,-2,3,0
53.75461459500002,1787214029.4891534,377.7168679237366,11.553765418144906,-2.0,93.93312777281295,93.92586109551412,elbow,-1,2,0
53.768792977999965,1787214029.5033216,377.7311849594116,11.993399136303076,-2.0,93.93074156098342,93.91679584998468,elbow,-1,2,0
53.78289553000013,1787214029.517422,377.74530386924744,11.746282391458209,-2.0,93.92565714186992,93.89594232834179,elbow,-1,2,0
53.797033543,1787214029.531559,377.75944471359253,10.82702361807132,-2.0,93.91851160950988,93.8767510549808,elbow,-1,2,0
53.81111163200012,1787214029.5456352,377.7735381126404,9.295240382499806,-1.0,93.9106920947093,93.86499259217169,elbow,-1,1,0
53.82518623900023,1787214029.5597095,377.78760957717896,7.235561278127531,-1.0,93.90115869101979,93.84544272689514,elbow,0,1,0
53.83929349400023,1787214029.5738204,377.8016834259033,4.758195711796301,-1.0,93.89071172284281,93.82965662404318,elbow,0,1,0
53.85337778700023,1787214029.587902,377.8158001899719,2.0131182617142187,-1.0,93.87980301843575,93.8160493997719,elbow,0,1,0
53.86760505800021,1787214029.6021473,377.82987427711487,-0.8763501181477287,-1.0,93.86959816671805,93.80995806642245,elbow,0,1,0
53.8817947739999,1787214029.6163204,377.8441843986511,-3.708311902777372,-1.0,93.85991211152255,93.80330400791568,elbow,-1,1,0
53.89589538100017,1787214029.6304202,377.8583116531372,-6.310973100476292,-2.0,93.85302601061998,93.81278164844454,elbow,-1,2,0
53.909970007000084,1787214029.6444929,377.8723952770233,-8.549789531584693,-3.0,93.84867625926229,93.82325505624928,elbow,-2,3,0
53.92451740300021,1787214029.6590583,377.8864607810974,-10.351091019523821,-4.0,93.84890418133537,93.8502362237476,elbow,-3,4,0
53.93869674899997,1787214029.6732242,377.9010925292969,-11.501380219528732,-5.0,93.85215129316707,93.87112835238071,elbow,-4,5,0
53.95291948300019,1787214029.687457,377.91522002220154,-11.986555205250296,-6.0,93.85744363688194,93.8883736218229,elbow,-5,6,0
53.96722393900018,1787214029.7017636,377.9294764995575,-11.77011660196887,-7.0,93.86349331227684,93.89884936225084,elbow,-5,7,0
53.98155691200009,1787214029.7161028,377.9438223838806,-10.857043184444114,-8.0,93.8661632061277,93.88176683677793,elbow,-6,8,0
53.9959350879999,1787214029.730478,377.95814871788025,-9.294776527547219,-8.0,93.86586138620035,93.86409746338838,elbow,-6,8,0
54.01027659800002,1787214029.7448165,377.9725286960602,-7.1837933092913335,-8.0,93.8401498070301,93.68988391362063,elbow,-6,8,0
54.02447053700007,1787214029.758999,377.986839056015,-4.673603195052816,-7.0,93.81169842056683,93.64542030216215,elbow,-5,7,0
54.03863941999998,1787214029.773171,378.00098991394043,-1.8959099587951087,-7.0,93.7780321030041,93.58127642133735,elbow,-5,7,0
54.05277587799992,1787214029.7873046,378.01516485214233,0.9858459366420134,-6.0,93.74242450361398,93.53432341036368,elbow,-4,6,0
54.0668745779999,1787214029.8014,378.0292932987213,3.8040302417646217,-5.0,93.70177659921386,93.46421850799508,elbow,-3,5,0
54.081117349000124,1787214029.8156576,378.0433900356293,6.429096031311702,-4.0,93.65797023332775,93.40195318111522,elbow,-3,4,0
54.09538600799988,1787214029.8299189,378.0577425956726,8.681065680741309,-3.0,93.61529232932065,93.36587033419525,elbow,-2,3,0
54.10967231599989,1787214029.844214,378.0719394683838,10.423677295382632,-3.0,93.57115047663191,93.31317274266617,elbow,-2,3,0
54.124026176999905,1787214029.8585737,378.0862455368042,11.554212617647076,-2.0,93.52641002367623,93.26493389689261,elbow,-1,2,0
54.13833141000032,1787214029.8728714,378.10063791275024,11.994857827742411,-2.0,93.48514780564864,93.24399948819543,elbow,-1,2,0
54.15250505299991,1787214029.8870323,378.11488676071167,11.729597971105498,-2.0,93.44770158926971,93.22885508739894,elbow,-1,2,0
54.166630808000264,1787214029.9011612,378.129013299942,10.78492445427335,-2.0,93.41516028950447,93.22497953671797,elbow,-1,2,0
54.18091520799999,1787214029.9154546,378.1431770324707,9.19446750470224,-1.0,93.38704775836534,93.22275000832636,elbow,-1,1,0
54.19515983100018,1787214029.9296906,378.1575427055359,7.065398569062818,-1.0,93.3632845860603,93.22440574501304,elbow,0,1,0
54.20928130700031,1787214029.9438076,378.17167925834656,4.5426413480598296,-1.0,93.34377764805254,93.22977346931232,elbow,0,1,0
54.22338937700033,1787214029.957917,378.1857843399048,1.7586254303188462,-1.0,93.32801519021226,93.23589483486519,elbow,0,1,0
54.23751918700009,1787214029.97205,378.19989371299744,-1.132329896389868,-1.0,93.31463839352332,93.23646053085267,elbow,0,1,0
54.251863993999905,1787214029.9864025,378.21413826942444,-3.999838182613626,-1.0,93.3052076739841,93.25009182568589,elbow,-1,1,0
54.26606287699997,1787214030.0005915,378.22842955589294,-6.6034626173939746,-2.0,93.29972601394975,93.2676896097688,elbow,-1,2,0
54.28030141299996,1787214030.0148404,378.2425937652588,-8.825450178993723,-3.0,93.29765717555466,93.28556628655485,elbow,-2,3,0
54.29449265600033,1787214030.0290208,378.2568802833557,-10.521884453390582,-4.0,93.29852682490252,93.30360930682025,elbow,-3,4,0
54.308644473000186,1787214030.0431745,378.27100133895874,-11.598788994222271,-6.0,93.30208736546294,93.32289619267614,elbow,-4,6,0
54.32292826899993,1787214030.0574656,378.2851917743683,-11.998698325791938,-6.0,93.30828955153639,93.34453691795632,elbow,-5,6,0
54.337181547,1787214030.0717163,378.2995285987854,-11.685646525078887,-7.0,93.31654965244313,93.36482406741335,elbow,-5,7,0
54.35131908700032,1787214030.0858495,378.31371545791626,-10.690109395869218,-8.0,93.3252104852112,93.37582689289847,elbow,-6,8,0
54.36556414300003,1787214030.100102,378.327853679657,-9.055550169283183,-8.0,93.33327085760946,93.38037800150042,elbow,-6,8,0
54.38000058500029,1787214030.1145415,378.34223985671997,-6.851167296267043,-8.0,93.34007559728605,93.37984446096219,elbow,-6,8,0
54.39429432599991,1787214030.1288314,378.35658717155457,-4.256169834259293,-7.0,93.3461329186024,93.38153365354913,elbow,-5,7,0
54.408607676999964,1787214030.143153,378.37086486816406,-1.4020865420012363,-6.0,93.34973933549183,93.37081627721957,elbow,-5,6,0
54.422945934999916,1787214030.1574843,378.3852059841156,1.5418788952132438,-5.0,93.34963764848197,93.34904336023219,elbow,-4,5,0
54.43717323300007,1787214030.1717072,378.39951944351196,4.372466784952725,-5.0,93.3473387264139,93.33390316198782,elbow,-3,5,0
54.45137158600028,1787214030.1859074,378.41371273994446,6.939525309643669,-4.0,93.34260561304602,93.3149439317419,elbow,-3,4,0
54.46554099500008,1787214030.2000706,378.4279146194458,9.093148912573781,-3.0,93.33588044596829,93.29657662753802,elbow,-2,3,0
54.47967921999998,1787214030.2142088,378.44205927848816,10.708842740321018,-3.0,93.3271327765036,93.27600887008553,elbow,-2,3,0
54.493816741000046,1787214030.228344,378.45619916915894,11.696626839835682,-2.0,93.31695726955724,93.25748866857927,elbow,-1,2,0
54.50795365100021,1787214030.2424834,378.47032737731934,11.998156483997576,-2.0,93.30671600071622,93.24686306823581,elbow,-1,2,0
54.522058673000174,1787214030.2565842,378.48447370529175,11.596965999548456,-2.0,93.2974537822241,93.24332270270317,elbow,-1,2,0
54.536298618000274,1787214030.270839,378.498571395874,10.504036170699067,-1.0,93.28760939456339,93.23007595030822,elbow,-1,1,0
54.55076478199999,1787214030.285308,378.51290941238403,8.752611896529231,-1.0,93.27717807413731,93.21621442531256,elbow,0,1,0
54.564978968000105,1787214030.2995064,378.5273473262787,6.50568545591233,-1.0,93.26782434024052,93.21315841826788,elbow,0,1,0
54.57909780399996,1787214030.3136241,378.5414915084839,3.8899019069924687,-1.0,93.26029294326375,93.21627728448833,elbow,0,1,0
54.593205085000136,1787214030.3277328,378.55560636520386,1.0474663334080476,-1.0,93.25455879974275,93.22104680915616,elbow,0,1,0
54.60728916300013,1787214030.3418133,378.56970977783203,-1.852358961431611,-1.0,93.25088051405281,93.22938355030143,elbow,0,1,0
54.621370796000065,1787214030.355896,378.5837826728821,-4.644091561193063,-2.0,93.2492078618819,93.239432399583,elbow,-1,2,0
54.635450077000314,1787214030.3699744,378.5978720188141,-7.164468436361583,-2.0,93.24797985484186,93.24080302708802,elbow,-1,2,0
54.64954865400023,1787214030.3840764,378.6119601726532,-9.26885523609414,-3.0,93.24696875924214,93.24105962458303,elbow,-2,3,0
54.663622769000085,1787214030.3981457,378.6260509490967,-10.82757770095142,-5.0,93.2460374635324,93.24059470247423,elbow,-3,5,0
54.67768101299998,1787214030.4122028,378.64011430740356,-11.752415647077875,-6.0,93.24514481065565,93.23992788947231,elbow,-4,6,0
54.69190336600013,1787214030.4264402,378.65418767929077,-11.989597459797013,-7.0,93.24473082290126,93.24231135891726,elbow,-5,7,0
54.70619755100006,1787214030.4407349,378.6684682369232,-11.505530364262661,-7.0,93.24174140296833,93.22427036962483,elbow,-5,7,0
54.72036566499992,1787214030.4549143,378.6827630996704,-10.339187961595645,-8.0,93.23444466721314,93.19180043637974,elbow,-6,8,0
54.73463612800015,1787214030.4691763,378.69691157341003,-8.54338432948132,-8.0,93.21742442277294,93.11795319932457,elbow,-6,8,0
54.7489985520001,1787214030.483538,378.7112557888031,-6.215665347209145,-8.0,93.19229894207795,93.0454583774058,elbow,-6,8,0
54.76327247900008,1787214030.4978125,378.72557282447815,-3.525056861059106,-7.0,93.15974817938181,92.96951212249444,elbow,-5,7,0
54.77755027500007,1787214030.5120878,378.7398476600647,-0.6200975918632861,-6.0,93.12239587947884,92.90409825261385,elbow,-4,6,0
54.79380494599991,1787214030.5283458,378.75609612464905,2.723528980894778,-5.0,93.07957097260186,92.82928985025472,elbow,-4,5,0
54.808143240999925,1787214030.5426884,378.7703971862793,5.505000017031528,-4.0,93.03049020856722,92.74364805048555,elbow,-3,4,0
54.822614922999946,1787214030.5571544,378.78487372398376,7.971869636060477,-4.0,92.97932805564521,92.68032165986259,elbow,-2,4,0
54.836891126999944,1787214030.5714273,378.7991895675659,9.92076796405181,-3.0,92.92124866474006,92.58181593269157,elbow,-2,3,0
54.85107798099989,1787214030.585607,378.8134789466858,11.262883719144092,-3.0,92.8532447460271,92.45581020756171,elbow,-2,3,0
54.865179373000046,1787214030.5997047,378.82758951187134,11.929386903109917,-2.0,92.77938111299383,92.34770071192945,elbow,-1,2,0
54.87931348600023,1787214030.6138425,378.84168553352356,11.889399781974436,-2.0,92.69809218693638,92.22301622923516,elbow,-1,2,0
54.89342584099995,1787214030.6279547,378.85583114624023,11.144109322749305,-2.0,92.61506359083174,92.12982049900988,elbow,-1,2,0
54.90810800100007,1787214030.6426506,378.8699321746826,9.668074794558917,-1.0,92.53106514758561,92.04015398900584,elbow,-1,1,0
54.922302929000125,1787214030.656831,378.88468289375305,7.649196166114726,-1.0,92.43937090958535,91.90348330414608,elbow,0,1,0
54.93657161400006,1787214030.6711123,378.89882946014404,5.156563190544354,-1.0,92.34059770572675,91.76333857961684,elbow,0,1,0
54.95080650399996,1787214030.6853337,378.91319966316223,2.357122049227999,-1.0,92.23086884972346,91.58958172881385,elbow,0,1,0
54.96489797000004,1787214030.699424,378.9273157119751,-0.5557382146675199,-1.0,92.10899952494132,91.39675999868216,elbow,0,1,0
54.979010547000144,1787214030.7135375,378.94139981269836,-3.440563212390267,-1.0,91.9859484352788,91.26680233380019,elbow,0,1,0
54.993128939000144,1787214030.727654,378.9555244445801,-6.1224530675238045,-2.0,91.8738641080858,91.21881093335357,elbow,-1,2,0
55.00722723800027,1787214030.7417524,378.96963572502136,-8.437326910508697,-3.0,91.77165883060556,91.17434167517006,elbow,-2,3,0
55.021304131000306,1787214030.7558274,378.98373007774353,-10.249036847160236,-4.0,91.67731016504268,91.12590931840786,elbow,-3,4,0
55.03539343000011,1787214030.769917,378.9978005886078,-11.454421670484574,-5.0,91.588503106063,91.0694890085514,elbow,-3,5,0
55.04952360000016,1787214030.7840471,379.01194953918457,-11.98008096453739,-6.0,91.49618143170153,90.95662690698245,elbow,-4,6,0
55.063759119000224,1787214030.7982976,379.02601742744446,-11.785552305529464,-7.0,91.40054061083839,90.84158803549292,elbow,-5,7,0
55.07807652600013,1787214030.8126187,379.04033184051514,-10.868333237437458,-8.0,91.2986097209923,90.70289616612578,elbow,-6,8,0
55.09227630500027,1787214030.826807,379.05465745925903,-9.29874469688582,-8.0,91.2014180964075,90.6334021762866,elbow,-6,8,0
55.10658841600025,1787214030.841127,379.0688433647156,-7.147779546075369,-8.0,91.11092458462791,90.58205436995632,elbow,-6,8,0
55.120797694999965,1787214030.8553243,379.08315420150757,-4.576898521184678,-7.0,91.02222391734206,90.50383160361197,elbow,-5,7,0
55.13495179000029,1787214030.869483,379.0973093509674,-1.7394092099400114,-6.0,90.93491653915157,90.42466700923516,elbow,-5,6,0
55.14920288300027,1787214030.8837435,379.1114971637726,1.2235388916763572,-5.0,90.84768968264217,90.33791074468222,elbow,-4,5,0
55.163673990999996,1787214030.8982146,379.12577962875366,4.155632630898856,-5.0,90.75839184059053,90.23650946508286,elbow,-3,5,0
55.18035248800015,1787214030.9149349,379.1422860622406,7.2005207417616965,-4.0,90.67230400964654,90.16918186600758,elbow,-3,4,0
55.19476448600017,1787214030.929306,379.15705943107605,9.356142642262434,-3.0,90.58451282099658,90.07143576304492,elbow,-2,3,0
55.20897637600001,1787214030.9435096,379.1713192462921,10.910264801626761,-3.0,90.48882851469567,89.92962179789448,elbow,-2,3,0
55.22318982100023,1787214030.9577243,379.1855208873749,11.801375530029052,-2.0,90.38168206042606,89.75548724096879,elbow,-1,2,0
55.23733387900029,1787214030.9718614,379.1997323036194,11.975490486270136,-2.0,90.26921365803439,89.61191583693163,elbow,-1,2,0
55.25144206799996,1787214030.98597,379.21384048461914,11.429897410979427,-2.0,90.15165039087299,89.4645767088107,elbow,-1,2,0
55.26555258899998,1787214031.0000763,379.22794938087463,10.197914401087226,-1.0,90.0309080519055,89.32525495618711,elbow,-1,1,0
55.27963104299988,1787214031.0141563,379.2420506477356,8.35788307920436,-1.0,89.91413480873405,89.23167825500443,elbow,0,1,0
55.29426906300023,1787214031.0288136,379.2561283111572,5.915908136837024,-1.0,89.80093421534714,89.1393572586333,elbow,0,1,0
55.30849416399997,1787214031.0430257,379.270849943161,3.1740167762337363,-1.0,89.69987577978274,89.10926109967724,elbow,0,1,0
55.322766022999986,1787214031.0573053,379.285031080246,0.22764528645050558,-1.0,89.6080377068558,89.07130948856971,elbow,0,1,0
55.33696979100023,1787214031.0715013,379.29931712150574,-2.7195863298844967,-1.0,89.52481469927761,89.03843541066412,elbow,0,1,0
55.35114533800015,1787214031.08567,379.3135540485382,-5.496359491930234,-2.0,89.45087039295427,89.01871851388668,elbow,-1,2,0
55.36522907000017,1787214031.0997524,379.32764768600464,-7.925207809624567,-3.0,89.38332817982392,88.9885919821101,elbow,-2,3,0
55.37929976700025,1787214031.1138222,379.34172773361206,-9.87719909527399,-4.0,89.32349238004639,88.97379468734917,elbow,-2,4,0
55.39338461100033,1787214031.127909,379.35579228401184,-11.238397201538275,-5.0,89.26634387159783,88.93235148543677,elbow,-3,5,0
55.40749310199999,1787214031.14202,379.3698856830597,-11.924871234846602,-6.0,89.21068525536921,88.88540022957812,elbow,-4,6,0
55.42157298400025,1787214031.1560977,379.3839943408966,-11.89268977483065,-7.0,89.15391088240376,88.82210505204519,elbow,-5,7,0
55.43572682700005,1787214031.1702592,379.3980710506439,-11.13961163279598,-7.0,89.09805875793056,88.77164281407859,elbow,-5,7,0
55.45006322200015,1787214031.1846044,379.4123420715332,-9.68661219798317,-8.0,89.04743594679923,88.75158162018718,elbow,-6,8,0
55.464231787000244,1787214031.1987572,379.4266324043274,-7.656006902063029,-8.0,89.00361952596502,88.74754370973221,elbow,-6,8,0
55.478342815999895,1787214031.2128696,379.44073605537415,-5.168953536115222,-7.0,88.96601569361358,88.74624803848467,elbow,-5,7,0
55.49264823000021,1787214031.2271862,379.4548840522766,-2.328510666776222,-7.0,88.93406629801319,88.74734480409033,elbow,-5,7,0
55.506813387999955,1787214031.2413404,379.4692189693451,0.6281098303607444,-6.0,88.90737671641362,88.7513950943893,elbow,-4,6,0
55.52116232000026,1787214031.255703,379.4833183288574,3.5839309527494176,-5.0,88.88506004369712,88.7546349639513,elbow,-3,5,0
55.535442328000045,1787214031.2699797,379.4977431297302,6.303611982584739,-4.0,88.86832367829919,88.7705115259497,elbow,-3,4,0
55.55007555200018,1787214031.2846231,379.5119934082031,8.683920973378113,-3.0,88.85621345574174,88.7854378180443,elbow,-2,3,0
55.564795329999924,1787214031.299338,379.526682138443,10.507295428972741,-3.0,88.84622935886206,88.78787941358732,elbow,-2,3,0
55.57898467199993,1787214031.3135126,379.54137539863586,11.609771751231365,-2.0,88.83665803690876,88.78072046750084,elbow,-1,2,0
55.59309460800023,1787214031.3276248,379.5554964542389,11.99954903067007,-2.0,88.82808609702346,88.7779892050128,elbow,-1,2,0
55.60718391499995,1787214031.341708,379.56961011886597,11.661506064216908,-2.0,88.82024511676501,88.774420163893,elbow,-1,2,0
55.621330942999975,1787214031.355859,379.58367705345154,10.611034535555898,-2.0,88.81777505236812,88.80333928275168,elbow,-1,2,0
55.63557685900014,1787214031.3701224,379.59785556793213,8.897774471174753,-1.0,88.82213772472214,88.8476344417689,elbow,-1,1,0
55.65022467500012,1787214031.3847659,379.6121492385864,6.561749200784732,-1.0,88.82817496977165,88.86345837321758,elbow,0,1,0
55.664467479999985,1787214031.3989992,379.6267993450165,3.8756322410933315,-1.0,88.83718267479478,88.88982630410692,elbow,0,1,0
55.67866106300016,1787214031.413195,379.6409935951233,0.9587359887609315,-1.0,88.84877270983921,88.91650822149595,elbow,0,1,0
55.69280122100008,1787214031.427328,379.65520334243774,-2.006879330716827,-1.0,88.8625637799011,88.94316277579311,elbow,0,1,0
55.70690945300021,1787214031.4414353,379.6693069934845,-4.844202873170615,-2.0,88.87897392251743,88.9748795347279,elbow,-1,2,0
55.720987612000044,1787214031.4555123,379.68340945243835,-7.381856082778237,-2.0,88.89663688155598,88.9998643147139,elbow,-1,2,0
55.735119233000205,1787214031.4696486,379.6974878311157,-9.478634770393278,-3.0,88.91989974354988,89.05585462666411,elbow,-2,3,0
55.749380593000296,1787214031.483917,379.711660861969,-11.006440476154534,-5.0,88.94391702245976,89.08428093588411,elbow,-3,5,0
55.76368024800013,1787214031.4982188,379.7259576320648,-11.849243525140936,-6.0,88.97507412785413,89.1571652490232,elbow,-4,6,0
55.778013421000196,1787214031.512553,379.74025988578796,-11.94804664154722,-7.0,89.01840232847081,89.271624844769,elbow,-5,7,0
55.79219915300018,1787214031.526725,379.75458693504333,-11.303726552456766,-7.0,89.06696978471659,89.3508120238522,elbow,-5,7,0
55.80629046000013,1787214031.5408156,379.7687063217163,-9.971541659900836,-8.0,89.1184361516168,89.41922046173602,elbow,-6,8,0
55.82036513699995,1787214031.554913,379.7827889919281,-8.033041887052846,-8.0,89.17046715939016,89.47455139382346,elbow,-6,8,0
55.8345301280001,1787214031.5690558,379.79688906669617,-5.5878469298659645,-7.0,89.22175384587477,89.5214880517589,elbow,-5,7,0
55.84873741399997,1787214031.583262,379.811146736145,-2.788442822981599,-7.0,89.26726239996755,89.53322753160109,elbow,-5,7,0
55.86281761000009,1787214031.5973396,379.8252396583557,0.15804655137644588,-6.0,89.30711250052978,89.540007995738,elbow,-4,6,0
55.87687839899991,1787214031.6113992,379.83931183815,3.0916279868213064,-5.0,89.34869539326147,89.59171782628671,elbow,-3,5,0
55.8909430030003,1787214031.6254683,379.85336470603943,5.838272260792368,-4.0,89.38806935109855,89.61818213072513,elbow,-3,4,0
55.90502905099993,1787214031.639553,379.8674383163452,8.232841192343468,-4.0,89.42359522140326,89.63121866627758,elbow,-2,4,0
55.919101857999976,1787214031.6536262,379.8815224170685,10.12266107198556,-3.0,89.45516027244128,89.63963554575429,elbow,-2,3,0
55.93335499500017,1787214031.667895,379.8956277370453,11.406223166882983,-3.0,89.48894683474,89.686405261367,elbow,-2,3,0
55.947733464000066,1787214031.6822722,379.9099941253662,11.976500022641435,-2.0,89.52416791611776,89.73001008648899,elbow,-1,2,0
55.96190139999999,1787214031.6964278,379.92430233955383,11.7906607172641,-2.0,89.56206474374808,89.78354474789506,elbow,-1,2,0
55.97607553800026,1787214031.7106133,379.93841075897217,10.872885626654602,-2.0,89.59929039198245,89.81684782992288,elbow,-1,2,0
55.990336194000065,1787214031.724872,379.95264744758606,9.267948390327287,-1.0,89.63590424839037,89.84988619822983,elbow,-1,1,0
56.00469992300032,1787214031.7392426,379.9668939113617,7.062062630674092,-1.0,89.67834879489243,89.92640698137167,elbow,0,1,0
56.019000874000085,1787214031.753539,379.9812910556793,4.417178370471269,-1.0,89.7311967761926,90.04005563983429,elbow,0,1,0
56.0352960160003,1787214031.769838,379.99756598472595,1.072169276438766,-1.0,89.79220816522567,90.14877634100746,elbow,0,1,0
56.04961970800014,1787214031.7841618,380.01186871528625,-1.9510618534743802,-1.0,89.85781930736007,90.24126976853778,elbow,0,1,0
56.06380645700028,1787214031.798333,380.02619194984436,-4.824421190259372,-2.0,89.92667491125715,90.3290869438799,elbow,-1,2,0
56.07798954100008,1787214031.8125243,380.0403287410736,-7.396772206707243,-2.0,89.99644946345167,90.40423209528952,elbow,-1,2,0
56.09215903099994,1787214031.82669,380.0545299053192,-9.506373630867266,-4.0,90.06767534071244,90.48393993533702,elbow,-2,4,0
56.10626135700022,1787214031.840784,380.06868028640747,-11.018431040497138,-5.0,90.14151114480228,90.57302890548505,elbow,-3,5,0
56.12035407100029,1787214031.8548768,380.0827600955963,-11.85001634942229,-6.0,90.21738750506144,90.66083086524955,elbow,-4,6,0
56.1345600059999,1787214031.8690927,380.09689688682556,-11.948367829165925,-7.0,90.29812802196155,90.769998918183,elbow,-5,7,0
56.149146397000095,1787214031.8836875,380.11109685897827,-11.269775218579376,-7.0,90.38496030878893,90.89243326758721,elbow,-5,7,0
56.163324831999944,1787214031.8978524,380.12572145462036,-9.894792262181168,-8.0,90.48272849926711,91.05411403696395,elbow,-6,8,0
56.17767146799997,1787214031.912215,380.1398570537567,-7.8736748012955555,-8.0,90.58150028899142,91.1587511504922,elbow,-6,8,0
56.191879384,1787214031.9264088,380.154257774353,-5.373999778728123,-7.0,90.69046905544302,91.32731399352137,elbow,-5,7,0
56.20598220900001,1787214031.9405067,380.1683967113495,-2.557683798132945,-7.0,90.80614553028285,91.48219225316849,elbow,-5,7,0
56.220076015999894,1787214031.954599,380.18248224258423,0.4159007563309142,-6.0,90.92363613706853,91.61028517091295,elbow,-4,6,0
56.23415382300027,1787214031.9686782,380.1965730190277,3.3611705175032904,-5.0,91.03798802956015,91.70629351070296,elbow,-3,5,0
56.248336351000034,1787214031.9828644,380.2107455730438,6.118514835543284,-4.0,91.15130811190646,91.81358339660393,elbow,-3,4,0
56.262475972000175,1787214031.9970012,380.22486877441406,8.4860361481356,-4.0,91.26536097528569,91.9319188439449,elbow,-2,4,0
56.27656681799999,1787214032.0110908,380.2389757633209,10.319143407420317,-3.0,91.37885604661345,92.04215401745014,elbow,-2,3,0
56.290645447000315,1787214032.0251703,380.25306510925293,11.511950411892,-3.0,91.48506240838479,92.10576305581148,elbow,-2,3,0
56.3048337780001,1787214032.0393703,380.2671492099762,11.992780895748922,-2.0,91.58257996925666,92.15250075515983,elbow,-1,2,0
56.31911916300032,1787214032.0536592,380.2813947200775,11.714463815410493,-2.0,91.67113457509927,92.18867326357697,elbow,-1,2,0
56.3334576770003,1787214032.067999,380.29569244384766,10.683219070349939,-2.0,91.7535224037139,92.23502066528961,elbow,-1,2,0
56.34770791500023,1787214032.0822368,380.31009435653687,8.976925477302565,-1.0,91.82841262500116,92.26609270426992,elbow,-1,1,0
56.36203746599995,1787214032.096579,380.32421612739563,6.685468860728539,-1.0,91.89800838917945,92.30474613222185,elbow,0,1,0
56.376343851,1787214032.1109052,380.3386290073395,3.9681396808090623,-1.0,91.9625248508503,92.33957768328786,elbow,0,1,0
56.39249233600003,1787214032.1270397,380.35475969314575,0.6040836732350243,-1.0,92.01923000755157,92.35063131807459,elbow,0,1,0
56.40690101600012,1787214032.14144,380.3692035675049,-2.4484645461596397,-1.0,92.06756118126657,92.35002251706089,elbow,0,1,0
56.42129628800012,1787214032.1558366,380.38349056243896,-5.3397371377778615,-2.0,92.10827862718581,92.34624313912383,elbow,-1,2,0
56.435545618000106,1787214032.170079,380.3978819847107,-7.8609546265668575,-3.0,92.14235875950257,92.3415328940892,elbow,-2,3,0
56.449766615000044,1787214032.1842928,380.4121332168579,-9.878125297750799,-4.0,92.1719066996238,92.34459339425761,elbow,-2,4,0
56.463888447000045,1787214032.1984146,380.4262776374817,-11.260835553334328,-5.0,92.19689066968967,92.34290420538122,elbow,-3,5,0
56.47797515100001,1787214032.2124996,380.44039368629456,-11.937157191234496,-6.0,92.21627024462548,92.32953007679454,elbow,-4,6,0
56.49207653900021,1787214032.2266011,380.4544734954834,-11.868167231514171,-7.0,92.22626818775616,92.2846990545202,elbow,-5,7,0
56.50648992200013,1787214032.2410316,380.468576669693,-11.030511161484554,-7.0,92.2249337872783,92.21713516555062,elbow,-5,7,0
56.52068447500005,1787214032.2552128,380.48306798934937,-9.500024473192802,-8.0,92.2119579740433,92.13612357446944,elbow,-6,8,0
56.53494769400004,1787214032.269487,380.4972176551819,-7.354748838132788,-8.0,92.18713421413128,92.04205699284266,elbow,-6,8,0
56.54910728499999,1787214032.283633,380.5115032196045,-4.757851464520625,-7.0,92.1544705486699,91.96357465541968,elbow,-5,7,0
56.56319698800007,1787214032.2977214,380.5256118774414,-1.8743594557242587,-6.0,92.11951875144857,91.91525035544872,elbow,-5,6,0
56.577275895000184,1787214032.3117986,380.5397005081177,1.1248828571128797,-6.0,92.08447004024849,91.87963525097106,elbow,-4,6,0
56.59134380200021,1787214032.3258686,380.5537688732147,4.052252399229451,-5.0,92.04961498477806,91.84591197550662,elbow,-3,5,0
56.605429949000154,1787214032.3399558,380.56784081459045,6.730332535404582,-4.0,92.01567674149922,91.81733184742352,elbow,-3,4,0
56.61950617100001,1787214032.3540308,380.5819294452667,8.985801700769686,-3.0,91.9833905191511,91.79470051244901,elbow,-2,3,0
56.63357980000001,1787214032.3681047,380.5960023403168,10.678869698970788,-3.0,91.95483397078688,91.78794125586549,elbow,-2,3,0
56.647724373000074,1787214032.3822508,380.6101312637329,11.70690995233287,-2.0,91.92110199304636,91.72396257434,elbow,-1,2,0
56.66180679800027,1787214032.3963346,380.62422490119934,11.994717784783749,-2.0,91.87809077125745,91.62672077076287,elbow,-1,2,0
56.676047610000296,1787214032.4105902,380.6383330821991,11.520319455050902,-2.0,91.83354164104163,91.57318365959804,elbow,-1,2,0
56.69035045800001,1787214032.4248877,380.6526436805725,10.299318308569275,-2.0,91.7859649493182,91.5079130241545,elbow,-1,2,0
56.70463693500005,1787214032.4391747,380.66688680648804,8.413177902438209,-1.0,91.73550470200924,91.44060044531874,elbow,-1,1,0
56.71880263699995,1787214032.453329,380.68119978904724,6.0048464840182,-1.0,91.68009019979301,91.3562318467831,elbow,0,1,0
56.73298033900028,1787214032.4675138,380.69531774520874,3.2114016567753367,-1.0,91.62182217858305,91.28128703656243,elbow,0,1,0
56.74729805700008,1787214032.4818363,380.7095625400543,0.1825174111100339,-1.0,91.55137312816673,91.13964853394569,elbow,0,1,0
56.76157877600008,1787214032.4961195,380.72387313842773,-2.851257186774658,-1.0,91.47500631339143,91.02869659538234,elbow,0,1,0
56.77617328499991,1787214032.510728,380.7381510734558,-5.760249211408752,-2.0,91.39108278285048,90.90060943575237,elbow,-1,2,0
56.79055453899991,1787214032.5250897,380.752863407135,-8.247119695653582,-3.0,91.30438121374802,90.79767220708167,elbow,-2,3,0
56.80467935300021,1787214032.539204,380.76709055900574,-10.163386334030939,-4.0,91.21925315882945,90.72174022343776,elbow,-3,4,0
56.81885723999994,1787214032.5533931,380.7811779975891,-11.438727538589513,-5.0,91.13916967624814,90.67113867831777,elbow,-3,5,0
56.83521825900016,1787214032.5697591,380.79751682281494,-11.998751687474957,-6.0,91.06751377367137,90.64873598692162,elbow,-4,6,0
56.850208059000124,1787214032.5847476,380.8124911785126,-11.615721205140376,-7.0,91.00602686743781,90.6466796318212,elbow,-5,7,0
56.864478037000026,1787214032.5990171,380.82674765586853,-10.478096914493655,-8.0,90.95157017453214,90.63330953571996,elbow,-6,8,0
56.87872079299996,1787214032.6132553,380.8410551548004,-8.664427728907377,-8.0,90.89769485044977,90.58283189892295,elbow,-6,8,0
56.89286558799995,1787214032.6273909,380.85526156425476,-6.307956914110052,-7.0,90.84143664919026,90.51264747533627,elbow,-5,7,0
56.90694568000026,1787214032.641468,380.86937189102173,-3.5616782371868734,-7.0,90.78345140873496,90.44456891910326,elbow,-5,7,0
56.92102001300009,1787214032.6555426,380.8834397792816,-0.5906657860008017,-6.0,90.7275658858456,90.4009547520052,elbow,-4,6,0
56.93520812199995,1787214032.6697412,380.89752554893494,2.4423538717427897,-5.0,90.67694549645675,90.38110532320708,elbow,-4,5,0
56.94963428200026,1787214032.6841764,380.9118022918701,5.364902078551984,-4.0,90.63395101841819,90.38267887323573,elbow,-3,4,0
56.963823762000175,1787214032.698349,380.9262137413025,7.893149636831777,-4.0,90.59909693345286,90.39539959609347,elbow,-2,4,0
56.978101165000226,1787214032.7126408,380.9403507709503,9.924560677846413,-3.0,90.56743831534898,90.38241620908367,elbow,-2,3,0
56.99226488600016,1787214032.726795,380.9546489715576,11.301198373251285,-3.0,90.53867307973174,90.37056073624103,elbow,-2,3,0
57.006368644000304,1787214032.7408936,380.9687750339508,11.951482955672972,-2.0,90.51069287357228,90.34716846892599,elbow,-1,2,0
57.02045868000005,1787214032.7549822,380.9828689098358,11.841215159987204,-2.0,90.48548588381799,90.33816895666581,elbow,-1,2,0
57.03455375400017,1787214032.7690804,380.99695324897766,10.977424360035105,-2.0,90.46061870126807,90.31528770554446,elbow,-1,2,0
57.04869432600026,1787214032.7832189,381.01111459732056,9.408397561352222,-1.0,90.44076961429367,90.32476581818999,elbow,-1,1,0
57.062787585000024,1787214032.7973156,381.0251908302307,7.243944089591045,-1.0,90.42555416888493,90.33663071214863,elbow,0,1,0
57.07690184300009,1787214032.8114305,381.0392973423004,4.613252102502646,-1.0,90.41312035115884,90.34045352985123,elbow,0,1,0
57.091036434000216,1787214032.8255672,381.053414106369,1.682655311971573,-1.0,90.40427019756856,90.3525473443262,elbow,0,1,0
57.10513730399998,1787214032.8396626,381.06755471229553,-1.3493423273303387,-1.0,90.39676872734833,90.35292796918002,elbow,0,1,0
57.11950852100017,1787214032.854046,381.0817573070526,-4.3502546476893755,-1.0,90.39154690686745,90.36102908007088,elbow,-1,1,0
57.133733037000184,1787214032.8682666,381.09607696533203,-7.037555858933242,-2.0,90.38925976977022,90.37589308011697,elbow,-1,2,0
57.148090847000276,1787214032.882629,381.1103608608246,-9.285892998666451,-3.0,90.38689315775807,90.373061993752,elbow,-2,3,0
57.16239165800016,1787214032.8969288,381.1246783733368,-10.913932767726513,-4.0,90.38405158420085,90.36744460777065,elbow,-3,4,0
57.176756690000275,1787214032.9112968,381.1389584541321,-11.82640089498903,-6.0,90.38199455602688,90.36997268936979,elbow,-4,6,0
57.1911870910003,1787214032.9257271,381.1533348560333,-11.952117848411405,-7.0,90.37908861674326,90.36210546842108,elbow,-5,7,0
57.20546529100011,1787214032.9399989,381.16778016090393,-11.287408397971607,-7.0,90.37642153986864,90.36083437244099,elbow,-5,7,0
57.21983817499995,1787214032.9543812,381.1820240020752,-9.869287703259051,-8.0,90.37388424665937,90.35905557244965,elbow,-6,8,0
57.23413665199996,1787214032.968677,381.1964211463928,-7.805698552874203,-8.0,90.3720158753452,90.3610965738552,elbow,-6,8,0
57.248471851999966,1787214032.9830108,381.2107455730438,-5.2196631387563635,-7.0,90.37049294272653,90.36159248472545,elbow,-5,7,0
57.262704830000075,1787214032.9972408,381.2250289916992,-2.308528031861443,-6.0,90.36959747667008,90.36436411445227,elbow,-5,6,0
57.27722319800023,1787214033.0118027,381.2392702102661,0.8158954246854546,-6.0,90.36688652218875,90.35104292135692,elbow,-4,6,0
57.29184806600006,1787214033.0264318,381.2538740634918,3.9073064445902563,-5.0,90.3607242674246,90.32471027110724,elbow,-3,5,0
57.30645662000006,1787214033.0410383,381.2685070037842,6.726485152523015,-4.0,90.35231611827251,90.30317646660455,elbow,-3,4,0
57.321022842000275,1787214033.0556014,381.28310561180115,9.076253609375442,-3.0,90.34509428756274,90.30288782344515,elbow,-2,3,0
57.335649711000315,1787214033.0702367,381.29765820503235,10.80937240498833,-3.0,90.33686905309479,90.28879840766123,elbow,-2,3,0
57.350494317000084,1787214033.0850892,381.3123941421509,11.803115473396607,-2.0,90.33112035436707,90.29752329894929,elbow,-1,2,0
57.365231684000264,1787214033.0998113,381.32720923423767,11.95711040456957,-2.0,90.32530813592827,90.2913398529763,elbow,-1,2,0
57.38011116000007,1787214033.1147215,381.34190917015076,11.25936378252458,-2.0,90.32137754274288,90.29840602112917,elbow,-1,2,0
57.39504785700001,1787214033.1296434,381.3569974899292,9.746476788331815,-1.0,90.31912223072688,90.30594153603835,elbow,-1,1,0
57.409791150000274,1787214033.1443834,381.3717300891876,7.560903166429662,-1.0,90.320947788969,90.33161687850277,elbow,0,1,0
57.42452844300033,1787214033.1591232,381.38646936416626,4.8428720082852905,-1.0,90.32515223685778,90.34972424443922,elbow,0,1,0
57.43954362000022,1787214033.1741483,381.40127444267273,1.723204748064553,-1.0,90.33178602787996,90.37055581825493,elbow,0,1,0
57.454278006000095,1787214033.1888697,381.4162564277649,-1.4629186746831642,-1.0,90.3388935357866,90.38043186442962,elbow,0,1,0
57.46900611399997,1787214033.2035952,381.43094539642334,-4.545371834843101,-2.0,90.34498732991528,90.3806012225096,elbow,-1,2,0
57.48375897999995,1787214033.2183511,381.44568490982056,-7.3123592578928776,-2.0,90.34934260523737,90.3747960918935,elbow,-1,2,0
57.4986124750003,1787214033.2332006,381.46059346199036,-9.575660264732022,-4.0,90.35127794704006,90.3625886434041,elbow,-2,4,0
57.51328260199989,1787214033.2478707,381.47528100013733,-11.137465221093368,-5.0,90.35384139832624,90.3688229478911,elbow,-3,5,0
57.52810009800032,1787214033.2627056,381.48994398117065,-11.92304285615701,-6.0,90.35839217331008,90.384988216444,elbow,-4,6,0
57.543150701000286,1787214033.2777717,381.5049159526825,-11.848405332876599,-7.0,90.36467339766216,90.40138268660624,elbow,-5,7,0
57.558046473000104,1787214033.2926383,381.51993012428284,-10.913492406545634,-7.0,90.3723957147499,90.41752716578588,elbow,-5,7,0
57.57277069200018,1787214033.3073542,381.5347945690155,-9.212978222850394,-8.0,90.38434288946935,90.45416562851814,elbow,-6,8,0
57.58747550399994,1787214033.3220673,381.5494303703308,-6.864044339903371,-8.0,90.39913890004091,90.48561105846844,elbow,-6,8,0
57.60211207600014,1787214033.3366883,381.56417870521545,-4.04418072498746,-7.0,90.4148257672086,90.50650434883676,elbow,-5,7,0
57.61687962799988,1787214033.3514757,381.57878398895264,-0.912362141810799,-6.0,90.43056631990574,90.52255865527079,elbow,-4,6,0
57.63267412699997,1787214033.367269,381.5945973396301,2.5041324783959955,-5.0,90.44570053610055,90.53414926585398,elbow,-4,5,0
57.64782019099994,1787214033.38241,381.609792470932,5.593069289410651,-4.0,90.45861907680508,90.53411875917229,elbow,-3,4,0
57.662728055000116,1787214033.3973234,381.624653339386,8.225705184184015,-4.0,90.46424432802108,90.49711992053246,elbow,-2,4,0
57.677383294000265,1787214033.4119625,381.6394348144531,10.232396307360236,-3.0,90.45942814796102,90.43128100092066,elbow,-2,3,0
57.69206110599998,1787214033.4266503,381.654039144516,11.521609135567477,-3.0,90.44411259467985,90.35460407862894,elbow,-2,3,0
57.7067129750003,1787214033.441297,381.6687378883362,11.998189669497318,-2.0,90.4249333863108,90.31284455421773,elbow,-1,2,0
57.72130388100004,1787214033.4558823,381.68336820602417,11.634239742223443,-2.0,90.40819377274636,90.31036263717381,elbow,-1,2,0
57.73606758100004,1787214033.470658,381.6980035305023,10.439739767387696,-2.0,90.39625746839496,90.32649825891609,elbow,-1,2,0
57.75098607500013,1787214033.4855776,381.7129080295563,8.474891321286947,-1.0,90.38906111537217,90.34700355021451,elbow,-1,1,0
57.76582231100019,1787214033.500418,381.7277181148529,5.906424712513951,-1.0,90.38434268000528,90.35676678117751,elbow,0,1,0
57.78090991299996,1787214033.515526,381.74258828163147,2.857388558773045,-1.0,90.38167008340781,90.3660506571259,elbow,0,1,0
57.79586396200011,1787214033.5304554,381.7578217983246,-0.3768360221597842,-1.0,90.38175214550019,90.38223174006511,elbow,0,1,0
57.8105509410002,1787214033.545138,381.7725422382355,-3.5285028725631795,-1.0,90.38323293075578,90.39188706739613,elbow,-1,1,0
57.82522297500009,1787214033.5598097,381.78722047805786,-6.427943058661015,-2.0,90.38499473873951,90.39529125335409,elbow,-1,2,0
57.84005274800029,1787214033.574659,381.8019037246704,-8.89608238052506,-3.0,90.38579388429123,90.390464321665,elbow,-2,3,0
57.85489207699993,1787214033.5894861,381.81678771972656,-10.721998489157048,-4.0,90.3865487763348,90.39096058342776,elbow,-3,4,0
57.86966288800022,1787214033.6042552,381.8315739631653,-11.768173187648557,-6.0,90.38764930889124,90.3940811389521,elbow,-4,6,0
57.88425173800033,1787214033.6188295,381.84633684158325,-11.971689313168726,-7.0,90.38798677466943,90.38995902212721,elbow,-5,7,0
57.898999772000025,1787214033.6335769,381.8610723018646,-11.323996843828262,-7.0,90.3886890823371,90.39279357115244,elbow,-5,7,0
57.91399209800011,1787214033.648594,381.87588453292847,-9.833559370272734,-8.0,90.38906038434276,90.39123038048483,elbow,-6,8,0
57.928735854000024,1787214033.6633186,381.8907473087311,-7.655718743452793,-8.0,90.3910268908841,90.40251972298027,elbow,-6,8,0
57.94348486900026,1787214033.6780803,381.9054021835327,-4.9270655628507845,-7.0,90.393475675257,90.4077870782682,elbow,-5,7,0
57.958294141999886,1787214033.692889,381.9201991558075,-1.8308273478908588,-6.0,90.39586199145943,90.4098083124435,elbow,-5,6,0
57.972988028000145,1787214033.7075717,381.9350051879883,1.3737187262271284,-5.0,90.39938442733973,90.41997055979877,elbow,-4,5,0
57.987704469000164,1787214033.7223046,381.94965744018555,4.485573066230875,-5.0,90.40385653371902,90.4299928148108,elbow,-3,5,0
58.00393662800025,1787214033.7385378,381.96584129333496,7.537952209160032,-4.0,90.4083581126847,90.4346666400821,elbow,-3,4,0
58.01899878700033,1787214033.7535927,381.9809601306915,9.788889112253068,-3.0,90.41403636528014,90.44722171315824,elbow,-2,3,0
58.034004501000254,1787214033.7686086,381.99587178230286,11.301282457176214,-3.0,90.41798741810746,90.44107851177672,elbow,-2,3,0
58.04883147800001,1787214033.783416,382.01082706451416,11.96867852180023,-2.0,90.42051620476556,90.43529516423376,elbow,-1,2,0
58.06361764100029,1787214033.7982142,382.0254933834076,11.766210226562695,-2.0,90.42041598939959,90.41983030186164,elbow,-1,2,0
58.07830593400013,1787214033.8128908,382.04033517837524,10.720578142743404,-2.0,90.41752931013636,90.40065872293508,elbow,-1,2,0
58.09294141400005,1787214033.8275266,382.0549626350403,8.915282553288417,-1.0,90.41554278890163,90.40393298515767,elbow,-1,1,0
58.10753065400013,1787214033.8421104,382.06960129737854,6.4843578451312105,-1.0,90.41476021365679,90.4101866179415,elbow,0,1,0
58.122094838000066,1787214033.8566759,382.0841705799103,3.5998361693841123,-1.0,90.41498831868427,90.4163214303348,elbow,0,1,0
58.136881037999956,1787214033.871473,382.0987672805786,0.412291046717277,-1.0,90.41547838609624,90.41834248156866,elbow,0,1,0
58.151822494000044,1787214033.886418,382.1136770248413,-2.83908813043062,-1.0,90.41598911523008,90.4189739637716,elbow,0,1,0
58.16652332500007,1787214033.9011033,382.1285443305969,-5.83445625039122,-2.0,90.41697474088356,90.42273502182184,elbow,-1,2,0
58.18140337500017,1787214033.9160118,382.14318799972534,-8.439113611701035,-3.0,90.41748905536622,90.42049485772155,elbow,-2,3,0
58.1962072780002,1787214033.9308047,382.158162355423,-10.414306620480108,-4.0,90.4189662691614,90.42759953315579,elbow,-3,4,0
58.21095420000029,1787214033.9455462,382.17294239997864,-11.626971822338067,-5.0,90.4209667616334,90.43265821732234,elbow,-4,5,0
58.2256199200001,1787214033.9602084,382.1876268386841,-11.997943317145658,-6.0,90.4225382401572,90.43172241444648,elbow,-5,6,0
58.24030841700005,1787214033.9749417,382.2022817134857,-11.507455493404342,-7.0,90.42135624759841,90.4144483417606,elbow,-5,7,0
58.25507067300032,1787214033.989665,382.2170352935791,-10.180360136924303,-8.0,90.4180755455471,90.39890217539018,elbow,-6,8,0
58.26975917100026,1787214034.0043519,382.231751203537,-8.1247645931718,-8.0,90.41077005645263,90.36807466857688,elbow,-6,8,0
58.28449154500004,1787214034.0190814,382.24643301963806,-5.474982953856064,-7.0,90.39713724532477,90.31746316034359,elbow,-5,7,0
58.2993007150003,1787214034.0338922,382.26126742362976,-2.4111990912344434,-6.0,90.37967765790326,90.27763878720297,elbow,-5,6,0
58.314011201000085,1787214034.0486033,382.2759749889374,0.8083169450139664,-5.0,90.36111538917758,90.25263213051426,elbow,-4,5,0
58.32904477400007,1787214034.0636642,382.2907905578613,4.037166277808414,-5.0,90.34875249461231,90.27650016873704,elbow,-3,5,0
58.34397455399994,1787214034.0785823,382.30587697029114,6.943104427006481,-4.0,90.34434990751025,90.31861991714973,elbow,-3,4,0
58.359052664000046,1787214034.093667,382.32080078125,9.352506764479635,-3.0,90.34981963260165,90.38178628552957,elbow,-2,3,0
58.37389072199994,1787214034.1084876,382.33581924438477,11.030184447160108,-3.0,90.3654181326395,90.45658027124307,elbow,-2,3,0
58.388824816000124,1787214034.123435,382.3505997657776,11.897748122576132,-2.0,90.38582577416261,90.50509392434286,elbow,-1,2,0
58.40381803800028,1787214034.138435,382.36561608314514,11.87463235116041,-2.0,90.40490479339665,90.51640809125303,elbow,-1,2,0
58.41904936800029,1787214034.153663,382.3808660507202,10.93527532601804,-2.0,90.41765969249171,90.49220300603831,elbow,-1,2,0
58.436502832000315,1787214034.1711192,382.39830136299133,8.820336821891042,-1.0,90.42635867628316,90.47719804956786,elbow,-1,1,0
58.4527988320001,1787214034.1874218,382.41448044776917,6.027354424093172,-1.0,90.43413210841442,90.47956229052521,elbow,0,1,0
58.467920163000144,1787214034.202526,382.4296646118164,2.9487616957246505,-1.0,90.44303650952453,90.49507640093792,elbow,0,1,0
58.48279460999993,1787214034.2173834,382.444703578949,-0.30256925613990276,-1.0,90.45219078239008,90.50569099649775,elbow,0,1,0
58.4977316290001,1787214034.2323248,382.4596574306488,-3.5453770443286055,-1.0,90.46126325949405,90.51428543555093,elbow,-1,1,0
58.51247931800026,1787214034.2470658,382.47446846961975,-6.487872236192942,-2.0,90.46981955498094,90.51982501660974,elbow,-1,2,0
58.52711776800015,1787214034.2616978,382.4891879558563,-8.940239530271585,-3.0,90.4777778380476,90.5242883424043,elbow,-2,3,0
58.541798422000284,1787214034.2763858,382.5038139820099,-10.752408236738583,-4.0,90.48633059756011,90.53631539393349,elbow,-3,4,0
58.55647577800028,1787214034.291055,382.5185194015503,-11.784397549160175,-6.0,90.49558257327644,90.54965379105771,elbow,-4,6,0
58.5712514490001,1787214034.3058467,382.53317427635193,-11.959458444689755,-7.0,90.50316356487589,90.5474690689477,elbow,-5,7,0
58.5863035780003,1787214034.320914,382.5480136871338,-11.233072436353453,-7.0,90.51016884632693,90.55110973404356,elbow,-5,7,0
58.60133829899996,1787214034.3359501,382.56318402290344,-9.650668497283387,-8.0,90.51801866107803,90.56389524527626,elbow,-6,8,0
58.61611313599997,1787214034.350706,382.57810616493225,-7.377382112791471,-8.0,90.52714990600762,90.58051553820778,elbow,-6,8,0
58.63097015700032,1787214034.3655608,382.5929079055786,-4.543069827977526,-7.0,90.53831770734772,90.60358556330776,elbow,-5,7,0
58.646038637999936,1787214034.3806427,382.607901096344,-1.3229177493742357,-6.0,90.55031463807536,90.62042816560415,elbow,-4,6,0
58.66086554799995,1787214034.3954575,382.62281036376953,1.946755882646383,-5.0,90.5591540056518,90.61081382231468,elbow,-4,5,0
58.675590774000284,1787214034.4101846,382.6375951766968,5.052117477049792,-4.0,90.56536130024357,90.60163852231967,elbow,-3,4,0
58.690392685000006,1787214034.4249918,382.6523208618164,7.800575890868728,-4.0,90.57027449307512,90.59898861076647,elbow,-2,4,0
58.70580184600021,1787214034.4405138,382.66714787483215,10.045533033239542,-3.0,90.57392004019749,90.59522567030612,elbow,-2,3,0
58.721069509000245,1787214034.4556878,382.6827509403229,11.474758976232934,-3.0,90.57935767355347,90.6111367731124,elbow,-2,3,0
58.73651196500032,1787214034.4711185,382.6983423233032,11.999158900582026,-2.0,90.5856567743105,90.62247053812725,elbow,-1,2,0
58.751583797999956,1787214034.486197,382.71334171295166,11.576354992656338,-2.0,90.5918261221525,90.62788157246517,elbow,-1,2,0
58.76654392799992,1787214034.5011544,382.7283968925476,10.274800065207554,-2.0,90.59751956935777,90.63079371892343,elbow,-1,2,0
58.781329654000274,1787214034.5159283,382.7433068752289,8.221143871422129,-1.0,90.60140880157873,90.62413859777247,elbow,-1,1,0
58.79624452600001,1787214034.5308464,382.7580990791321,5.531576317390958,-1.0,90.60370170681678,90.61710210715069,elbow,0,1,0
58.811162916000285,1787214034.545762,382.77307200431824,2.422791876476241,-1.0,90.60386265232731,90.6048032643671,elbow,0,1,0
58.82922361100009,1787214034.5638237,382.7911305427551,-1.5635610326953533,-1.0,90.60173351236676,90.58929020360515,elbow,0,1,0
58.84434248000025,1787214034.578965,382.8062243461609,-4.786739249357027,-2.0,90.59772831188091,90.57432076365899,elbow,-1,2,0
58.85917651999989,1787214034.5937612,382.82116746902466,-7.58978785146223,-3.0,90.5930281211062,90.56555884894361,elbow,-2,3,0
58.8738661729999,1787214034.6084526,382.8358597755432,-9.806778157485773,-4.0,90.58759427133546,90.55583728414128,elbow,-3,4,0
58.888614769000014,1787214034.6232002,382.8505835533142,-11.308197378002305,-5.0,90.58047181262025,90.53884610713449,elbow,-3,5,0
58.903313644000264,1787214034.6378913,382.86537766456604,-11.971384893414282,-6.0,90.57410284961334,90.53688079063414,elbow,-4,6,0
58.91793215000007,1787214034.652507,382.8800058364868,-11.756865872238153,-7.0,90.56817065898413,90.53350122390702,elbow,-5,7,0
58.932628210000075,1787214034.6672184,382.89459800720215,-10.677757640811059,-8.0,90.56414485977938,90.54061692669582,elbow,-6,8,0
58.9476281000002,1787214034.6822271,382.9094822406769,-8.765741289785737,-8.0,90.56279757606703,90.55492366099662,elbow,-6,8,0
58.96236191900016,1787214034.6969423,382.9244222640991,-6.230989943362502,-8.0,90.56474978081764,90.57615902911884,elbow,-6,8,0
58.97717481000018,1787214034.711768,382.9390823841095,-3.2168524010039268,-7.0,90.56718462080413,90.58141452879448,elbow,-5,7,0
58.9920077390002,1787214034.7266054,382.9539330005646,0.043558962959452066,-6.0,90.5690697671293,90.58008710662776,elbow,-4,6,0
59.00676720599995,1787214034.741358,382.9687442779541,3.2635090699074816,-5.0,90.57260318433299,90.59325349481703,elbow,-3,5,0
59.02149869100003,1787214034.7560916,382.9834976196289,6.143664182203959,-4.0,90.57717300741939,90.6038803731651,elbow,-3,4,0
59.036275897999985,1787214034.7708685,382.9982690811157,8.493337462444945,-3.0,90.5841470266549,90.62490520895638,elbow,-2,3,0
59.05117786300025,1787214034.7857742,383.0131046772003,10.154280984728441,-3.0,90.59414307123714,90.6525628423358,elbow,-2,3,0
59.065876663999916,1787214034.8004718,383.02786469459534,10.993646178836613,-2.0,90.60357140213516,90.65867329052442,elbow,-1,2,0
59.08070520399997,1787214034.8153012,383.04258275032043,10.997318948967518,-2.0,90.61311454260823,90.66888741130768,elbow,-1,2,0
59.09552537300033,1787214034.830128,383.0574827194214,10.180569403245562,-2.0,90.6198607886308,90.65928779850171,elbow,-1,2,0
59.110446837999916,1787214034.8450522,383.07228207588196,8.617645792540376,-1.0,90.62754194628961,90.67243284973735,elbow,-1,1,0
59.125497485000324,1787214034.8601084,383.08728075027466,6.43321828492007,-1.0,90.63394953283769,90.67139731894483,elbow,0,1,0
59.14070870400019,1787214034.875322,383.1023361682892,3.7977017812589446,-1.0,90.63940227219513,90.67126965558873,elbow,0,1,0
59.155691037999986,1787214034.8902974,383.11755299568176,0.9978002633221381,-1.0,90.639998680865,90.64348426535682,elbow,0,1,0
59.17046198600019,1787214034.9050567,383.132447719574,-1.7432351910703001,-1.0,90.63371573281157,90.59699637005893,elbow,0,1,0
59.1853442659999,1787214034.9199395,383.1472487449646,-4.277127327400912,-2.0,90.62191390637892,90.55294062469045,elbow,-1,2,0
59.20026822999989,1787214034.934862,383.1621732711792,-6.403300529707957,-2.0,90.60812335933878,90.52752742013685,elbow,-1,2,0
59.21864729200024,1787214034.9532447,383.180566072464,-8.236127643020271,-3.0,90.59776962106014,90.53725938470848,elbow,-2,3,0
59.233737920000294,1787214034.9683344,383.1955964565277,-8.978751405380264,-4.0,90.59173156617166,90.55644342979289,elbow,-3,4,0
59.24863158800008,1787214034.9832187,383.2105920314789,-9.00023405011445,-5.0,90.58746140982555,90.5625053830449,elbow,-3,5,0
59.26334970400012,1787214034.9979346,383.2253541946411,-8.351203702673061,-5.0,90.58507864196078,90.57115305848666,elbow,-4,5,0
59.278023287999986,1787214035.0126011,383.24008655548096,-7.114204745867602,-6.0,90.5837418632496,90.57592934243961,elbow,-4,6,0
59.29271694799991,1787214035.027294,383.2547116279602,-5.400194179659677,-6.0,90.58267273086689,90.57642441248876,elbow,-4,6,0
59.30730907299994,1787214035.041885,383.2693917751312,-3.371866970316886,-5.0,90.58516562616374,90.59973482615248,elbow,-4,5,0
59.321964734000176,1787214035.0565486,383.2839984893799,-1.1715106980608863,-5.0,90.58835097481337,90.60696707215563,elbow,-3,5,0
59.33702412899993,1787214035.0716197,383.29878330230713,1.0810937695430125,-4.0,90.59406344736023,90.62744878651604,elbow,-3,4,0
59.35189604600009,1787214035.0864792,383.3139169216156,3.1263041869041355,-3.0,90.60014814812175,90.63570889645246,elbow,-2,3,0
59.36670000100003,1787214035.1012955,383.3286075592041,4.8365289793635045,-3.0,90.60754162550599,90.65075124235564,elbow,-2,3,0
59.381401439,1787214035.1159825,383.34345412254333,6.098698619438234,-2.0,90.61365956813785,90.64941459155811,elbow,-1,2,0
59.396211079000295,1787214035.1307933,383.35827827453613,6.853996151280058,-2.0,90.62178071426827,90.66924303739964,elbow,-1,2,0
59.4108553330002,1787214035.1454346,383.3729393482208,7.05831971002312,-2.0,90.62876685888978,90.6695959054484,elbow,-1,2,0
59.42547275300012,1787214035.1600528,383.3875379562378,6.73395549342471,-1.0,90.6340880582212,90.66518668371792,elbow,-1,1,0
59.44015843200032,1787214035.1747475,383.40216302871704,5.926332365831047,-1.0,90.63900877679806,90.66776687711834,elbow,0,1,0
59.454901313999926,1787214035.1894834,383.41692423820496,4.714961401566424,-1.0,90.64525455146959,90.68175666224379,elbow,0,1,0
59.469494105000194,1787214035.2040706,383.431578874588,3.2308211099781903,-1.0,90.65243536109982,90.69440208618292,elbow,0,1,0
59.48434198599989,1787214035.218989,383.44620418548584,1.5594965595987629,-1.0,90.66022319673796,90.70573755710232,elbow,0,1,0
59.4993109940001,1787214035.2339056,383.4612138271332,-0.15066043894055428,-1.0,90.66708114874127,90.70716100062101,elbow,0,1,0
59.51422265100018,1787214035.2488313,383.47604751586914,-1.7445161531008078,-1.0,90.67372438523678,90.71254937768545,elbow,0,1,0
59.52903958700017,1787214035.263631,383.49100279808044,-3.1021933825008006,-1.0,90.67790526018604,90.70233950070167,elbow,0,1,0
59.543944095999905,1787214035.2785482,383.5057911872864,-4.1470950952448895,-2.0,90.67986871978023,90.69134374463738,elbow,-1,2,0
59.55873094000026,1787214035.29332,383.52070903778076,-4.803918182198719,-2.0,90.68079455138806,90.68620537865681,elbow,-1,2,0
59.57346276699991,1787214035.3080513,383.53545928001404,-5.054344155330447,-3.0,90.68160441603962,90.68633749892814,elbow,-2,3,0
59.588259518000086,1787214035.3228369,383.550288438797,-4.9061782339626046,-3.0,90.68085307317958,90.67646200854007,elbow,-2,3,0
59.60285573500005,1787214035.3374293,383.5649437904358,-4.40434839419254,-3.0,90.67888620347922,90.667391248977,elbow,-2,3,0
59.61760922800022,1787214035.3522022,383.5795319080353,-3.6015860694701183,-3.0,90.67613149172745,90.66003216077134,elbow,-2,3,0
59.63264747600033,1787214035.3672862,383.5944583415985,-2.5640471887508385,-3.0,90.67408224832843,90.66210587814415,elbow,-2,3,0
59.65033214899995,1787214035.38493,383.61226534843445,-1.1971768345872686,-3.0,90.66994182495536,90.64574399513216,elbow,-2,3,0
59.66541360000019,1787214035.4000077,383.6273386478424,-0.026583962142404088,-2.0,90.66588678039845,90.64218792903176,elbow,-1,2,0
59.680588197999896,1787214035.4152336,383.64234256744385,1.0515404900810335,-2.0,90.6614195013544,90.63531143260383,elbow,-1,2,0
59.695395319,1787214035.4299734,383.65745520591736,1.9280105294832386,-2.0,90.65954503248128,90.64859009509591,elbow,-1,2,0
59.71003596199989,1787214035.4446142,383.6720931529999,2.5682904663791017,-1.0,90.65954107969961,90.65951797850212,elbow,-1,1,0
59.72465256800024,1787214035.459221,383.6867365837097,2.9514452182931357,-1.0,90.65951070732619,90.65933320240529,elbow,0,1,0
59.73924611800021,1787214035.4738233,383.7013156414032,3.0713208473285554,-1.0,90.65797414287783,90.64899401652752,elbow,0,1,0
59.753974222000124,1787214035.4885552,383.71595644950867,2.9418741292152983,-1.0,90.65533810068827,90.63993230892197,elbow,0,1,0
59.76861477200009,1787214035.503188,383.73069047927856,2.599599709568184,-1.0,90.65061603212799,90.6230188998689,elbow,0,1,0
59.783341931999985,1787214035.5179267,383.74530720710754,2.0921648920058065,-1.0,90.64724151895545,90.62751988951624,elbow,0,1,0
59.79839303200015,1787214035.533003,383.76016306877136,1.46880756277146,-1.0,90.64589155926339,90.63800200499483,elbow,0,1,0
59.81325348600012,1787214035.5478418,383.7752194404602,0.8170482840637887,0.0,90.64556998918495,90.64369064078664,elbow,0,0,0
59.82799360800027,1787214035.5625782,383.7899806499481,0.1981737664924568,0.0,90.64761615242368,90.65957452126189,elbow,0,0,0
59.84272299000031,1787214035.5773044,383.804719209671,-0.33927355281789684,0.0,90.65136229160922,90.67325581078299,elbow,0,0,0
59.857439484000224,1787214035.5920246,383.819438457489,-0.755602550839124,0.0,90.6537920554885,90.66799229724242,elbow,0,0,0
59.87217003200021,1787214035.6067626,383.83415031433105,-1.0281251880030442,0.0,90.65732109203918,90.67794580072213,elbow,0,0,0
59.88695082100003,1787214035.621542,383.8489203453064,-1.150680403533254,0.0,90.66276501929467,90.69458090221985,elbow,0,0,0
59.901742239000214,1787214035.6363344,383.86372900009155,-1.1332218044618194,0.0,90.66761579828813,90.69596515148639,elbow,0,0,0
59.91652171300029,1787214035.6511092,383.87846636772156,-1.0017380401349936,-1.0,90.66741614824464,90.66624933573753,elbow,0,1,0
59.93187145599995,1787214035.6664782,383.8936104774475,-0.7840315401586859,-1.0,90.65851952525536,90.60652509142619,elbow,0,1,0
59.94720608900025,1787214035.6818192,383.9087417125702,-0.531279288556246,-1.0,90.64323144117706,90.55388346308006,elbow,0,1,0
59.96205080200025,1787214035.6966434,383.92401695251465,-0.2985986030812159,-1.0,90.62653798970184,90.52897663870895,elbow,0,1,0
59.97687668300023,1787214035.7114615,383.9387912750244,-0.11712988944661383,0.0,90.61421984916873,90.54222907878098,elbow,0,0,0
59.99198887400007,1787214035.7265768,383.9538502693176,-0.014460719333186003,0.0,90.60666616775804,90.56252027231567,elbow,0,0,0
60.0066877940003,1787214035.741257,383.9687581062317,0.0,0.0,90.60325249020255,90.5833019727999,elbow,0,0,0
